date,full_text,year,month,day,hour
2026-06-09 16:39:00,"Έντονη κριτική στην κυβέρνησημε αφορμή τις δηλώσεις του υπουργού Δικαιοσύνης Γιώργου Φλωρίδη(«Παραπολιτικά») για την υπόθεση των παρακολουθήσεων ασκεί σε δήλωσή του ο εκπρόσωπος Τύπου του ΠΑΣΟΚ Κώστας Τσουκαλάς.
Ο υπουργός ανέφερε ότι«η δικαιοσύνη κατέληξε σε ποινικές ευθύνες ιδιωτών. Εκείνο το πόρισμα έκρινε ότι δεν υπάρχει εμπλοκή κρατικών υπηρεσιών. Όποιος νομίζει ότι έχει κάτι άλλο, η Δικαιοσύνη είναι εκεί και περιμένει», τονίζει ο κ. Τσουκαλάς, διερωτώμενοςαν ο υπουργός γνωρίζει ότι η υπόθεσηαρχειοθετήθηκε παρά την ύπαρξη νέων στοιχείων που προέκυψαν από το Μονομελές Πλημμελειοδικείο.
Διαβάστε επίσης: Σκάνδαλο υποκλοπών: Τα «κρυφά χαρτιά» του Ντίλιαν
Παράλληλα, θέτει το ερώτημα γιατί δεν κλήθηκε από τις δικαστικές αρχές ο κ. Ντίλιαν, ο οποίος, όπως αναφέρει, από την επομένη της καταδίκης του δηλώνει δημόσια ότι το κατασκοπευτικό λογισμικό πωλήθηκε και χρησιμοποιήθηκε από κρατικές αρχές. Αντιθέτως, σημειώνει, ο κ. Τζαβέλλας ως επισπεύδων κράτησε την υπόθεση στο αρχείο.
Όσο η κυβέρνηση αποφεύγει ρητά και κατηγορηματικά να διαψεύσει τον Ισραηλινό απόστρατο με ένα απλό «όχι» – γιατί διστάζει να το αρθρώσει δημόσια; –, τόσο περισσότερο εκτίθεται, υπογραμμίζει ο κ. Τσουκαλάς.
Καταλήγοντας, επαναλαμβάνει ότιη υπόθεση των παράνομων παρακολουθήσεων πρέπει να ανασυρθεί από το αρχείοκαι ότι η Δικαιοσύνη οφείλει να καλέσει τους κυρίους Ντίλιαν και Δημητριάδη, προκειμένου να εξηγήσουν τις δηλώσεις τους: ο πρώτος επιμένοντας ότι διαθέτειυπογεγραμμένο συμφωνητικόμε την ΕΥΠ και ο δεύτερος ότι θυσιάστηκε για να προστατεύσει την κυβέρνηση από τις διαστάσεις του σκανδάλου.
Προηγουμένως, ο υπουργός Δικαιοσύνης Γιώργος Φλωρίδης δήλωσε ότι η Δικαιοσύνη «ερεύνησε όλα τα ζητήματα και κατέληξε σε ποινικές ευθύνες ιδιωτών» σχετικά με την υπόθεση των υποκλοπών. Μιλώντας στα Παραπολιτικά, υπογράμμισε πως «όποιος νομίζει ότι έχει κάτι άλλο, η Δικαιοσύνη είναι εκεί και περιμένει».
Ο υπουργός κατηγόρησε την αντιπολίτευση ότι αντιμετωπίζει τη Δικαιοσύνη «α λα καρτ», επιλέγοντας πότε να χειροκροτεί ή να επικρίνει αποφάσεις, με αφορμή την απόφαση του Εισαγγελέα του Αρείου Πάγου να μην ανασυρθεί η υπόθεση των υποκλοπών από το αρχείο.
«Το βασικό ερώτημα το οποίο πρέπει να μας απασχολεί όλους μας είναι αν εμπιστευόμαστε τη Δικαιοσύνη ως θεσμό και βασικό πυλώνα της δημοκρατίας, ως ανεξάρτητης εξουσίας που είναι το καταφύγιο των πολιτών απέναντι στις αυθαιρεσίες της εκτελεστικής, τις υπερβολές της νομοθετικής ή τις παράνομες συμπεριφορές των συμπολιτών μας. Η κριτική σε επιμέρους αποφάσεις είναι θεμιτή, αλλά δεν μπορεί να απαξιώνεται συλλήβδην η Δικαιοσύνη», ανέφερε χαρακτηριστικά ο κ. Φλωρίδης.
Απαντώντας σε ερώτηση για το αν υπήρξε συνεργασία μεταξύ ΕΥΠ και Intellexa, ο υπουργός σημείωσε ότι «από την ώρα που η υπόθεση αυτή εν τω συνόλω της βρίσκεται στα χέρια της Δικαιοσύνης, αρμόδια είναι η Δικαιοσύνη. Γιατί και οποιοσδήποτε άλλος διερευνήσει κάτι, πάλι το πόρισμά του στη Δικαιοσύνη θα το στείλει, η Δικαιοσύνη θα το αξιολογήσει».
Ο κ. Φλωρίδης υπενθύμισε ότι η εκτεταμένη έρευνα από το 2022 «ερεύνησε όλα τα ζητήματα και εντόπισε ποινικές ευθύνες ιδιωτών, τους οποίους παρέπεμψε στο αρμόδιο δικαστήριο» που έκρινε πως δεν υπάρχει εμπλοκή κρατικών υπηρεσιών και αρχειοθέτησε την υπόθεση. «Αν προκύψει κάτι περαιτέρω, ο μόνος ενδεδειγμένος δρόμος είναι η Δικαιοσύνη. Όποιος νομίζει ότι έχει κάτι άλλο, η Δικαιοσύνη είναι εκεί και τον περιμένει», κατέληξε.",2026,6,9,16
2026-06-07 16:38:00,"Έντονους κραδασμούς στο κυβερνητικό στρατόπεδο εξακολουθεί να προκαλεί η υπόθεση των υποκλοπών, μετά τις νέες αποκαλύψεις της εφημερίδας«ΤΟ ΒΗΜΑ»στην κυριακάτικη έκδοση της 7ης Ιουνίου.
Σύμφωνα με το δημοσίευμα, η πλευρά του Ισραηλινού επιχειρηματία και ιδιοκτήτη της IntellexaΤαλ Ντίλιαν, ο οποίος έχει καταδικαστεί πρωτοδίκως για την υπόθεση του κατασκοπευτικού λογισμικούPredator, επικαλείται την ύπαρξη συμφωνητικού συνεργασίας του 2020 με την ΕΥΠ για τη χρήση του επίμαχου λογισμικού. Το έγγραφο αυτό φέρεται να περιλαμβάνει δεσμευτικές αναφορές περί νόμιμης λειτουργίας του Predator και να φέρει τις υπογραφές των δύο πλευρών.
Ωστόσο, όπως αναφέρεται, το συμφωνητικό δεν απέκτησε θεσμικό χαρακτήρα, καθώς στην Ελλάδα δεν υπήρχε –και δεν υπάρχει μέχρι σήμερα– ειδικό νομικό πλαίσιο για την επίσημη απόκτηση και χρήση τέτοιου τύπου λογισμικών. Η πλευρά Ντίλιαν φέρεται επίσης να επικαλείται δεκάδες ηλεκτρονικά μηνύματα μεταξύ της Intellexa και Ελλήνων κρατικών υπαλλήλων, κυρίως στελεχών της ΕΥΠ, σχετικά με τεχνικά ζητήματα και διορθώσεις του συστήματος Predator. Από την αλληλογραφία αυτή φαίνεται να προκύπτουν και τα πρόσωπα που είχαν εμπλοκή στο σύστημα παρακολουθήσεων.
Οι νέες πληροφορίες έχουν προκαλέσει έντονες αντιδράσεις από τα κόμματα της αντιπολίτευσης, τα οποία ζητούν εκ νέου διερεύνηση της υπόθεσης και πρόσβαση των αρμόδιων αρχών στο υλικό που επικαλείται η πλευρά Ντίλιαν.
ΤοΠΑΣΟΚ, σχολιάζοντας το δημοσίευμα, τονίζει ότι αυτό αναφέρεται σε έγγραφο«με τη μορφή συμφωνητικού συνεργασίας από το 2020»μεταξύ του εταιρικού σχήματος του Ταλ Ντίλιαν και της ΕΥΠ για τη χρήση του Predator. Όπως σημειώνει, το έγγραφο φέρεται να επικαλείται ο ίδιος ο επιχειρηματίας, υποστηρίζοντας ότι«κρατικές αρχές κατείχαν και λειτούργησαν το κατασκοπευτικό λογισμικό».
A post shared by ΠΑΣΟΚ – Κίνημα Αλλαγής (@pasok_kinal)
Παράλληλα, το ΠΑΣΟΚ επαναφέρει το αίτημα για κλήση του Ταλ Ντίλιαν και του Γρηγόρη Δημητριάδη στην Επιτροπή Θεσμών και Διαφάνειας, χαρακτηρίζοντας την ενέργεια αυτή «αναγκαία». Ζητά επίσης την ενεργοποίηση των δικαστικών αρχών, οι οποίες, όπως αναφέρει,«οφείλουν να λάβουν γνώση του εν λόγω συμφωνητικού».
ΟΣΥΡΙΖΑ, από την πλευρά του, επισημαίνει ότι«η πλευρά Ντίλιαν δηλώνει ανοιχτά πως το “ντιλάρισμα” για τις παράνομες παρακολουθήσεις έλαβε μορφή συμφωνητικού συνεργασίας ανάμεσα στην εταιρεία του και την Εθνική Υπηρεσία Πληροφοριών το 2020». Στην ανακοίνωσή του υπενθυμίζει ότι η ΕΥΠ είχε υπαχθεί απευθείας στον πρωθυπουργό, ενώ ασκεί κριτική στην Εισαγγελία του Αρείου Πάγου, που, όπως σημειώνει,«μέχρι σήμερα έχει την υπηρεσία στο απυρόβλητο».
Ο ΣΥΡΙΖΑ θέτει, επίσης, θέμα δικαστικής διερεύνησης των νέων στοιχείων, διερωτώμενος«γιατί η Δικαιοσύνη δεν έχει ακόμη αποκτήσει πρόσβαση στο υλικό που επικαλείται η πλευρά Ντίλιαν». Καλεί τον αρμόδιο αντεισαγγελέα του Αρείου Πάγου να παρέμβει και ζητά απαντήσεις από τον Κυριάκο Μητσοτάκη, τον οποίο χαρακτηρίζει«πολιτικό προϊστάμενο και υπεύθυνο για την ΕΥΠ».
Αντίδραση υπήρξε και από τηνΕλληνική Αριστερή Συμπαράταξητου Αλέξη Τσίπρα μέσω της εκπροσώπου Τύπου Θεώνης Κουφονικολάκου, η οποία υποστήριξε ότι«δεν υπάρχει πλέον καμία αμφιβολία ότι ήταν η ΕΥΠ που προμηθεύτηκε το παράνομο κατασκοπευτικό λογισμικό Predator». Όπως ανέφερε,«οι παράνομες υποκλοπές με Predator ήταν η συνέχεια των κατ’ ευφημισμό νόμιμων παρακολουθήσεων μέσω ΕΥΠ», προσθέτοντας ότι«δεν ήταν υπόθεση ιδιωτών».
A post shared by Ελληνική Αριστερή Συμπαράταξη (@myelas.gr)
Η κ. Κουφονικολάκου έκανε λόγο για«ευθεία επίθεση στον πυρήνα του κράτους δικαίου», υποστηρίζοντας ότι το Μέγαρο Μαξίμου χρησιμοποίησε το λογισμικό μέσω της ΕΥΠ για την παρακολούθηση υπουργών, αξιωματικών, δικαστικών, δημοσιογράφων και πολιτικών. Παράλληλα, κατηγόρησε την κυβέρνηση ότι«όχι μόνο δεν έχει αναλάβει την ευθύνη», αλλά προχώρησε, όπως είπε, σε«προκλητική συγκάλυψη των ευθυνών της».",2026,6,7,16
2026-06-04 13:20:00,"Για τηστάση της κυβέρνησης μπροστά στο αίτημα του ΠΑΣΟΚ να κληθεί στη Βουλή οΤαλ Ντίλιαντης Intellexaτοποθετήθηκε ο κυβερνητικός εκπρόσωπος κατά την ενημέρωση των πολιτικών συντακτών.
«Θα απαντήσουν τα όργανα της Βουλής με βάση τα πραγματικά περιστατικά της υπόθεσης», είπε οΠαύλος Μαρινάκηςμε δεδομένη την πρόθεση του Μαξίμου να μην κάνει δεκτά τα σχετικά αιτήματα που κρατούν εμφατικά στο προσκήνιο το σκάνδαλο των υποκλοπών. Το ίδιο συμβαίνει άλλωστε και με άλλες εξελίξεις όπως το αίτημα του δημοσιογράφου Θανάση Κουκάκη, μέσω του δικηγόρου του,Ζαχαρία Κεσσέ, για ανάσυρση της δικογραφίας από το αρχείο.
«Είναι μια σοβαρή υπόθεση που διερευνά η δικαιοσύνη. Υπάρχει δυσανεξία σε κάποιους να κατανοήσουν τη διάκριση των εξουσιών. Η δικαιοσύνη θα απαντήσει με τις αποφάσεις της και το κοινοβούλιο θα απαντήσει με δίκες του αποφάσεις για αιτήματα που έχουν υποβληθεί» σημείωσε ο Παύλος Μαρινάκης, επιβεβαιώνοντας την κεντρική γραμμή να μένει η υπόθεση έξω από την πολιτική – κοινοβουλευτική πρώτη γραμμή.",2026,6,4,13
2026-06-04 12:24:00,"Νέα δεδομένα στηνπολύκροτη υπόθεση των τηλεφωνικών υποκλοπώνσηματοδοτούν οι τελευταίες δηλώσεις του ιδρυτή της ΙντελέξαΤαλ Ντίλιαν, που οδήγησαν τον δημοσιογράφοΘανάση Κουκάκηνα ζητήσει διά του δικηγόρου τουΖαχαρία Κεσσέτην ανάσυρση της δικογραφίας από το αρχείο.
Πριν από λίγη ώρα, ο Ζαχαρίας Κεσσές και ο Θανάσης Κουκάκηςπροσήλθαν στην Εισαγγελία του Αρείου Πάγου και κατέθεσαν αίτηση ανάσυρσης του φακέλου από το αρχείοκαι την εξέταση του καταδικασμένου πρωτοδίκωςΤαλ Ντίλιαν.
Αφορμή αποτέλεσαν οι πρόσφατες δηλώσεις του ιδρυτή της Intellexa στην Εφημερίδα των Συντακτών, ο οποίος ισχυρίστηκε ότι ούτε ο ίδιος, ούτε η εταιρεία του Intellexa λειτούργησαν οι ίδιοι το κατασκοπευτικό λογισμικόPredatorστην Ελλάδα, καθώς και ότι ο μόνος που είχε τη δυνατότητα να το λειτουργήσει ήταν κυβερνήσεις και μυστικές υπηρεσίες, που αποτελούν και τους μοναδικούς πελάτες- αγοραστές της κατασκοπευτικής του τεχνολογίας.
«Πωλούμε σε κρατικές υπηρεσίες σύμφωνα με όλους τους απαιτούμενους κανονισμούς, αλλάποτέ δεν λειτουργούμε τα συστήματα για λογαριασμό τους. Δεν λειτουργήσαμε ποτέ κανένα σύστημα στην Ελλάδα», δήλωσε χαρακτηριστικά ο Ταλ Ντίλιαν.
Σύμφωνα με τα αναφερόμενα στην αίτηση «Δεδομένης της αδιαμφισβήτητης λειτουργίας του κατασκοπευτικού λογισμικού Predator στην Ελλάδα, οι ανωτέρω ισχυρισμοί του Ταλ Ντίλιαν ότι το κατασκοπευτικό λογισμικό Predator χρησιμοποιήθηκε και χρησιμοποιείται αποκλειστικά από κυβερνήσεις και μυστικές υπηρεσίες, οδηγούν στο λογικό συμπέρασμα ότι -κατά τους ισχυρισμούς του- οι εν λόγω παράνομες παρακολουθήσεις πραγματοποιήθηκαν είτε από την ΕΥΠ είτε από ξένη κυβέρνηση ή/και ξένη μυστική υπηρεσία».
Και προστίθεται ότι «ο ισχυρισμός αυτός, ιδωμένος στο πλαίσιο της ήδη διατυπωμένης πεποίθησης της Εισαγγελίας του Αρείου Πάγου ότι η ΕΥΠ δεν εμπλέκεται καθ’ οιονδήποτε τρόπο με τις παράνομες παρακολουθήσεις μέσω Predator, δεν μπορεί να μείνει ανεξέταστος, καθώς τυχόν βασιμότητά του θα σήμαινε κατασκοπευτική δράση τρίτης χώρας στην ελληνική επικράτεια».
Προχωρώντας μάλιστα ένα βήμα παραπέρα προστίθεται πως «τοενδεχόμενο παρακολούθησης ανώτατων πολιτικών και στρατιωτικών αξιωματούχων και ανώτατων στελεχών των μυστικών μας Υπηρεσιών, από ξένες κυβερνήσεις ή ξένες μυστικές υπηρεσίες, θέτει σε ανυπολόγιστο κίνδυνο την εθνική ασφάλεια της χώρας μας. Εξαιτίας αυτού του κινδύνου, η τυχόν μη διερεύνησή της ως άνω δήλωσης, επ’ ουδενί δεν μπορεί να δικαιολογηθεί επί τη βάσει της αμφισβήτησης της αξιοπιστίας του προσώπου που την πραγματοποίησε – ήτοι του Ταλ Ντίλιαν – εκ του γεγονός ότι φέρει την ιδιότητα του κατηγορουμένου».
Υπό αυτό το πρίσμα προβάλλεται «επιβεβλημένη η ουσιαστική διερεύνηση της βασιμότητας των όσων δήλωσε ο  Ταλ Ντίλιαν» προκειμένου να κληθεί ο ίδιος ο πρωταγωνιστής της υπόθεσης να εισφέρει στοιχεία που αποδεικνύουν τους ισχυρισμούς του και αφετέρου καλώντας τον ίδιο και τους λοιπούς συγκατηγορούμενούς του και συμμετέχοντες στην εταιρεία Intellexa (Sara Aleksandra Hamou, Φέλιξ Μπίτζιο και Ιωάννη Λαβράνο) να επιβεβαιώσουν τους ισχυρισμούς του και να εισφέρουν σχετικά αποδεικτικά στοιχεία.
Σε περίπτωση δε που λόγω της ιδιότητας των προαναφερόμενων προσώπων ως κατηγορουμένων θεωρηθούν εξ’ ορισμού ψευδή τα όσα ενδεχομένως εισφέρουν, τότε καθίσταται επιβεβλημένη η κλήτευση συγκεκριμένων προσώπων – στελεχών της εταιρείας Intellexa.
Ειδικότερα, ορισμένα εκ των προσώπων τα οποία σύμφωνα με τα όσα προέκυψαν από τη δικογραφία, διαδραμάτιζαν σημαίνοντα ρόλο στην λειτουργία της εταιρείας Intellexa στην Ελλάδα και δύνανται να εισφέρουν αποδεικτικά των ισχυρισμών του Ταλ Ντίλιαν.
Η εξέταση των προσώπων αυτών που κατονομάζονται ένα προς ένα είναι αναγκαία, όπως επισημαίνει στην αίτηση του οΖαχαρίας Κεσσές, «αφενός για την πλήρη και ουσιαστική διερεύνηση της υπόθεσης και αφετέρου για την προστασία της εθνικής ασφάλειας από τυχόν ανήκεστο βλάβη που θα μπορούσε να προκληθεί σε περίπτωση που ο Tal Dilian αληθώς ισχυρίζεται ότι το Predator χρησιμοποιήθηκε από κυβέρνηση ή μυστική υπηρεσία (ως τους μόνους πελάτες του) και η μυστική αυτή Υπηρεσία δεν ήταν η ΕΥΠ».
«Ζητάμε να κλείσει ένα κενό που εξακολουθεί να διακινδυνεύει την εμπιστοσύνη στην ελληνική δικαιοσύνη και την εθνική ασφάλεια», δήλωσε ο κ. Κεσσές μεταξύ άλλων μετά την κατάθεση της αίτησης.
Αξίζει να σημειωθεί τέλος ότισύμφωνα με πληροφορίες τα θύματα των παρακολουθήσεων ετοιμάζονται να καταθέσουν και τις πρώτες αγωγές αποζημίωσης κατά των ήδη πρωτοδίκως καταδικασθέντων, ενώ εξετάζεται και τοενδεχόμενο προσφυγής στο Ευρωπαϊκό Δικαστήριο Δικαιωμάτων του Ανθρώπουώστε η σοβαρή αυτή υπόθεση να κριθεί και από το Δικαστήριο του Στρασβούργου.",2026,6,4,12
2026-06-02 17:03:00,"Αίτημαγια ακρόαση τωνΤαλ ΝτίλιανκαιΓρηγόρη ΔημητριάδηστηνΕιδική Μόνιμη Επιτροπή Θεσμών και Διαφάνειαςτης Βουλής κατέθεσε τοΠΑΣΟΚεπικαλούμενο την ανάγκη κοινοβουλευτικού ελέγχου σχετικά με την υπόθεση των παράνομων παρακολουθήσεων.
Σύμφωνα με το αίτημα που απευθύνεται προς τον Πρόεδρο της Επιτροπής, κ. Αθανάσιο Μπούρα, οι βουλευτές ζητούν την κλήση του κ. Ταλ Ντίλιαν, ιδρυτή και επικεφαλής εταιρειών που συνδέθηκαν με τοκακόβουλο λογισμικόPredator, καθώς και του Γρηγόρη Δημητριάδη, πρώην Γενικού Γραμματέα του Πρωθυπουργού.
Διαβάστε επίσης: Υποκλοπές:Ντίλιαν καρφώνει κυβέρνηση – «Πουλάμε μόνο σε κρατικές αρχές, δεν λειτουργούμε τα συστήματα οι ίδιοι»
Η ακρόασή τους, όπως αναφέρεται, είναι απαραίτητη για τη διερεύνηση ζητημάτων που άπτονται της διαφάνειας, της λογοδοσίας και της προστασίας του κράτους δικαίου.
Οι βουλευτές επισημαίνουν ότι η ανάγκη κλήσης του κ. Ντίλιαν ενισχύεται μετά τις πρόσφατες δημόσιες δηλώσεις του, σύμφωνα με τις οποίες οι εταιρείες του«πωλούν σε κρατικές υπηρεσίες σύμφωνα με όλους τους απαιτούμενους κανονισμούς». Οι δηλώσεις αυτές, όπως υπογραμμίζεται, εγείρουν ερωτήματα δημοσίου ενδιαφέροντος που πρέπει να εξεταστούν στο πλαίσιο του προβλεπόμενου κοινοβουλευτικού ελέγχου.
Το ΠΑΣΟΚ – Κίνημα Αλλαγής ζητά ο κ. Ντίλιαν να προσκομίσει ενώπιον της Επιτροπήςκάθε σχετικό έγγραφο, σύμβαση, άδεια ή πιστοποίησηπου να τεκμηριώνει τους ισχυρισμούς του σχετικά με τη διάθεση των συστημάτων σε κρατικές υπηρεσίες.
Παράλληλα, αναφορά γίνεται και στον κ. Γρηγόρη Δημητριάδη, ο οποίος έχει δηλώσει δημόσια ότι«εγώ ανέλαβα την πολιτική ευθύνη για να προστατέψω την κυβέρνηση, τις μυστικές υπηρεσίες, την παράταξή μου, αλλά πάνω από όλα την πατρίδα». Η δήλωση αυτή, προερχόμενη από πρόσωπο που κατείχε κομβική θέση στην κυβερνητική λειτουργία, καθιστά – σύμφωνα με το αίτημα – αναγκαία την παρουσία του ενώπιον της Επιτροπής για παροχή διευκρινίσεων.
Οι υπογράφοντες βουλευτές υπενθυμίζουν ότι η Κοινοβουλευτική Ομάδα του ΠΑΣΟΚ – Κινήματος Αλλαγής είχε ζητήσει τη σύσταση εξεταστικής επιτροπής για την πλήρη διαλεύκανση της υπόθεσης, πρόταση που απορρίφθηκε από την κοινοβουλευτική πλειοψηφία της Νέας Δημοκρατίας. Ως εκ τούτου, δεν κατέστη δυνατή η εις βάθος διερεύνηση κρίσιμων πτυχών και η εξέταση ουσιωδών μαρτύρων.
Υπό τα δεδομένα αυτά, οι βουλευτές Παναγιώτης Δουδωνής, Δημήτριος Μπιάγκης και Ευαγγελία Λιακούλη τονίζουν ότι η κλήση των δύο προσώπων αποτελεί αναγκαία θεσμική ενέργεια για τη διασφάλιση της διαφάνειας, της λογοδοσίας και της πλήρους ενημέρωσης της Βουλής των Ελλήνων.
Αίτημα ΠΑΣΟΚ-Κίνημα Αλλαγής για κλήση για ακρόαση στην Ειδική Μόνιμη Επιτροπή Θεσμών και Διαφάνειας του κ. Ταλ Ντίλιαν και του κ. Γρηγόρη Δημητριάδη
Προς
τον Πρόεδρο της Ειδικής Μόνιμης Επιτροπής
Θεσμών και Διαφάνειας της Βουλής,
κ. Αθανάσιο Μπούρα
Κύριε Πρόεδρε,
Σας ζητούμε, σύμφωνα με το άρθρο 43Α του Κανονισμού της Βουλής, την κλήση σε ειδική συνεδρίαση της Ειδικής Μόνιμης Επιτροπής Θεσμών και Διαφάνειας του κ. Ταλ Ντίλιαν, ιδρυτή και επικεφαλής εταιρειών που συνδέθηκαν με την υπόθεση του κακόβουλου λογισμικού Predator, καθώς και του κ. Γρηγόρη Δημητριάδη, πρώην Γενικού Γραμματέα του Πρωθυπουργού, προκειμένου να πραγματοποιηθεί ακρόασή τους για ζητήματα που αφορούν την υπόθεση των παράνομων παρακολουθήσεων, τις δημόσιες δηλώσεις τους σχετικά με αυτήν, καθώς και τις ευρύτερες πτυχές της υπόθεσης που άπτονται της διαφάνειας, της λογοδοσίας και της προστασίας του κράτους δικαίου.
Η ανάγκη κλήσης του κ. Ντίλιαν καθίσταται ακόμη πιο επιτακτική μετά τις πρόσφατες δημόσιες δηλώσεις του, στις οποίες αναφέρει, μεταξύ άλλων, ότι οι εταιρείες του «πωλούν σε κρατικές υπηρεσίες σύμφωνα με όλους τους απαιτούμενους κανονισμούς».
Οι δηλώσεις αυτές, οι οποίες διατυπώθηκαν δημοσίως και με πλήρη επίγνωση της βαρύτητάς τους, εγείρουν σοβαρά ερωτήματα δημοσίου ενδιαφέροντος, τα οποία οφείλουν να διερευνηθούν στο πλαίσιο του προβλεπόμενου κοινοβουλευτικού ελέγχου.
Για τον λόγο αυτό, κρίνεται αναγκαίο ο κ. Ντίλιαν να προσκομίσει ενώπιον της Επιτροπής κάθε σχετικό έγγραφο, σύμβαση, άδεια, πιστοποίηση ή άλλο στοιχείο που τεκμηριώνει τους ισχυρισμούς του αναφορικά με τη διάθεση των εν λόγω συστημάτων σε κρατικές υπηρεσίες.
Αντίστοιχα, ο κ. Γρηγόρης Δημητριάδης έχει προβεί δημοσίως σε δηλώσεις σχετικά με την υπόθεση των υποκλοπών, αναφέροντας επί λέξει ότι «εγώ ανέλαβα την πολιτική ευθύνη για να προστατέψω την κυβέρνηση, τις μυστικές υπηρεσίες, την παράταξή μου, αλλά πάνω από όλα την πατρίδα».
Η δήλωση αυτή, προερχόμενη από πρόσωπο που κατείχε κομβική θέση στον πυρήνα της κυβερνητικής λειτουργίας κατά τον κρίσιμο χρόνο, καθιστά αναγκαία την παρουσία του ενώπιον της Επιτροπής, προκειμένου να παράσχει διευκρινίσεις τόσο για το περιεχόμενο και το εύρος της πολιτικής ευθύνης που ο ίδιος δηλώνει ότι ανέλαβε, όσο και για το περιεχόμενο της «προστασίας» την οποία ισχυρίζεται ότι προσέφερε προς την κυβέρνηση, τις μυστικές υπηρεσίες και την παράταξη της Νέας Δημοκρατίας.
Η ανάγκη πλήρους διαλεύκανσης της υπόθεσης είχε αναδειχθεί μέσω της πρότασης της Κοινοβουλευτικής Ομάδας του ΠΑΣΟΚ – Κινήματος Αλλαγής για σύσταση εξεταστικής επιτροπής, η οποία απορρίφθηκε από την κοινοβουλευτική πλειοψηφία της Νέας Δημοκρατίας, με αποτέλεσμα να μην καταστεί δυνατή η σε βάθος διερεύνηση κρίσιμων πτυχών της υπόθεσης και η εξέταση ουσιωδών μαρτύρων.
Υπό τα δεδομένα αυτά, η κλήση των ανωτέρω προσώπων ενώπιον της Επιτροπής Θεσμών και Διαφάνειας αποτελεί αναγκαία θεσμική ενέργεια προς τον σκοπό της διασφάλισης της διαφάνειας, της λογοδοσίας και της πλήρους ενημέρωσης της Βουλής των Ελλήνων.
Οι Αιτούντες Βουλευτές
Δουδωνής Παναγιώτης
Α΄ Αντιπρόεδρος Επιτροπής Θεσμών και Διαφάνειας
Μπιάγκης Δημήτριος
Λιακούλη Ευαγγελία",2026,6,2,17
2026-06-02 11:18:00,"ΗΕλληνική Αριστερή ΣυμπαράταξηΕΛ.Α.Σ.εξέδωσε ανακοίνωση με αφορμή τιςδηλώσεις του Ταλ Ντίλιαν, ιδρυτή της Intellexa και καταδικασμένου για το σκάνδαλο υποκλοπών. Στην ανακοίνωση τουΓραφείου Τύπουτης παράταξης γίνεται σκληρή επίθεση προς τον πρωθυπουργό Κυριάκο Μητσοτάκη.
«Μετά τις σημερινές δηλώσεις του Ισραηλινού πωλητή του παράνομου λογισμικού παρακολουθήσεων πρεταντορ, ο κ. Μητσοτάκης δεν μπορεί άλλο να κρύβεται», αναφέρει χαρακτηριστικά η ανακοίνωση, κατηγορώντας τον πρωθυπουργό ότι επιχειρεί να χειραγωγήσει τη δικαιοσύνη και να ευτελίσει τη Βουλή προκειμένου να συγκαλύψει, όπως σημειώνεται, «τον βιασμό του κράτους δικαίου από την κυβέρνησή του».
ΗΕλληνική Αριστερή Συμπαράταξηθέτει το ερώτημα αν στη χώρα υπάρχουν ακόμη θεσμοί, δικαιοσύνη και Βουλή, υπογραμμίζοντας ότι «έρχεται η ώρα της αλήθειας».
Τέλος, η ανακοίνωση καταλήγει ζητώντας την άμεση κλήση του Ταλ Ντίλιαν είτε από την ελληνική δικαιοσύνη είτε από την Επιτροπή Θεσμών και Διαφάνειας της Βουλής, ώστε –όπως αναφέρεται– «να δώσει απαντήσεις και στοιχεία για το ποιος αγόρασε το παράνομο λογισμικό».",2026,6,2,11
2026-06-02 10:39:00,"Σε μια δήλωση που προκαλεί πολιτικό σεισμό, οΤαλ Ντίλιαν, ιδρυτής της Intellexa – της εταιρείας που εμπορεύεται το λογισμικόPredator– επιρρίπτει ευθύνες στην κυβέρνηση για τον τρόπο διαχείρισης του σκανδάλου των υποκλοπών. Ο Ισραηλινός πρώην στρατιωτικός, ο οποίος έχει καταδικαστεί πρωτοδίκως για το σκάνδαλο, υποστηρίζει ότι η εταιρεία του δεν λειτούργησε το κατασκοπευτικό λογισμικό στην Ελλάδα, αλλά το πώλησε σε κρατικές υπηρεσίες.
Μιλώντας στηνΕφημερίδα των Συντακτών, ο Ντίλιαν αφήνει σαφείς αιχμές πως η λειτουργία του συστήματος έγινε από ελληνικές κρατικές δομές, υπονοώντας το Μέγαρο Μαξίμου και τις μυστικές υπηρεσίες. Όπως σημειώνει, οι παρακολουθήσεις αφορούσαν υπουργούς, ανώτατους αξιωματικούς, δημοσιογράφους και στελέχη της αντιπολίτευσης.
«Ας είμαι σαφής:είμαστε πάροχος τεχνολογίας, όχι μισθοφόροι», δηλώνει ο Ντίλιαν. «Πωλούμε σε κρατικές υπηρεσίες σύμφωνα με όλους τους απαιτούμενους κανονισμούς, αλλά ποτέ δεν λειτουργούμε τα συστήματα για λογαριασμό τους», προσθέτει, επιχειρώντας να αποσείσει κάθε ευθύνη από την Intellexa.
Παράλληλα, στρέφεται κατά του υπουργού ΔικαιοσύνηςΓιώργου Φλωρίδη, υποστηρίζοντας: «Δεν λειτουργήσαμε ποτέ κανένα σύστημα στην Ελλάδα. Ως εκ τούτου,απορρίπτουμε κατηγορηματικά τις δηλώσεις του υπουργού Δικαιοσύνης που αποδίδουν άμεση ευθύνη στους “τέσσερις ιδιώτες”, πριν ολοκληρωθεί η δικαστική διαδικασία και χωρίς να έχουν παρουσιαστεί όλα τα πραγματικά στοιχεία και οι αποδείξεις. Αυτό δεν συνιστά κράτος δικαίου».
Αναφέρεται επίσης στον πρώην εισαγγελέα του Αρείου Πάγου κ. Ζήση, επικαλούμενος την κατάθεση του επικεφαλής της ΕΥΠ στη Βουλή. «Ουδέποτε υπήρξε κοινό επιχειρησιακό κέντρο μεταξύ των τεσσάρων ιδιωτών και της μυστικής υπηρεσίας. Είναι λυπηρό ότι αυτή η σημαντική κατάθεση, η οποία αποκλείει τη συμμετοχή μας σε οποιοδήποτε έγκλημα, δεν εξετάστηκε δεόντως από την Επιτροπή Ζήση ούτε παρουσιάστηκε στο δικαστήριο», σημειώνει.
Ο Ντίλιαν δηλώνει ότι «σκοπεύουμε να καλέσουμε όλους τους σχετικούς μάρτυρες κατά την εκδίκαση της έφεσης, ώστε να επιτύχουμε πλήρη αθώωση», αφήνοντας να εννοηθεί ότι ανάμεσά τους θα είναι και πρώην διοικητές της ΕΥΠ καθώς και πολιτικά πρόσωπα.
«Λυπούμαστε βαθύτατα που δεν συστάθηκε κοινοβουλευτική εξεταστική επιτροπή. Συμμεριζόμαστε την έκκληση του πρώην πρωθυπουργούΑντώνη Σαμαράγια τη σύστασή της, στο πλαίσιο της οποίας θα ήμασταν πρόθυμοι να αναζητήσουμε δικαιοσύνη. Τα αποδεικτικά στοιχεία θα δείξουν ότι δεν πράξαμε τίποτα μεμπτό», υπογραμμίζει.
Ο επιχειρηματίας επικαλείται ακόμη τις δημόσιες τοποθετήσεις των πρώην πρωθυπουργώνΚώστα ΚαραμανλήκαιΑλέξη Τσίπραγια τη σημασία της θεσμικής διαφάνειας και της πολιτικής λογοδοσίας, τονίζοντας ότι ο ελληνικός λαός «αξίζει μια αξιόπιστη διαδικασία που μπορεί να αποκαλύψει όλη την αλήθεια».
Απαντώντας σε ερώτηση τηςΕΦΣΥΝγια την απόφαση της κυβέρνησης να απορρίψει τη σύσταση εξεταστικής επιτροπής επικαλούμενη λόγους εθνικής ασφάλειας, ο Ντίλιαν δηλώνει ότι κάνει τη δήλωσή του «με βαθύ σεβασμό προς τις αξίες της αλήθειας, της δικαιοσύνης και της θεσμικής ακεραιότητας».
Αναφέρει ότι παρακολούθησε στενά τις κοινοβουλευτικές συζητήσεις για τις επιπτώσεις της υπόθεσης στην εθνική ασφάλεια και το κράτος δικαίου, ενώ εκφράζει την απογοήτευσή του για το γεγονός ότι, όπως λέει, «ο προηγούμενος διοικητής της ΕΥΠ δεν κλήθηκε να καταθέσει».
«Είμαστε πάροχος τεχνολογίας, όχι μισθοφόροι. Η τεχνολογία μας χρησιμοποιείται καθημερινά για την υποστήριξη της ασφάλειας εκατομμυρίων ανθρώπων παγκοσμίως. Πωλούμε σε κρατικές υπηρεσίες σύμφωνα με όλους τους κανονισμούς, αλλά ποτέ δεν λειτουργούμε τα συστήματα για λογαριασμό τους», επαναλαμβάνει.
Τέλος, ο Ντίλιαν υπογραμμίζει ότι «ο ρόλος μας είναι σαφής: δεν χρειάζεται να αποδείξουμε ότι δεν τελέστηκαν αδικήματα, αλλά να καταδείξουμε ότι δεν είχαμε καμία απολύτως σχέση με οποιεσδήποτε φερόμενες δραστηριότητες». Επιμένει ότι η υπόθεση πρέπει να κριθεί «βάσει αποδείξεων και όχι πολιτικών αφηγημάτων» και ότι τοκράτος δικαίουοφείλει να προστατευθεί από κάθε μορφή πολιτικοποίησης.",2026,6,2,10
2026-06-02 09:51:00,"Σε νέες δηλώσεις του, οεκπρόσωπος Τύπου του ΠΑΣΟΚΚώστας Τσουκαλάς αναφέρθηκε στο σκάνδαλο των παράνομων παρακολουθήσεων, με αφορμή όσα είπε στηνΕφημερίδα των Συντακτώνο ιδιοκτήτης της εταιρείας που εμπορεύεται το κατασκοπευτικό λογισμικόPredator. Όπως τόνισε, ο επιχειρηματίας «δείχνει προς το Μέγαρο Μαξίμου και την ΕΥΠ» για την υπόθεση.
Ο κ. Τσουκαλάς σημείωσε ότι ο επιχειρηματίας «επιμένει για κατοχή και χρήση του Predator από τις ελληνικές κρατικές υπηρεσίες», αφήνοντας να εννοηθεί πως διαθέτει «το σχετικό αποδεικτικό υλικό (συμβάσεις κλπ)».
Όπως υπογράμμισε ο εκπρόσωπος του ΠΑΣΟΚ, «απέναντι σε αυτές τις εξαιρετικά σοβαρές αναφορές, η Εισαγγελία του Αρείου Πάγου δεν μπορεί να παραμένει αδρανής». Πρόσθεσε ότι «εφόσον ο ίδιος ο κ. Ντίλιαν ισχυρίζεται ότι διαθέτει στοιχεία και προβαίνει σε δημόσιους υπαινιγμούς για πρόσωπα και γεγονότα που συνδέονται με το σκάνδαλο, οφείλει να κληθεί άμεσα να καταθέσει όσα γνωρίζει».
Ο κ. Τσουκαλάς επεσήμανε πως «η Δικαιοσύνη έχει χρέος να διερευνήσει κάθε ισχυρισμό και κάθε νέα πληροφορία που αφορά μια υπόθεση μείζονος θεσμικής σημασίας για τη χώρα».
Σχολιάζοντας περαιτέρω, ο εκπρόσωπος του ΠΑΣΟΚ ανέφερε ότι «ακόμη πιο προκλητικό είναι το γεγονός ότι ο κ. Ντίλιαν εμφανίζεται ως “παράγων κάθαρσης (!)”». Όπως είπε, ο επιχειρηματίας «δηλώνει πως γνωρίζει αν και τι είπε στην Επιτροπή Θεσμών ο νυν διοικητής της ΕΥΠ για την ύπαρξη ή μη κοινού κέντρου ΕΥΠ–Predator», ενώ «κάνει δημόσιες υποδείξεις για το πώς πρέπει να λειτουργεί η ελληνική Δικαιοσύνη, σχολιάζει τις δημόσιες τοποθετήσεις του Υπουργού Δικαιοσύνης και “απειλεί” ευσχήμως για το τι θα μπορούσε να καταθέσει στην Εξεταστική Επιτροπή της Βουλής».
Κατά τον κ. Τσουκαλά, «πρόκειται για μια εικόνα που εκθέτει ανεπανόρθωτα την κυβέρνηση». Συμπλήρωσε ότι «όταν ένας καταδικασμένος πρωταγωνιστής μιας τόσο σκοτεινής υπόθεσης απευθύνει συστάσεις προς τους θεσμούς της Ελληνικής Δημοκρατίας και απειλεί τον Πρωθυπουργό και την κυβέρνηση σε δημόσια θέα, τότε το πρόβλημα δεν αφορά μόνο τον ίδιο, αλλά πρωτίστως εκείνους που έστησαν το παρακράτος των παράνομων παρακολουθήσεων και επέτρεψαν να διαμορφωθεί ένα κλίμα θεσμικής απαξίωσης, αδιαφάνειας και σκιών».
Ο κ. Τσουκαλάς υποστήριξε ότι «ο Κυριάκος Μητσοτάκης όσο συνεχίζει τη συγκάλυψη εμποδίζοντας τη διερεύνηση του σκανδάλου, τόσο επιβαρύνει τη θέση του». Τόνισε επίσης πως «η χώρα, στη σημερινή συγκυρία των αυξημένων γεωπολιτικών εντάσεων, δεν αντέχει να έχει έναν εκβιαζόμενο Πρωθυπουργό».
Κλείνοντας, ο εκπρόσωπος του ΠΑΣΟΚ υπογράμμισε ότι «το ΠΑΣΟΚ επαναλαμβάνει το αυτονόητο: καμία σκιά δεν μπορεί να παραμένει πάνω από τη λειτουργία των θεσμών». Όπως είπε, «η πλήρης διαλεύκανση της υπόθεσης των παράνομων παρακολουθήσεων αποτελεί δημοκρατική υποχρέωση απέναντι στους πολίτες και αναγκαία προϋπόθεση για την αποκατάσταση της εμπιστοσύνης στο κράτος δικαίου».",2026,6,2,9
2026-05-27 13:09:00,"Οδικηγόρος θυμάτων του Predator,Ζαχαρίας Κεσσές, με νέα ανάρτησή του στο X, θέτει στο επίκεντρο την «προβληματική», όπως επισημαίνει, επιλογή του αντιεισαγγελέα του Αρείου Πάγου Ευάγγελου Μπακέλα να διαχειρίζεται όλες τις κρίσιμες πτυχές της υπόθεσης των υποκλοπών, «παρά το γεγονός ότι δεν είναι ούτε ο αρχαιότερος ούτε ο εμπειρότερος μεταξύ των υπηρετούντων εισαγγελικών λειτουργών του Αρείου Πάγου».
«Αυτό συνιστά ευθεία απομάκρυνση από την παραδοσιακή λογική της επετηρίδας και της θεσμικής ουδετερότητας» τονίζει ο κ. Κεσσές και υπογραμμίζει:
«Ο Ε. Μπακέλας έχει καταστεί, με άτυπες ή τυπικές αναθέσεις από τον Κ. Τζαβέλλα, το πρόσωπο που μονοπωλιακά διαχειρίζεται κάθε κρίσιμο ζήτημα που αφορά τις υποκλοπές» αναφέρει ο κ. Κεσσές, δημοσιοποιώντας τα έγγραφα που δείχνουν «φωτογραφική παράκαμψη της μέχρι τώρα πρακτικής του Αρείου Πάγου και της επετηρίδας».
«Η Εισαγγελία του Αρείου Πάγου φέρει κεντρική ευθύνη για τη συγκάλυψη στην υπόθεση των υποκλοπών. Η λειτουργία της θυμίζει πλέον σκυταλοδρομία προκαθορισμένων ρόλων και αποφάσεων. Ο σημερινός κάτοχος της «σκυτάλης» είναι ο Αντεισαγγελέας του Αρείου Πάγου Ε. Μπακέλας, ο οποίος εμφανίζεται να γνωρίζει, να συντονίζει και να χειρίζεται κρίσιμα ζητήματα της υπόθεσης πριν ακόμη του ανατεθούν επίσημα» σημειώνει.
Αναφέροντας ενδεικτικά παραδείγματα ο κ. Κεσσές επισημαίνει ότι «όλα τα παραπάνω δημιουργούν την εικόνα ενός μηχανισμού που λειτουργεί με στόχο όχι την αναζήτηση της αλήθειας, αλλά τον έλεγχο και την απορρόφηση κάθε κρίσιμης εξέλιξης στην υπόθεση των υποκλοπών».
«Η Εισαγγελία του Αρείου Πάγου φέρει κεντρική ευθύνη για τη συγκάλυψη στην υπόθεση των υποκλοπών. Η λειτουργία της θυμίζει πλέον σκυταλοδρομία προκαθορισμένων ρόλων και αποφάσεων.
–  Ο σημερινός κάτοχος της «σκυτάλης» είναι ο Αντεισαγγελέας του Αρείου Πάγου Ε. Μπακέλας, ο οποίος εμφανίζεται να γνωρίζει, να συντονίζει και να χειρίζεται κρίσιμα ζητήματα της υπόθεσης πριν ακόμη του ανατεθούν επίσημα.
–  Ο Ε. Μπακέλας έχει καταστεί, με άτυπες ή τυπικές αναθέσεις από τον Κ. Τζαβέλλα, το πρόσωπο που μονοπωλιακά διαχειρίζεται κάθε κρίσιμο ζήτημα που αφορά τις υποκλοπές.
–  Στις 24.4.2026, λίγες ώρες μετά την αίτηση που κατέθεσα προς τον Κ. Τζαβέλλα, κλήθηκα από τον Ε. Μπακέλα στον Άρειο Πάγο, χωρίς να του έχει ανατεθεί επισήμως οποιαδήποτε αρμοδιότητα επί του ζητήματος.
–  Κατά τη συνάντηση αυτή ενημερώθηκε προσωπικά από εμένα για νέα εμπιστευτικά στοιχεία, νέες μηνύσεις και για τον κίνδυνο που αντιμετωπίζουν συγκεκριμένα πρόσωπα, καθώς και για την ανάγκη ασφαλούς και εμπιστευτικής κατάθεσης εγγράφων.
–  Ο ίδιος συμφώνησε ότι έπρεπε να αποφευχθεί η παραγραφή αδικημάτων, ότι υπήρχε δυνατότητα απευθείας παραπομπής σε δίκη των 9 συνεργών των 4 ήδη καταδικασθέντων ιδιωτών χωρίς νέα διαβίβαση της δικογραφίας στον Άρειο Πάγο και ότι εσφαλμένα οι πράξεις είχαν αποδοθεί ως κατ’ εξακολούθηση και όχι κατά συρροή.
–  Παράλληλα, διατύπωσε άποψη ακόμη και για το ζήτημα της αυτοεξαίρεσης του Κ. Τζαβέλλα, διαβεβαιώνοντάς με ότι ανέμενε η υπόθεση να χρεωθεί σε άλλον εισαγγελικό λειτουργό του Αρείου Πάγου, κάτι που αποδείχθηκε αναληθές.
–  Αμέσως μετά τη συζήτησή μας, και ενώ βρισκόμασταν έξω από το γραφείο του Κ. Τζαβέλλα, ο Ε. Μπακέλας εισήλθε στο γραφείο του μεταφέροντας όσα είχαν προηγηθεί. Λίγες ώρες αργότερα εκδόθηκε η γνωστή απαράδεκτη διάταξη του Κ.Τζαβέλλα με την οποία κρίθηκε ότι δεν υπήρχε λόγος περαιτέρω έρευνας, ενώ παράλληλα έκλεισε ο φάκελος ώστε να μην κατατεθεί κανένα νέο έγγραφο.
–  Στις 7.5.2026, ο Κ. Τζαβέλλας ανέθεσε απευθείας στον Ε. Μπακέλα:
–  Ο Ε. Μπακέλας έχει επιλεγεί να διαχειρίζεται όλες τις κρίσιμες πτυχές της υπόθεσης, παρά το γεγονός ότι δεν είναι ούτε ο αρχαιότερος ούτε ο εμπειρότερος μεταξύ των υπηρετούντων εισαγγελικών λειτουργών του Αρείου Πάγου. Αυτό συνιστά ευθεία απομάκρυνση από την παραδοσιακή λογική της επετηρίδας και της θεσμικής ουδετερότητας.
–  Παρά το ότι έχει χρεωθεί την αίτηση ανάσυρσης ήδη από τις 7.5.2026, μέχρι σήμερα δεν έχει προβεί σε καμία ουσιαστική ενέργεια.
–  Όλα τα παραπάνω δημιουργούν την εικόνα ενός μηχανισμού που λειτουργεί με στόχο όχι την αναζήτηση της αλήθειας, αλλά τον έλεγχο και την απορρόφηση κάθε κρίσιμης εξέλιξης στην υπόθεση των υποκλοπών.
–  Επισυνάπτω τα σχετικά έγγραφα που αποδεικνύουν την προβληματική χρέωση των αιτήσεων αποκλειστικά από τον Κ. Τζαβέλλα προς τον Ε.Μπακέλα με φωτογραφική παράκαμψη της μέχρι τώρα πρακτικής του Αρείου Πάγου και της επετηρίδας».
Η Εισαγγελία του Αρείου Πάγου φέρει κεντρική ευθύνη για τη συγκάλυψη στην υπόθεση των υποκλοπών. Η λειτουργία της θυμίζει πλέον σκυταλοδρομία προκαθορισμένων ρόλων και αποφάσεων.
✔ Ο σημερινός κάτοχος της «σκυτάλης» είναι ο Αντεισαγγελέας του Αρείου Πάγου Ε. Μπακέλας, ο οποίος…pic.twitter.com/Z4M5K4ldnm
— Zac Kesses (@ZacKesses)May 26, 2026",2026,5,27,13
2026-05-23 13:42:00,"ΟΚώστας Τσουκαλάςυπογράμμισε ότι «ο κόσμος θέλει συνέπεια, ανθεκτικότητα, πολιτικό σχέδιο, δομική και πολυθεματική αντιπαράθεση με τηΝέα Δημοκρατία». Μιλώντας στον τηλεοπτικό σταθμό ΟΡΕΝ, τόνισε πως «σήμερα υπάρχουν δύο διακριτά πολιτικά σχέδια: ή συνεχίζουμε την πολιτική αυτή με τη Νέα Δημοκρατία και ενδεχομένως με συνεργασία με τον κ. Βελόπουλο ή επιλέγουμεΠΑΣΟΚκαι έχουμε κυβέρνηση προοδευτική με άλλο στίγμα».
Ο εκπρόσωπος Τύπου τουΠΑΣΟΚ-Κινήματος Αλλαγήςεκτίμησε ότι το νεοϊδρυθέν κόμμα της κ. Καρυστιανού «έχει επιλέξει μια ατζέντα που φαίνεται να ακουμπάει στο μαλακό υπογάστριο του ακροατηρίου της Νέας Δημοκρατίας, η οποία χάνει πολλαπλά». Όπως σημείωσε, «το δεξιό κομμάτι έχει άλλες επιλογές, αλλά παράλληλα και ο παραδοσιακός κόσμος της Νέας Δημοκρατίας αντιλαμβάνεται ότι ένα κόμμα που εκπροσωπείται από τον Άδωνι Γεωργιάδη δεν έχει καμία σχέση με το ιστορικό κόμμα τουΚωνσταντίνου και του Κώστα Καραμανλή».
Αναφερόμενος στο αναμενόμενο κόμμα του Αλέξη Τσίπρα και στην κριτική που δέχεται το ΠΑΣΟΚ από τον ΣΥΡΙΖΑ, ο κ. Τσουκαλάς διερωτήθηκε «γιατί υπάρχει α λα καρτ κριτική περί μοναχικού δρόμου στο ΠΑΣΟΚ, ενώ ο κ. Τσίπρας έχει επίσης επιλέξει μοναχικό δρόμο».
Για το ζήτημα των υποκλοπών, ο εκπρόσωπος Τύπου κάλεσε την κυβέρνηση«να ζητήσει συγγνώμη από τον Νίκο Ανδρουλάκηγια την προπαγάνδα και όλο το ψευδοαφήγημα που κατέρρευσε στη Βουλή από τον κ. Δεμίρη». Όπως είπε, «τέσσερα χρόνια του έλεγαν “έλα να σε ενημερώσουμε στο αυτί και προφορικά” και ο κ. Δεμίρης είπε ότι δεν είχε καμία εικόνα για τους λόγους παρακολούθησης και ότι δεν βρήκε φυσικό φάκελο με την αίτηση».
Ο κ. Τσουκαλάς πρόσθεσε ότι «άφησε να εννοηθεί πως μπορεί και να έγινε προφορικά η εντολή παρακολούθησης, στο μιλητό» και συμπλήρωσε πως «αν αφορά τον Ανδρουλάκη, μπορεί να αφορά και τον Γεωργιάδη και τον Δένδια και τον Χατζηδάκη και πάρα πολλά πρόσωπα τα οποία παρακολουθήθηκαν και ήταν μέλη του Υπουργικού Συμβουλίου».
Ο εκπρόσωπος Τύπου υπενθύμισε ότι το 2022 συγκροτήθηκε Εξεταστική Επιτροπή, στην οποία «το σώμα της απόφασης του Μονομελούς Πλημμελειοδικείου αναφέρει ότι υπάρχουν μάρτυρες, που έγιναν αποδεκτές οι μαρτυρίες τους, οι οποίοι λένε ότι πήγαιναν με σκονάκι με στημένες ερωτήσεις από τους βουλευτές της Νέας Δημοκρατίας».
«Άρα,έγινε μια εξεταστική με την τράπουλα σημαδεμένη. Όμοια, λοιπόν, πήγε να γίνει τώρα. Δεν απαντάει η κυβέρνηση.Γιατί τότε 120, γιατί τώρα 151;» ανέφερε χαρακτηριστικά. Τόνισε, τέλος, ότι «η εθνική ασφάλεια είναι πάρα πολύ ευαίσθητο θέμα και… δεν πρέπει να μιλήσουμε στη Βουλή, μας λέει η κυβέρνηση. Αλλά,όταν παρακολουθούν τους αρχηγούς των Ενόπλων Δυνάμεων, δεν μας πολυνοιάζει. Ή όταν παρακολουθούν τον αντιπρόεδρο της κυβέρνησης, τον υπουργό που υπογράφει τις επενδύσεις, δεν μας πειράζει. Αυτή είναι μια α λα καρτ αντίληψη της εθνικής ασφάλειας».",2026,5,23,13
2026-05-22 13:56:00,"Ο Εκπρόσωπος Τύπου του ΠΑΣΟΚ-ΚΙΝΑΛΚώστας Τσουκαλάς, έκανε την σχετική δήλωση για την ομιλία του  Υπουργού  Δικαιοσύνης Γιώργου Φλωρίδη στη Βουλή στη συζήτηση για τις υποκλοπές.
Ο κ. Τσουκαλάς στην δήλωσή του αναφέρει τα εξής: «Ο κ. Φλωρίδης, με περισπούδαστο ύφος, απηύθυνε ειρωνείες περί “φωστήρων”.
Ως γνήσιος φωστήρας ο ίδιος δήλωσε πως οι κοινοί στόχοι ΕΥΠ – Predator ήταν 11, ενώ όπως έχει προκύψει από την απόφαση του Μονομελούς Πλημμελειοδικείου ήταν 27.
Προκειμένου, δε, να καλύψει τις ευθύνες της κυβέρνησης την οποία εκπροσωπεί, επιστράτευσε  μια σοφιστεία ότι δήθεν δεν είχε λόγο η κυβέρνηση να παρακολουθεί μέσω Predator γιατί μπορούσε να παρακολουθεί μέσω ΕΥΠ. Πάλι αδιάβαστος.
Στις περισσότερες περιπτώσεις η έναρξη παρακολούθησης από τη μια πηγή  ξεκινά ακριβώς όταν τελειώνει από την άλλη.
Δεν γνωρίζει ο Υπουργός ότι η παρακολούθηση μέσω ΕΥΠ δίνει πρόσβαση μόνο σε συμβατικές συνομιλίες, ενώ η παγίδευση μέσω Predator δίνει πρόσβαση σε όλες τις κρυπτογραφημένες εφαρμογές, την κάμερα, το μικρόφωνο και τις φωτογραφίες του κινητού τηλεφώνου;
Παγιδεύτηκε ο Υπουργός Δικαιοσύνης  στο ίδιο του το ψέμα.
Τώρα το πόσο νόμιμες ήταν οι επισυνδέσεις της ΕΥΠ, μας το είπε ο κ. Δεμίρης που δήλωσε ότι δεν έχει βρει τις αιτήσεις για την έγκριση των επισυνδέσεων.
Είναι λυπηρό που ο Υπουργός Δικαιοσύνης διαθέτει εαυτόν ως όργανο παραπληροφόρησης.»",2026,5,22,13
2026-05-22 12:23:00,"Ελληνοτουρκικά,εθνική ασφάλειακαιπολιτική ευθύνηβρέθηκαν στο επίκεντρο της ομιλίας τουΑντώνη Σαμαρά, ο οποίος άσκησεδριμεία κριτική στην κυβέρνηση, προειδοποιώντας για τους κινδύνους που εγκυμονεί η τουρκική αναθεωρητική πολιτική αλλά και για τις επιπτώσεις τουσκανδάλου των παρακολουθήσεων.
Ο πρώην πρωθυπουργός υπογράμμισε ότι ο σχεδιασμός της Άγκυρας για το Αιγαίο, τη Θράκη και την Ανατολική Μεσόγειο είναι γνωστός εδώ και χρόνια, κάνοντας λόγο για τη«Γαλάζια Πατρίδα»τουΡετζέπ Ταγίπ Ερντογάν, η οποία, όπως είπε, «δεν αποτελεί θεωρία αλλά πράξη με τετελεσμένα». Επισήμανε ότι η πολιτική του κατευνασμού οδηγεί σε αποθράσυνση της Τουρκίας και ότι κάθε ελληνική υποχώρηση συνοδεύεται από νέες διεκδικήσεις της γείτονος.
Ιδιαίτερη ανησυχία εξέφρασε για την εξαγγελία τηςΤουρκίας περί νομοθέτησης παράνομης επέκτασης στο Αιγαίο, την οποία χαρακτήρισε «κρίσιμη στιγμή» για τα ελληνοτουρκικά. Προειδοποίησε ότι ένα θερμό επεισόδιο θα μπορούσε να αποτελέσει το πρόσχημα για διεθνή διαιτησία, ζητώντας από την ελληνική πλευρά να κινηθεί άμεσα στα διεθνή φόρα και στην Ευρωπαϊκή Ένωση, ώστε να προλάβει τις εξελίξεις.
Αναφερόμενος στηνευρωπαϊκή πορεία της χώρας, υπενθύμισε ότι ο Κωνσταντίνος Καραμανλής ενέταξε την Ελλάδα στην ΕΟΚ για τρεις λόγους: τη δημοκρατία, την οικονομική ανάπτυξη και την ασφάλεια. «Θα εγκαταλείψουμε τη θωράκιση της ασφάλειας;» διερωτήθηκε, καλώντας την κυβέρνηση να αξιοποιήσει πλήρως το ευρωπαϊκό και γεωπολιτικό αποτύπωμα της χώρας.
Στη συνέχεια, στράφηκε κατά του πρωθυπουργού Κυριάκου Μητσοτάκη, επικρίνοντάς τον για τη διαχείριση της υπόθεσης των παρακολουθήσεων. Αναφερόμενος στην πρόσφατη αναφορά του πρωθυπουργού στο Συνέδριο του κόμματός του –όταν διερωτήθηκε«ποιος θα σηκώσει το τηλέφωνο στις 3 το πρωί στο Μέγαρο Μαξίμου»– ο πρώην πρωθυπουργός αντέτεινε: «Χτύπησε το τηλέφωνό του όταν παρακολουθούσαν το μισό υπουργικό συμβούλιο, την ηγεσία των Ενόπλων Δυνάμεων και τον πρώην πρωθυπουργό της Ελλάδας;».
«“Τρείς το πρωί” κτυπάει το τηλέφωνο καθημερινά για τη “Γαλάζια Πατρίδα” του Ερντογάν. Την Αλβανία του Ράμα. Τα Σκόπια που είναι πια ανεξέλεγκτα. Το Ουκρανικό drone στη Λευκάδα… Το πρόβλημα κ.Μητσοτάκη δεν είναι στο τηλέφωνο. Είναι στο ότι δεν το σηκώνει κανείς… Κι όπως θα σας έλεγε ο ιδρυτής της Παράταξης, ο Κωνσταντίνος Καραμανλής, “η Ελλάδα έχει μετατραπεί σε ένα απέραντο φρενοκομείο”. Φέρετε την απόλυτη ευθύνη».
Αμφισβήτησε το κυβερνητικό αφήγημαότι τέσσερις ιδιώτες βρίσκονται πίσω από το λογισμικόPredator, θέτοντας σειρά ερωτημάτων για το πώς επελέγησαν οι στόχοι και αν το υλικό των υποκλοπών έχει φθάσει σε ξένα χέρια. «Υπάρχει κυβέρνηση στον κόσμο που δεν θα κινούσε γη και ουρανό να μάθει τι συνέβη;» διερωτήθηκε, κατηγορώντας την κυβέρνηση για απραξία και συγκάλυψη.
Επισήμανε ότι, ενώ η κυβέρνηση υποστηρίζει πως πρόκειται για ιδιωτική υπόθεση, επικαλείται ταυτόχρονα λόγους εθνικής ασφάλειας, κάτι που, όπως είπε, γεννά νέα ερωτήματα. «Εάν είναι θέμα εθνικής ασφάλειας, γιατί δεν έχει γίνει κρατική έρευνα;» σημείωσε, υπονοώντας ότι το κράτος ενδέχεται να έχει εμπλοκή.
Σε προσωπικό τόνο, ο πρώην πρωθυπουργός υπενθύμισε τη μακρά πολιτική του διαδρομή, αναφερόμενος στη συμβολή του στη διάσωση της χώρας την περίοδο 2012-2015. Επισήμανε ότι υπήρξε ο πρώτος εκλεγμένος πρόεδρος της Νέας Δημοκρατίας από τη λαϊκή βάση και ο πρώτος διαγραμμένος πρώην πρωθυπουργός και πρόεδρος της Παράταξης, κατηγορώντας τον κ. Μητσοτάκη ότι «διέγραψε από τα βίντεο της ιστορίας του κόμματος» τόσο τον ίδιο όσο και τον Κώστα Καραμανλή.
«Η ιστορία της Νέας Δημοκρατίας είναι δημοκρατική και φωτεινή», τόνισε, προσθέτοντας ότι το σημερινό κόμμα έχει μεταλλαχθεί σε «πολιτικό μόρφωμα χωρίς ιδεολογική πυξίδα». Κατηγόρησε την κυβέρνηση ότι δοκιμάζει τις δημοκρατικές αντοχές της χώρας και ότι η σημερινή ημέρα αποτελεί «έναν ακόμη κρίκο αδιαφάνειας».
Κλείνοντας, αναφέρθηκε στα προβλήματα που αντιμετωπίζει η χώρα, από την ακρίβεια και τις απευθείας αναθέσεις μέχρι το δημογραφικό και την ασφάλεια. «Το πρόβλημα δεν είναι στο τηλέφωνο, είναι ότι δεν το σηκώνει κανείς», είπε χαρακτηριστικά, επικαλούμενος τη φράση του Κωνσταντίνου Καραμανλή ότι «η Ελλάδα έχει μετατραπεί σε ένα απέραντο φρενοκομείο».
«Η Ελλάδα δεν είναι ιδιοκτησία σας», δήλωσε απευθυνόμενος στον πρωθυπουργό. «Δεν είστε Κυβερνήτης ή Ηγεμόνας. Είστε πρωθυπουργός και οφείλετε –έστω και τώρα– να σεβαστείτε τη θεσμική λειτουργία και την αξιοπρέπεια αυτής της χώρας. Γιατί η Ελλάδα υπήρξε, υπάρχει και θα υπάρχει και μετά από εσάς».",2026,5,22,12
2026-05-22 10:31:00,"Καταψηφίστηκε η πρόταση του ΠΑΣΟΚστη Βουλή, καθώς η αντιπολίτευση είχε αποχωρήσει από τη διαδικασία. Συνολικά ψήφισαν 161 βουλευτές· υπέρ τάχθηκαν 6 και κατά 155.
Από την κυβερνητική πλειοψηφία απουσίασε και δεν ψήφισε ο βουλευτής Α’ Ανατολικής Αττικής, Γιώργος Βλάχος. Οι έξι βουλευτές που ψήφισαν υπέρ προέρχονται από την κοινοβουλευτική ομάδα της Πλεύσης Ελευθερίας (πέντε μέλη) και ο ανεξάρτητος βουλευτής Β’ Θεσσαλονίκης, Νίκος Παπαδόπουλος.
Είχε προηγηθεί το αίτημα της κυβερνητικής πλειοψηφίας να γίνει η διαδικασία με όριο τις151 ψήφους(και όχι 120), όπως προβλέπεται μόνο γιαυποθέσεις εθνικήςασφάλειας– κάτι που επικαλέστηκε η κυβέρνηση στη συγκεκριμένη περίπτωση.
Ο πρόεδρος της Βουλής, Νικήτας Κακλαμάνης, δήλωσε πως «έχοντας προσμετρήσει τους συναδέλφους που εγέρθηκαν, αυτοί είναι υπερδιπλάσιοι των παριστάμενων βουλευτών». Τόνισε επίσης ότι«μετά την ολοκλήρωση της συζήτησης θα διεξαχθεί ονομαστική ψηφοφορία», καθώς για τη συγκρότηση της Επιτροπής απαιτείται η απόλυτη πλειοψηφία των βουλευτών.
Σημειώνεται ότιΠΑΣΟΚ, ΣΥΡΙΖΑ, ΚΚΕ και Νέα Αριστεράαποχώρησαν από τη διαδικασία, ωστόσο η συζήτηση συνεχίζεται κανονικά στο Κοινοβούλιο.
Ο Αντώνης Σαμαράς στράφηκεκατά του πρωθυπουργού Κυριάκου Μητσοτάκη, επικρίνοντάς τον για τη διαχείριση της υπόθεσης των παρακολουθήσεων. Αναφερόμενος στην πρόσφατη αναφορά του πρωθυπουργού στο Συνέδριο του κόμματός του –όταν διερωτήθηκε«ποιος θα σηκώσει το τηλέφωνο στις 3 το πρωί στο Μέγαρο Μαξίμου»– ο πρώην πρωθυπουργός αντέτεινε: «Χτύπησε το τηλέφωνό του όταν παρακολουθούσαν το μισό υπουργικό συμβούλιο, την ηγεσία των Ενόπλων Δυνάμεων και τον πρώην πρωθυπουργό της Ελλάδας;».
“Τρείς το πρωί” κτυπάει το τηλέφωνο καθημερινά για τη “Γαλάζια Πατρίδα” του Ερντογάν. Την Αλβανία του Ράμα. Τα Σκόπια που είναι πια ανεξέλεγκτα. Το Ουκρανικό drone στη Λευκάδα… Το πρόβλημα κ.Μητσοτάκη δεν είναι στο τηλέφωνο. Είναι στο ότι δεν το σηκώνει κανείς… Κι όπως θα σας έλεγε ο ιδρυτής της Παράταξης, ο Κωνσταντίνος Καραμανλής, “η Ελλάδα έχει μετατραπεί σε ένα απέραντο φρενοκομείο”. Φέρετε την απόλυτη ευθύνη».
Αμφισβήτησε το κυβερνητικό αφήγημα ότι τέσσερις ιδιώτες βρίσκονται πίσω από το λογισμικόPredator, θέτοντας σειρά ερωτημάτων για το πώς επελέγησαν οι στόχοι και αν το υλικό των υποκλοπών έχει φθάσει σε ξένα χέρια. «Υπάρχει κυβέρνηση στον κόσμο που δεν θα κινούσε γη και ουρανό να μάθει τι συνέβη;» διερωτήθηκε, κατηγορώντας την κυβέρνηση για απραξία και συγκάλυψη.
Επισήμανε ότι, ενώ η κυβέρνηση υποστηρίζει πως πρόκειται για ιδιωτική υπόθεση, επικαλείται ταυτόχρονα λόγους εθνικής ασφάλειας, κάτι που, όπως είπε, γεννά νέα ερωτήματα. «Εάν είναι θέμα εθνικής ασφάλειας, γιατί δεν έχει γίνει κρατική έρευνα;» σημείωσε, υπονοώντας ότι το κράτος ενδέχεται να έχει εμπλοκή.
Σε προσωπικό τόνο, ο πρώην πρωθυπουργός υπενθύμισε τη μακρά πολιτική του διαδρομή, αναφερόμενος στη συμβολή του στη διάσωση της χώρας την περίοδο 2012-2015. Επισήμανε ότι υπήρξε ο πρώτος εκλεγμένος πρόεδρος της Νέας Δημοκρατίας από τη λαϊκή βάση και ο πρώτος διαγραμμένος πρώην πρωθυπουργός και πρόεδρος της Παράταξης, κατηγορώντας τον κ. Μητσοτάκη ότι «διέγραψε από τα βίντεο της ιστορίας του κόμματος» τόσο τον ίδιο όσο και τον Κώστα Καραμανλή.
«Η ιστορία της Νέας Δημοκρατίας είναι δημοκρατική και φωτεινή», τόνισε, προσθέτοντας ότι το σημερινό κόμμα έχει μεταλλαχθεί σε «πολιτικό μόρφωμα χωρίς ιδεολογική πυξίδα». Κατηγόρησε την κυβέρνηση ότι δοκιμάζει τις δημοκρατικές αντοχές της χώρας και ότι η σημερινή ημέρα αποτελεί «έναν ακόμη κρίκο αδιαφάνειας».
Κλείνοντας, αναφέρθηκε στα προβλήματα που αντιμετωπίζει η χώρα, από την ακρίβεια και τις απευθείας αναθέσεις μέχρι το δημογραφικό και την ασφάλεια. «Το πρόβλημα δεν είναι στο τηλέφωνο, είναι ότι δεν το σηκώνει κανείς», είπε χαρακτηριστικά, επικαλούμενος τη φράση του Κωνσταντίνου Καραμανλή ότι «η Ελλάδα έχει μετατραπεί σε ένα απέραντο φρενοκομείο».
«Η Ελλάδα δεν είναι ιδιοκτησία σας», δήλωσε απευθυνόμενος στον πρωθυπουργό. «Δεν είστε Κυβερνήτης ή Ηγεμόνας. Είστε πρωθυπουργός και οφείλετε –έστω και τώρα– να σεβαστείτε τη θεσμική λειτουργία και την αξιοπρέπεια αυτής της χώρας. Γιατί η Ελλάδα υπήρξε, υπάρχει και θα υπάρχει και μετά από εσάς».
Μεένσταση από τη ΝΔάρχισε η συνεδρίαση της Ολομέλειας επί της διαδικασίας για τις διατάξεις του Κανονισμού της Βουλής που θα πρέπει να εφαρμοστούν σχετικά με τον τρόπο λήψης απόφασης επί της πρότασης που κατέθεσε το ΠΑΣΟΚ για «σύσταση Εξεταστικής Επιτροπής για την εξέταση του ειδικού ζητήματος δημοσίου συμφέροντος της παράνομης χρήσης του παράνομου λογισμικού Predator στην ελληνική επικράτεια (87 επαληθευμένες στοχεύσεις σε βάρος φυσικών προσώπων), της εικαζόμενης συμμετοχής της Εθνικής Υπηρεσίας Πληροφοριών (ΕΥΠ) σε υποθέσεις παραβίασης του απορρήτου των επικοινωνιών και παράνομης επεξεργασίας δεδομένων προσωπικού χαρακτήρα, της χειραγώγησης της Εξεταστικής Επιτροπής που συνεστήθη σύμφωνα με την από 29 Αυγούστου 2022 απόφαση της Ολομέλειας της Βουλής και την έρευνα για την ύπαρξη ευθυνών του Πρωθυπουργού κ. Κυριάκου Μητσοτάκη και κάθε άλλου εμπλεκομένου φυσικού ή νομικού προσώπου».
Ο πρόεδρος της Βουλής,Νικήτας Κακλαμάνης, ανέφερε ότι η πρόταση στην ημερήσια διάταξη της Ολομέλειας έχει εισαχθεί «όπως ακριβώς κατατέθηκε από τον πρόεδρο του ΠΑΣΟΚ, Νίκο Ανδρουλάκη», δηλαδή σύμφωνα με «τα άρθρα 68 παρ.2 εδ. γ’ του Συντάγματος και 144 παρ.5 εδ. β’ του Κανονισμού της Βουλής» που παρέχει το δικαίωμα στη μειοψηφία, εάν συγκεντρώνει 120 θετικές ψήφους κατά την ονομαστική ψηφοφορία που θα διεξαχθεί, να μπορεί να συστήσει δύο εξεταστικές επιτροπές ανά κοινοβουλευτική περίοδο για θέματα που κρίνει.
Ο εισηγητής της ΝΔ,Μάκης Βορίδης, έθεσε -εκ μέρους της ΝΔ- ως παραπίπτον θέμα (σύμφωνα με το άρθρο 67 του ΚτΒ) επί της προτεινόμενης για έγκριση διαδικασίας από την Ολομέλεια, υποστηρίζοντας ότι για τη λήψη απόφασης σύστασης της επιτροπής θα πρέπει να ακολουθηθεί εκ του θέματος της προτάσεως που αφορά την αποστολή λειτουργίας της Εθνικής Υπηρεσίας Πληροφορίων, καθώς εδώ συντρέχουν οι λόγοι που ορίζονται στο άρθρο 68 του Συντάγματος που αναφέρει «προκειμένου να συσταθούν Εξεταστική Επιτροπή για ζητήματα που ανάγονται στην εξωτερική πολιτική και την εθνική άμυνα, απαιτείται απόφαση της Βουλής που λαμβάνεται με απόλυτη πλειοψηφία του όλου αριθμού των βουλευτών», καθώς το άρθρο 144 παρ. 6 του ΚτΒ όπου επίσης ορίζει πως «η απόφαση της Ολομέλειας της Boυλής για την κατά το άρθρo 68 παρ. 2 εδ. β’ τoυ Συντάγματoς σύσταση Εξεταστικής Επιτρoπής για ζητήματα πoυ ανάγoνται στην εξωτερική πoλιτική και την εθνική άμυνα αυτή λαμβάνεται με την απόλυτη πλειoψηφία τoυ όλoυ αριθμoύ των βoυλευτών».
Ο πρόεδρος της Βουλής, Νικήτας Κακλαμάνης, έθεσε το παρεμπίπτον ζήτημα που έθεσε η ΝΔ, ανοίγοντας τη σχετική συζήτηση.
Ο κ. Βορίδης, αναπτύσσοντας τη βασιμότητα της ένστασης, υποστήριξε πως είναι «σαφές ότι για να ελεγχθεί το νόμιμο ή το παράνομο της δραστηριότητας της ΕΥΠ εμπίπτουμε στον πυρήνα της δραστηριότητάς της που είναι η εθνική άμυνα και η εξωτερική πολιτική. Βεβαίως, η Βουλή μπορεί να πάρει απόφαση τέτοιου ελέγχου αλλά θα τη λάβει με την πλειοψηφία που ορίζει το Σύνταγμα και είναι η πλειοψηφία των βουλευτών».
Ο εισηγητής της ΝΔ τόνισε ότι η Βουλή σαφώς και μπορεί να ελέγχει την ΕΥΠ αλλά αυτή μπορεί να γίνει σύμφωνα με την διάταξη του Συντάγματος και του ΚτΒ που ορίζει ότι αυτό απαιτεί την απόλυτη πλειοψηφία του όλου του αριθμού των βουλευτών. Επισήμανε ότι, σύμφωνα με τον νόμο για τη λειτουργία της ΕΥΠ, η αποστολή της ορίζεται ότι είναι η συλλογή, η επεξεργασία και γνωστοποίηση στις αρμόδιες αρχές πληροφοριών που αφορούν την προστασία και προώθηση των πολιτικών, οικονομικών, στρατιωτικών και εν γένει εθνικών στρατηγικών συμφερόντων της χώρας. Την πρόληψη και αντιμετώπιση δραστηριοτήτων που αποτελούν απειλή του δημοκρατικού πολιτεύματος , θεμελιωδών δικαιωμάτων του ανθρώπου τις εδαφικής ακεραιότητας και εδαφικής ασφάλειας της χώρας. Και στο άρθρο 4 που περιγράφονται οι αρμοδιότητες της ΕΥΠ αναφέρεται ότι συλλέγει και παρέχει πληροφορίες και στοιχεία, προβαίνει σε εκτιμήσεις και υποβάλει προτάσεις για την πρόληψη ή αποτροπή της απειλής ασφάλειας, του δημοκρατικού πολιτεύματος καθώς και των εθνικών συμφερόντων της χώρας.
Ο κ. Βορίδης επισήμανε ότι η πρόταση του ΠΑΣΟΚ στον τίτλο της θέτει «την εικαζόμενη συμμετοχή της Εθνικής Υπηρεσίας Πληροφοριών (ΕΥΠ) σε υποθέσεις παραβίασης του απορρήτου των επικοινωνιών και παράνομης επεξεργασίας δεδομένων προσωπικού χαρακτήρα» και αναρωτήθηκε: «η προστασία της εδαφικής ακεραιότητας της χώρας έχει σχέση με την εθνική άμυνα ή όχι;. Η προστασία των εθνικών στρατηγικών συμφερόντων και δει των στρατιωτικών έχει σχέση με την εθνική άμυνα ή όχι;». Και πρόσθεσε πως μπορεί να ελεγχθεί εάν έγιναν παράνομες υποκλοπές «με το να ζητήσουμε να μας φέρουν τους φακέλους που έχουν για τις τυχόν επισυνδέσεις. Με το να μας φέρουν όλες τις συμβάσεις να τις ελέγξουμε για να διακριβώσουμε εάν έχουν γίνει παράνομες επισυνδέσεις. Και ερωτώ αυτοί οι έλεγχοι δεν εμπίπτουν στην έννοια της εθνικής άμυνας όπου απαιτείται η πρόσθετη πλειοψηφία ώστε να μην μπορεί η εκάστοτε μειοψηφία να αποφασίζει κατά πως θέλει; Άρα το Σύνταγμα θέτει την εξαίρεση της εθνικής άμυνας».
«Σήμερα είχαμε μια κυνική ομολογία από τον κ. Βορίδη που είπε κάτι πάρα πολύ απλό: «Ναι, έχετε δίκιο, δεν άλλαξαν ούτε οι νόμοι, ούτε το Σύνταγμα, ούτε ο κανονισμός της Βουλής, άλλαξε η βούλησή μας. Δεν θέλουμε τώρα να γίνει εξεταστική επιτροπή και γι’ αυτό παίρνουμε τα goalpost από εκεί που τα είχε τοποθετήσει ο κανονισμός της Βουλής και το Σύνταγμα το 2022 και τα πάμε κάπου αλλού». Που; Στα μέτρα σας», είπε αρχικά ο κ.Ανδρουλάκης.
«Δεν θέλουν να γίνει η εξεταστική επιτροπή. Τα επιχειρήματά τους αποδεικνύουν τον φόβο και την ανασφάλεια, μπροστά σε μια υπόθεση που δεν αγγίζει μόνο τον οποιοδήποτε βουλευτή, αγγίζει τον ίδιο τον Πρωθυπουργό και το Μέγαρο Μαξίμου.
Μας ρωτάνε, αν υπάρχουν νεότερα στοιχεία. «Όχι, δεν υπάρχουν». Μα είστε σοβαροί; Την απόφαση του δικαστηρίου τη διαβάσατε; Τις καταδίκες τις διαβάσατε; Ακούσατε ότι κάποιος κύριος με το όνομα Τρίμπαλης, -ένας αχυράνθρωπος του Λαβράνου –  είπε στο δικαστήριο  ότι του ζητήσαν να πάει στην εξεταστική επιτροπή και πριν πάει, του έδωσαν ένα φακελάκι με ερωτήσεις, του έκαναν και μάθημα. Και κατά διαβολική σύμπτωση πήγε στην εξεταστική επιτροπή και οι βουλευτές της Νέας Δημοκρατίας, -εσείς λοιπόν, γιατί αυτό είναι το επίπεδό σας τελικά-, του κάνατε τις ερωτήσεις που του είχε δώσει το παρακράτος στο φακελάκι.
Και μας ρωτάτε γιατί ζητάμε ξανά εξεταστική επιτροπή; Γιατί εσείς με τη συμπεριφορά σας υπονομεύσατε τις κοινοβουλευτικές διαδικασίες. Εσείς καταστήσατε κίβδηλη την εξεταστική επιτροπή. Φανταστείτε να ήταν άλλο κόμμα στην Κυβέρνηση και να υπήρχαν τέτοιες καταγγελίες, τι θα έλεγε το στόμα του κ. Μητσοτάκη, του κ. Βορίδη και πολλών από εσάς. Θα είχατε έναν φιλελεύθερο οίστρο για την Ευρώπη, τις αξίες και τις αρχές κατά των σκοτεινών πρακτικών του παρακράτους. Αλλά τελικά αποδειχθήκατε ότι είστε τα ίδια και χειρότερα, με αυτούς που καταγγείλατε πριν από μερικά χρόνια.
Σήμερα, λοιπόν, είπατε και ένα άλλο επιχείρημα. Είπατε ότι πάμε στο 151 γιατί είναι θέμα εθνικής ασφάλειας. Δεν υπήρχε λοιπόν θέμα εθνικής ασφάλειας το 2022, το θυμηθήκατε τώρα. Αφού λοιπόν, κ. Βορίδη, υπάρχει θέμα εθνικής ασφάλειας και είναι τόσο σοβαρό που αφορά την άμυνα της χώρας, που αφορά τα δικαιώματα του ελληνικού λαού, που αφορά την υπεράσπιση των κυριαρχικών μας δικαιωμάτων, εσείς ως θύμα του Predator γιατί δεν πάτε στη δικαιοσύνη εδώ και τέσσερα χρόνια; Άρα, επικαλείστε την εθνική ασφάλεια για να μη γίνει η εξεταστική επιτροπή αλλά δεν υπάρχει εθνική ασφάλεια όταν έπρεπε ο κ. Βορίδης να πάει στη δικαιοσύνη. Επίκληση της εθνικής ασφάλειας τώρα για να μην γίνει εξεταστική επιτροπή αλλά όταν κράτησε την υπόθεση στο αρχείο ο εισαγγελέας του Αρείου Πάγου, ο κ. Τζαβέλλας, δεν υπήρχε θέμα εθνικής ασφάλειας. Ήταν θέμα ιδιωτών!
Κάθομαι και σκέφτομαι, τέτοια κατάντια σε ένα κόμμα μισού αιώνα ιστορίας; Κατανοώ απόλυτα γιατί δεν σας λέει καλημέρα ούτε ο πρώην πρόεδρος σας, ούτε ο προηγούμενος Πρωθυπουργός σας. Λογικό είναι, όταν έχεις θητεύσει σε ένα κόμμα και προεδρεύεις και έχεις αγωνιστεί -εγώ τους έχω ασκήσει δριμεία κριτική- και βλέπεις την κατάντια αυτού του κόμματος στον βωμό του να υπερασπιστεί το σκοτεινό σύστημα του Μαξίμου, να λέει ότι του κατέβει, ενάντια στον ορθό λόγο, στο κοινοβούλιο και στο ίδιο το Σύνταγμα. Λογικό.
Δεν μπορώ να διανοηθώ, -πολλές φορές το σκέφτομαι-, αν θα μπορούσαν όλα αυτά να έχουν συμβεί σε εμάς, σε αυτή την παράταξη. Ποτέ. Γιατί υπάρχουν αρχές, αξίες και συνέπεια. Δεν θα είχαμε δεχθεί εμείς, κ. Βορίδη, να λέμε ποιος είναι ο «αναντικατάστατος» Πρωθυπουργός, για ένα πρόσωπο, που από την ανασφάλειά του παρακολουθούσε το μισό υπουργικό του συμβούλιο, ακόμη και συγγενικά σας πρόσωπα. Αυτή είναι η διαφορά μας. Και είναι διαφορά αρχών, αξιών και σεβασμού της δημοκρατίας και των ανθρωπίνων δικαιωμάτων.
Το παίζετε κόμμα πατριωτικό, αλλά δεν ενοχλείστε για το που είναι τα αρχεία της υποκλοπής των αρχηγών των Ενόπλων Δυνάμεων. Πόσο πατριώτης είναι κάποιος που κάποτε για να δείξει ότι είναι υπερ-πατριωτης κρατούσε και τσεκούρι, που δεν τον ενδιαφέρει που είναι το προϊόν της υποκλοπής των αρχηγών των Ενόπλων Δυνάμεων και μας κουνάει το δάχτυλο; Δεν σας ενδιαφέρει που είναι αυτό το προϊόν; Άρα τι λέτε στην Τουρκία, τι λέτε σε άλλες χώρες που επιβουλεύονται τα κυριαρχικά μας δικαιώματα ότι η χώρα είναι «μπάτε σκύλοι αλέστε»; Ο καθένας μπορεί να έρχεται εδώ και να παρακολουθεί όποιον θέλει; Αυτό λέτε λοιπόν; Πόσο πατριώτες είστε; Μπροστά στην εξουσία, όχι πατριώτες, δεν είστε τίποτα. Πατριώτες της φακής, όπως έλεγε ο κ. Μητσοτάκης.
Δεν κάνατε ζημιά στην ΕΥΠ; Μεγάλη ζημιά. Για αυτό άλλωστε ο κ. Δεμίρης είπε ότι έπρεπε να κάνει μια νέα ΕΥΠ. Γιατί την προηγούμενη ΕΥΠ, που αλλάξατε τον νόμο για να βάλετε έναν σεκιουριτά διοικητή της -αυτή ήταν η αριστεία σας- την φέρατε στα μέτρα σας, την ευτελίσατε. Γι’ αυτό ο κ. Δεμίρης είπε ότι έπρεπε να κάνει μια νέα ΕΥΠ.
Εδώ υπάρχει ένα σαφές περιβάλλον που απειλεί τη δημοκρατία. Τον πυρήνα της λειτουργίας του δημοκρατικού πολιτεύματος. Όταν ελέγχεις τα media, όταν έχεις στο διαδίκτυο έναν στρατό αποδόμησης των πολιτικών σου αντιπάλων, όταν στήνεις πολιτικές εξοντώσεις, πρέπει να είσαι έτοιμος και να απολογηθείς. Και ζητώ πραγματικά να μου απολογηθείτε ξανά. Έχετε να μου πείτε μια συγγνώμη; Έχετε να μου πείτε μια συγγνώμη, όσοι από εσάς τέσσερα χρόνια λέγατε ότι δεν πάω στην ΕΥΠ για να με ενημερώσει επειδή φοβάμαι; Αλλά πήγα εδώ στη Βουλή των Ελλήνων, μπροστά στους συναδέλφους και αποκαλύφθηκε ότι η ΕΥΠ δεν είχε τίποτα να μου πει. Εσείς λοιπόν που τέσσερα χρόνια αναπαράγετε τα non -papers του Κυριάκου Μητσοτάκη, που με βάζετε στην κρεατομηχανή της πολιτικής ζωής του τόπου, έχετε να μου πείτε μια συγγνώμη; Και αντί να μου πείτε συγγνώμη να με απειλείτε κιόλας; Εσείς τι θα κάνατε στη θέση μου αν η Κυβέρνηση Τσίπρα – Καμμένου σας έκανε αυτό που μου κάνατε εσείς; Δεν θα λέγατε δημοσίως όταν επί τέσσερα χρόνια λέτε ότι φοβάμαι. Πήγα, λοιπόν, όχι στο σκοτάδι, στο φως και του είπα: «Κύριε Δεμίρη, πείτε μου εδώ μπροστά στους συναδέλφους, τι είχατε να μου πείτε και κρυβόμουν». Και μου είπε «τίποτα». Δεν θα το λέγατε δημοσίως; Το βράδυ που θα πάτε στο σπίτι σας με τα παιδιά και τις οικογένειές σας, να δείτε το πρόσωπό σας στον καθρέφτη και να αναρωτηθείτε, στη θέση μου θα το κάνατε ναι ή όχι;
Δεν περιμένω από εσάς -ειδικά από εσάς. Έχω άποψη για την ελληνική ακροδεξιά. Εσείς είστε χρήσιμοι υπάλληλοι της εκάστοτε εξουσίας. Είστε ικανοί και εσείς και ο κ. Γεωργιάδης για τη βουλευτική και υπουργική καρέκλα να τα θυσιάσετε όλα. Εδώ αποκαλούσατε «απατεώνες και κλέφτες» τους ανθρώπους που κάθονται δίπλα σας. Εσείς και ο κ. Γεωργιάδης. Τους λέγατε «κόμμα κλεφτών», «κόμμα απατεώνων». Και τον άνθρωπο που σας στέλνει σήμερα να βγάλετε τη βρώμικη δουλειά, τον αποκαλούσε ο κ. Γεωργιάδης «έναν βαθύπλουτο γόνο», «ανεπάγγελτο», αφήνοντας υπονοούμενα ακόμη και για βαθιά ζητήματα αξιοπιστίας και διαφθοράς. Όταν, λοιπόν, τα έχεις πει όλα αυτά για ένα κόμμα και για έναν Πρωθυπουργό και μετά τον υπηρετείς τόσο πιστά, όλοι καταλαβαίνουν, κ. Βορίδη, τι εκπροσωπείτε.
Εμείς επειδή εκπροσωπούμε κάτι άλλο, πολύ διαφορετικό, θα δώσουμε έναν αγώνα. Και αυτός ο αγώνας δεν είναι ένας αγώνας εμμονής, είναι ένας αγώνας αξιοπρέπειας, είναι ένας πατριωτικός αγώνας. Ένας αγώνας που θα οδηγήσει στη Δικαιοσύνη όποιον έχει εμπλακεί στο παρακράτος και ξέρετε γιατί; Γιατί εμείς είμαστε πατριώτες. Πατριώτες είναι αυτοί, που θέλουν να πάνε στη Δικαιοσύνη.
Αυτοί που τόλμησαν να παρακολουθούν τη μισή κυβέρνηση και τους αρχηγούς των Ενόπλων Δυνάμεων, αυτοί που σιωπούν, δεν είναι πατριώτες. Αυτοί που σιωπούν είναι ανθρωπάκια και αυτούς εκπροσωπείτε.
Ο κ. Πρωθυπουργός δεν θέλει να γίνει αυτή η Εξεταστική. Γιατί; Γιατί πρέπει να έρθει να μας απαντήσεις και ο ίδιος πια. Ο ίδιος.
Πότε έμαθε για το predator;
Πότε έμαθε για την πιθανή στοχοποίηση πολιτικών προσώπων, στρατιωτικών αξιωματούχων και στελεχών της ίδιας της ΕΥΠ;
Ποιες συγκεκριμένες εντολές έδωσε αφού έμαθε την υπόθεση;
Ζήτησε συγκρότηση ομάδας διερεύνησης;
Ζήτησε τεχνικές εκθέσεις;
Δόθηκε εντολή συνεργασίας στην ΑΔΑΕ και την ΕΛΑΣ, την Εισαγγελία ή ξένες υπηρεσίες πληροφοριών για να δούμε τι συνέβη στη χώρα μας;
Αν αυτά δεν έγιναν, ποιος αποφάσισε ότι μια υπόθεση τέτοιου μεγέθους δεν απαιτούσε την άμεση κινητοποίηση της ΕΥΠ;
Και τελικά η μη διερεύνηση ήταν υπηρεσιακή αδράνεια ή πολιτική επιλογή του Κυριάκου Μητσοτάκη;
Για την προστασία της εθνικής ασφάλειας:
Από τη στιγμή που αποδεδειγμένα οι στόχοι ήταν πολιτικά πρόσωπα, υπουργοί, στρατιωτικοί και στελέχη της ΕΥΠ, ζητήσατε αποτίμηση κινδύνου για το ποιες διαβαθμισμένες πληροφορίες ενδέχεται να είχαν εκτεθεί σε ξένα κράτη;
Υπήρξε σχέδιο περιορισμού της ζημίας;
Τροποποιήθηκαν πρωτόκολλα ασφαλείας σε υπουργεία, ΕΥΠ, Ένοπλες Δυνάμεις ή σε άλλους κρατικούς φορείς;
Αν όχι, πώς διασφαλίσατε την εθνική ασφάλεια;
Για υπουργούς και ανώτατους αξιωματούχους, που ήταν στόχοι:
Ενημερώσατε πρόσωπα όπως ο κ. Φλώρος, ο κ. Αλεξόπουλος, ο κ. Δένδιας, ο κ. Γεραπετρίτης και άλλοι ότι είχαν στοχοποιηθεί;
Ζητήσατε να μάθετε αν είχαν πατήσει συνδέσμους παγίδευσης;
Ελέγχθηκαν οι συσκευές τους;
Ενημερωθήκατε αν υπήρξαν πραγματικές παραβιάσεις και αν διέρρευσαν πληροφορίες; Αν δεν ελέγχθηκαν, πώς μπορεί να αποκλειστεί διαρροή κρίσιμων κρατικών δεδομένων;
Για το εύρος των πληροφοριών που ενδεχομένως αποσπάστηκαν:
Ενηµερώθηκε το ΚΥƩΕΑ;
Υπήρξε καταγεγραµµένη αποτίµηση ζηµίας;
Αν δεν υπάρχει τέτοια αξιολόγηση, πώς µπορεί κάποιος να υποστηρίζει ότι δεν υπάρχει σοβαρή εθνική απειλή, κ. Βορίδη;
Μήπως η απουσία αξιολόγησης αποδεικνύει όχι την απουσία ζημίας αλλά την απουσία διάθεσης διερεύνησης;
Αυτά, λοιπόν, για εμένα δεν μια απλή υπόθεση του Ανδρουλάκη. Είναι ζήτημα εθνικής προδοσίας, κ. Βορίδη. Όλες αυτές οι ερωτήσεις αποδεικνύουν ότι δεν έχετε αίσθηση τι σημαίνει εθνική ασφάλεια.
Κυρίες και κύριοι συνάδελφοι,
Η σημερινή συνεδρίαση έπρεπε να οδηγεί σε μια απόφαση. Αλλά ο βασιλιάς είναι γυμνός. Ο Κυριάκος Μητσοτάκης σήμερα αποφάσισε να καταπατήσει το Σύνταγμα και τον Κανονισμό της Βουλής, γιατί απλά φοβάται. Φοβάται για τον ίδιο και για το σύστημά του. Και γνωρίζει πάρα πολύ καλά, την ώρα που θα φύγουν από την εξουσία και αυτή η υπόθεση διερευνηθεί σε βάθος, θα αποτελέσει πολιτικό παρελθόν όχι μόνο ως Πρωθυπουργός αλλά και ως πολιτικό πρόσωπο.
Και αυτό πρέπει να συμβεί, ως μάθημα σε όλους τους επόμενους. Ότι όποιος παίζει με αυτά τα θέματα, θα έχει κόστος, είτε είναι Πρωθυπουργός είτε είναι υπουργός είτε είναι βουλευτής.
Η χώρα θα γίνει μια κανονική ευρωπαϊκή χώρα, όπου δεν θα υπάρχει ατιμωρησία και α λα καρτ δικαιοσύνη για την εγχώρια οικονομική και πολιτική ελίτ. Αυτό θέλει ο λαός μας. Αυτό ζητά και για αυτό αγωνιά ο ελληνικός λαός.
Βάλτε τώρα τους αναλυτές, τα «νεροπίστολα» της δημοσιογραφίας και τα χιλιάδες τρολ του διαδικτύου να πουν το νέο αφήγημα που μόλις πριν από λίγο είπατε. Ότι εγώ δεν μπορώ να γίνω Πρωθυπουργός γιατί λέω την αλήθεια. Ε, ας μείνει Πρωθυπουργός ένας διεφθαρμένος ψεύτης, που σας βάζει να υπονομεύετε τον κοινοβουλευτισμό. Αυτό να πείτε.
Είχα χρέος να πω στον ελληνικό λαό τι έγινε, για να ξέρει την αλήθεια. Και όχι να ενημερώνεται από τα τρολ, που όταν είναι ρωσικής προέλευσης σας ενοχλούν, όταν είναι ισραηλινής προέλευσης δεν έχετε κανένα πρόβλημα.
Μπροστά σε αυτή την κακοποίηση της δημοκρατίας, μπροστά σε έναν Πρωθυπουργό ο οποίος φοβάται, το ΠΑΣΟΚ υπερασπίζεται το Σύνταγμα και τον κανονισμό της Βουλής. Γι’ αυτό και δεν θα νομιμοποιήσουμε το σημερινό θέατρο του παραλόγου, που σκηνοθέτησε ο Κυριάκος Μητσοτάκης με κεντρικό πρωταγωνιστή τον κ. Βορίδη.
Θα σας αφήσουμε μόνους σας σε αυτόν τον ολισθηρό και χωρίς τέλος κατήφορο, κ. Βορίδη και κ. Μητσοτάκη. Έναν κατήφορο που κάθε μέρα γίνεται πιο επικίνδυνος για τη χώρα. Έναν κατήφορο χωρίς τέλος.
Γιατί για εμάς χωρίς τέλος είναι ένας αγώνας αρχών και αξιών, ο αγώνας για τη δημοκρατία για τη θεσμική ομαλότητα και για το κράτος δικαίου.
Η δημοκρατική παράταξη θα αγωνιστεί για να λάμψει το φως της αλήθειας και θα λάμψει το φως της αλήθειας. Και οι ένοχοι, όσο κι αν προσπαθήσετε, θα τιμωρηθούν. Η δημοκρατία θα νικήσει και η παράταξη της Νέας Δημοκρατίας που μας θυμίζει τις χειρότερες εποχές της δεξιάς ηττηθεί, να είστε σίγουροι».
Για «ξεκάθαρο κοινοβουλευτικό πραξικόπημα» έκανε λόγο ο πρόεδρος του ΣΥΡΙΖΑ-ΠΣ,Σωκράτης Φάμελλοςκατά την παρέμβασή του στην αρχή της συνεδρίασης της Ολομέλειας, όσον αφορά την εξεταστική για τις υποκλοπές.
Όπως κατήγγειλε, «με εντολή Μητσοτάκη», το «κατάλληλο δίδυμο Βορίδη-Φλωρίδη» παραβιάζει το Σύνταγμα και τον Κανονισμό της Βουλής.
«Η κυβερνητική πλειοψηφία θέλει πάση θυσία να κρύψει την αλήθεια για το σκάνδαλο των υποκλοπών να τελειώνει αυτήν την εβδομάδα με όλα τα σκάνδαλα», είπε χαρακτηριστικά, τονίζοντας επίσης ότι «με σύμμαχο την ηγεσία του Αρείου Πάγου» στόχος της κυβέρνησης είναι να μπει το σκάνδαλο στο αρχείο «έχοντας ως αφήγημα ότι είναι υπόθεση ιδιωτών».
Ωστόσο, όπως επισήμανε, η απόφαση του πλημμελειοδικείου «αποκάλυψε πολλά» και ήταν υποχρέωση της αντιπολίτευσης να υποβάλει αίτημα εξεταστικής, όπως έκανε το 2022.
Ο Σ. Φάμελλος διερωτήθηκε τί έχει αλλάξει από το 2022 που εγκρίθηκε το αίτημα για εξεταστική και τώρα επιχειρεί η κυβέρνηση να το εμφανίσει ως «ζήτημα εθνικής άμυνας και εξωτερικής πολιτικής για να θέσει τον πήχη στους 151 βουλευτές, να μην ψηφίσει την εξεταστική και έτσι να μπαζώσει, να συγκαλύψει ένα μεγάλο σκάνδαλο δημοκρατίας όπως είναι το σκάνδαλο των υποκλοπών».
«Αυτό που άλλαξε είναι ότι τρέμετε», κατήγγειλε ο πρόεδρος του ΣΥΡΙΖΑ, κάνοντας λόγο για «εκβιαζόμενο πρωθυπουργό» από έναν «απόστρατο αξιωματικό του Ισραήλ» που έχει καταθέσει ότι «το κακόβουλο λογισμικό το έδινε μόνο σε χώρες και υπηρεσίες».
Κλείνοντας την πρώτη του παρέμβαση, ο πρόεδρος του ΣΥΡΙΖΑ-ΠΣ κάλεσε του βουλευτές της συμπολίτευσης να ψηφίσουν κατά συνείδηση γιατί «δεν είναι σκάνδαλο που αφορά τα σύνορα, την εξωτερική πολιτική, αλλά αφορά την παραβίαση του δικαιώματος του απορρήτου των τηλεφωνικών συνομιλιών» αλλά και τον πρόεδρο της Βουλής να πάρει θέση.
«Το μόνο που απειλείται είναι η καρέκλα του κ. Μητσοτάκη, όλοι το έχουν καταλάβει δεν είναι θέμα ιδιωτών, είναι θέμα Μαξίμου», κατέληξε.
«Οι συγκαλύψεις σκανδάλων είναι η αγαπημένη σας καθημερινή ενασχόληση» είπε ο γγ της ΚΕ του ΚΚΕ,Δ. Κουτσούμπαςκατά τη συζήτηση της πρότασης του ΠΑΣΟΚ για σύσταση εξεταστικής επιτροπής στην υπόθεση των υποκλοπών και της ΕΥΠ. «Ξυπνάτε το πρωί, όπως καλή ώρα σήμερα, και το πρώτο ερώτημα που σας απασχολεί είναι: “τι έχουμε να συγκαλύψουμε σήμερα;”. Χθες, ήταν το σκάνδαλο του ΟΠΕΚΕΠΕ, όπου απορρίψατε το αίτημα σύστασης προκαταρκτικής επιτροπής, για να διερευνηθούν ευθύνες των υπουργών σας, που αναφέρονται στη δικογραφία. Σήμερα παίρνει σειρά, για μια ακόμη φορά, το εξίσου μεγάλο σκάνδαλο των υποκλοπών» είπε ο κ. Κουτσούμπας. Τοποθετούμενος μάλιστα επί της απόφασης της κυβερνητικής πλειοψηφίας, να αποφασίσει η ολομέλεια επί της πρότασης για εξεταστική με 151 ψήφους, αντί με 120, είπε ότι «η κοινοβουλευτική ομάδα του ΚΚΕ δεν θα νομιμοποιήσει αυτή τη σημερινή απαράδεκτη και παράνομη διαδικασία που εγκαινιάσατε. Θα αποχωρήσουμε και από τη συνέχεια της συζήτησης και από την ψηφοφορία».
Κατά την ομιλία του, ο γγ της ΚΕ του ΚΚΕ είπε ότι η Βουλή συζητά σήμερα την ανάγκη σύστασης εξεταστικής επιτροπής, για μια ακόμα υπόθεση «που έχετε δώσει τα ρέστα σας για να μην διερευνηθεί, βαθύτερα, με αποτέλεσμα να είμαστε μάρτυρες ενός απίστευτου σήριαλ συγκάλυψης, που εξοργίζει και εμάς και πρωτίστως όλο τον ελληνικό λαό. Δυστυχώς για εσάς, ό,τι και να πείτε δεν μπορεί πλέον να πειστεί κανένας, ότι οι υποκλοπές ήταν υπόθεση κάποιων ιδιωτών, που “τυχαίνει”, αυτοί οι ιδιώτες να είχαν σχέσεις με κράτη και ιμπεριαλιστικούς οργανισμούς, που “τυχαίνει” το ένα τρίτο των στόχων τους να ταυτίστηκε με τους στόχους της ΕΥΠ, που “τυχαίνει” σε αυτά τα πρόσωπα να περιλαμβάνονται δημόσια πρόσωπα, πολιτικοί, στρατιωτικοί, δημοσιογράφοι, αξιωματούχοι κ.ά. Όλες οι συμπτώσεις εδώ μαζεύτηκαν.
Σταματήστε πια αυτό το παραμύθι. Η αλήθεια είναι ότι η ευρηματικότητά σας είναι αστείρευτη όταν πρόκειται να εμποδίσετε διαδικασίες που δεν σας βολεύουν. Τι προσπαθείτε να μας πείσετε τώρα; Ότι η απόφαση για τη σύσταση εξεταστικής επιτροπής απαιτεί 151 βουλευτές, ενώ το 2022 η ίδια απόφαση για το ίδιο θέμα απαιτούσε 120; Τι άλλαξε, αλήθεια, από το 2022; Προφανώς αυτό που άλλαξε είναι ότι έχουν έρθει στην επιφάνεια νέα αδιάσειστα στοιχεία που σας εκθέτουν και γι’ αυτό δεν θέλετε την εξεταστική επιτροπή. Αυτά τα σημαντικά αδιάσειστα στοιχεία, τα οποία, ο διορισμένος από εσάς εισαγγελέας, ο ίδιος που έστελνε παραγγελίες για διώξεις των αγροτών, που αγωνίζονταν, δεν τα αξιολόγησε ως σημαντικά ώστε να ανασύρει την υπόθεση από το αρχείο, όπως ζητούσε η απόφαση του μονομελούς πλημμελειοδικείου. Και εσείς του δώσατε πλήρη κάλυψη σε αυτό» επισήμανε ο κ. Κουτσούμπας.
Όλα αυτά καταλήγουν μόνο στη συγκάλυψη και στα εμπόδια που βάζετε για τη διερεύνηση και αυτού του σκανδάλου τόνισε ο κ. Κουτσούμπας και βεβαίωσε ότι «εμείς, όπως πάντα, θα κάνουμε ό,τι περνά από το χέρι μας για να αποκαλυφθεί η αλήθεια και σε αυτή την υπόθεση. Επιμένουμε να αποκαλυφθούν όλοι οι υπαίτιοι, όσο ψηλά και αν βρίσκονται, να διερευνηθούν οι ευθύνες τους, να κάτσουν στο σκαμνί και να τιμωρηθούν. Να έρθουν στο φως οι πραγματικές αιτίες που το δόγμα “ουδείς εξαιρείται” των παρακολουθήσεων, είναι καθεστώς και στη χώρα μας».",2026,5,22,10
2026-05-22 09:00:00,"Με τη συζήτηση στην Ολομέλεια της Βουλής για την πρόταση τουΠΑΣΟΚσχετικά με τη σύστασηεξεταστικής επιτροπήςγια το σκάνδαλο των υποκλοπών, ολοκληρώνεται η τριήμερη κοινοβουλευτική αντιπαράθεση.
ΤοΜαξίμου έχει αποφασίσει τηναπόρριψη του αιτήματος του ΠΑΣΟΚ, προχωρώντας εκτός απροόπτου σε αυτό που ήταν το επικρατέστερο σενάριο εδώ και καιρό: να γίνειεπίκληση της εθνικής ασφάλειας και να ζητηθεί από την Ολομέλεια της Βουλής να ληφθεί η απόφαση με 151 ψήφους και όχι με 120 «ναι».Η απαίτηση της απόλυτης πλειοψηφίας του αριθμού των βουλευτών προβλέπεται για θέματα για υποθέσεις εξωτερικής πολιτικής και άμυνας, κάτι όμως που η κυβέρνηση δεν είχε επιλέξει το 2022, όταν είχε συγκροτηθεί Εξεταστική (με «παρών» εκ μέρους της ΝΔ) για τις τηλεφωνικές παρακολουθήσεις.
Η κυβερνητική έδρα ξέρει ότι θα προκληθούν σφοδρές αντιδράσεις και επιλέγει να κρατά κλειστά χαρτιά για πώς ακριβώς (με ποια επιχειρηματολογία δηλαδή) θα θέσει το θέμα ως «εθνικής ασφάλειας». Οι εισηγητές πάντως ετοιμάζονται σε αυτή την κατεύθυνση και οι πληροφορίες αναφέρουν ότι στην σημερινή διαδικασία θα αναπτυξει τη θέση της πλειοψηφίας οΜάκης Βορίδης.
Η τελική απόφαση για το αν η πρόταση θα εγκριθεί με πλειοψηφία «151» θα ληφθεί από την Ολομέλεια. Τα κόμματα της αντιπολίτευσης δηλώνουν ότι δεν πρόκειται να αποδεχθούν ή να νομιμοποιήσουν μια τέτοια διαδικασία, χωρίς να έχει ξεκαθαριστεί εάν θα αποχωρήσουν από τη συνεδρίαση ή θα παραμείνουν ως το τέλος.
Κατά τη συζήτηση της Παρασκευής θα λάβουν τον λόγο βουλευτές, κοινοβουλευτικοί εκπρόσωποι και αρχηγοί κομμάτων.Ο Κυριάκος Μητσοτάκης αναμένεται να απουσιάσει, επικαλούμενος τη διάκριση των εξουσιών και την ανάγκη αποφυγής εμπλοκής της εκτελεστικής εξουσίας στη νομοθετική διαδικασία.
Ηονομαστική ψηφοφορία θα διεξαχθεί αργά το απόγευμα χωρίς κάλπη, επιβεβαιώνοντας, όπως όλα δείχνουν, την απόρριψη της πρότασης για σύσταση εξεταστικής επιτροπής.
Τις τελευταίες ημέρες κυκλοφορεί σενάριο περί πιθανής κατάθεσηςπρότασης δυσπιστίας κατά της κυβέρνησης, με αφορμή την απόρριψη της πρότασης του ΠΑΣΟΚ. Ωστόσο, κάτι τέτοιο θεωρείται εξαιρετικά δύσκολο, καθώς κανένα κόμμα δεν διαθέτει τον απαιτούμενο αριθμό των 50 υπογραφών, ενώ δεν φαίνεται να υπάρχει ο αναγκαίος βαθμός διακομματικής συνεννόησης.",2026,5,22,9
2026-05-21 13:16:00,"Τηναπόρριψη του αιτήματος του ΠΑΣΟΚγια σύσταση νέας Εξεταστικής επιτροπής για το σκάνδαλο τωνυποκλοπώνέχει αποφασίσει τοΜαξίμου, προχωρώντας εκτός απροόπτου σε αυτό που ήταν το επικρατέστερο σενάριο εδώ και καιρό: να γίνειεπίκληση της εθνικής ασφάλειας και να ζητηθεί από την Ολομέλεια της Βουλής να ληφθεί η απόφαση με 151 ψήφους και όχι με 120 «ναι».Η απαίτηση της απόλυτης πλειοψηφίας του αριθμού των βουλευτών προβλέπεται για θέματα για υποθέσεις εξωτερικής πολιτικής και άμυνας, κάτι όμως που η κυβέρνηση δεν είχε επιλέξει το 2022, όταν είχε συγκροτηθεί Εξεταστική (με «παρών» εκ μέρους της ΝΔ) για τις τηλεφωνικές παρακολουθήσεις.
«Όλα θα απαντηθούν επί πραγματικών δεδομένων. Δεν έχει να φοβάται η κυβέρνηση μια υπόθεση που ερευνάται από τη δικαιοσύνη. Ας μην βιαζόμαστε, είναι απόφαση της κυβερνητικής πλειοψηφίας.Λίγη υπομονή» είπε πριν από λίγο ο κυβερνητικός εκπρόσωπος,Παύλος Μαρινάκης.
Σημείωσε ότι η αντιπολίτευση επιδιώκει να κινείται «μονοθεματικά» ενώ ως έμμεσο μήνυμα ενόψει της αυριανής διαδικασίας στη Βουλή ερμηνεύεται και μια αποστροφή του Κυριάκου Μητσοτάκη από τη Σπάρτη. Απευθυνόμενος σε πολίτες, στο πλαίσιο περιοδείας του στη Λακωνία, πρωθυπουργός ανέφερε ότι «η επικαιρότητα στα ΜΜΕ δεν συναντιέται με τις προτεραιότητες των πολιτών και όσα συζητούν στο τραπέζι του σπιτιού τους, τους απασχολεί η καθημερινότητα».
Και για άλλη μια φοράεπιχείρισε να χρεώσει «τοξικότητα» στους πολιτικούς αντιπάλους του: «Έχω κάνει συνειδητή επιλογή να μην συναντώμαι στους διαδρόμους της τοξικότητας της αντιπολίτευσης αλλά να προσπαθώ κάθε μέρα να κάνω τις ζωές των πολιτών λίγο καλύτερες» υποστήριξε.
Η κυβερνητική έδρα ξέρει ότι θα προκληθούν σφοδρές αντιδράσεις και επιλέγει να κρατά κλειστά χαρτιά για πώς ακριβώς (με ποια επιχειρηματολογία δηλαδή) θα θέσει το θέμα ως «εθνικής ασφάλειας». Οι εισηγητές πάντως ετοιμάζονται σε αυτή την κατεύθυνση και οι πληροφορίες αναφέρουν ότι στην αυριανή διαδικασία θα αναπτυξει τη θέση της πλειοψηφίας οΜάκης Βορίδης.
Στο μεταξύ σήμερα τοΜαξίμου επανήλθε και στις βολές κατά του ΠΑΣΟΚ για τη διαρροή διαλόγου του Νίκου Ανδρουλακη με τον επικεφαλής της ΕΥΠ στην επιτροπή Θεσμών και Διαφάνειας, υποστηρίζοντας ότι έγινε «σουρωτήρι» μια απόρρητη συνεδρίαση. Η Χαριλάου Τρικούπη καταλογίζει «πανικό» στο Μαξίμου, λέγοντας ότι το «παρακράτος των παράνομων παρακολουθήσεων σχεδιάστηκε και λειτούργησε μέσα στο Μέγαρο Μαξίμου (…) Θα αποκαλυφθεί και οι υπεύθυνοι που έθεσαν σε κίνδυνο την εθνική ασφάλεια και εξευτέλισαν τη χώρα διεθνώς θα λογοδοτήσουν».
Λίγο νωρίτερα, ο πρόεδρος του ΠΑΣΟΚ,Νίκος Ανδρουλάκης, στην τοποθέτησή του στηνΕπιτροπή Συμπαράταξηςγια όσα συνέβησαν στην Επιτροπή Θεσμών και Διαφάνειας, ανέφερε:
«Ρωτούσαν εμένα και τα στελέχη του ΠΑΣΟΚ γιατί δεν πάω να με ενημερώσει ο διοικητής της ΕΥΠ. Χθες που ήρθε στην αρμόδια επιτροπή, στην ερώτησή μου γιατί δεν έδωσε τα στοιχεία στην ΑΔΑΕ να με ενημερώσει νόμιμα, για να ασκήσω περαιτέρω τα δικαιώματά μου στον αγώνα μου στη Δικαιοσύνη, ενημέρωσε την Επιτροπή ότι όχι μόνο δε γνωρίζει τους λόγους, αλλά δεν υπάρχει και κανένα χαρτί που να επιβεβαιώνει ποιοι ήταν αυτοί οι λόγοι που τους οδήγησαν στην παρακολούθηση», ανέφερε.
Σε σκληρό τόνο απευθύνθηκε και στον Κυριάκο Μητσοτάκη, κάνοντας λόγο για «παράλληλο παρακράτος»: «Σταματήστε κύριε Μητσοτάκη να παίζετε τον ελληνικό λαό. Μην υποτιμάτε και μην περιφρονείτε τη νοημοσύνη του, έχουμε καταλάβει ότι πρώτο σας μέλημα το 2019 ήταν να στήσετε ένα παράλληλο παρακράτος αξιοποιώντας ακόμα και τις μυστικές υπηρεσίες. Άρα τρεισήμισι χρόνια η απάντηση στο αφήγημα γιατί “δεν πάει να τον ενημερώσει η ΕΥΠ” είναι ότι μας κοροϊδέψανε, δε γνώριζε καν ο κύριος Δεμίρης τους λόγους. Δεν έχουν κανένα μέτρο. Είναι επικίνδυνοι. Μπροστά στο στόχο να κρατήσουν την εξουσία είναι ικανό για όλα αμετανόητοι».",2026,5,21,13
2026-05-20 19:49:00,"Σε νέα φάση έντασης εισέρχεται η αντιπαράθεση γύρω από την υπόθεση των υποκλοπών, με τον πρόεδρο του ΠΑΣΟΚ Νίκος Ανδρουλάκης να περνά στην αντεπίθεση, ασκώντας σφοδρή κριτική στον πρόεδρο της Βουλής Νικήτας Κακλαμάνης και ανεβάζοντας εκ νέου τους τόνους απέναντι στην κυβέρνηση και την ΕΥΠ.
Αφορμή αποτέλεσε η διαρροή διαλόγων από την κεκλεισμένων των θυρών συνεδρίαση της Επιτροπής Θεσμών και Διαφάνειας, όπου είχε κληθεί ο διοικητής της ΕΥΠ Θεμιστοκλής Δεμίρης. Ο πρόεδρος του ΠΑΣΟΚ έκανε λόγο για «α λα καρτ ευαισθησίες» από πλευράς του προέδρου της Βουλής, αφήνοντας αιχμές για επιλεκτική αυστηρότητα στο ζήτημα των διαρροών.
Διαβάστε ακόμα: Νίκος Ανδρουλάκης: Παρών στην ακρόαση του διοικητή της ΕΥΠ, Θ. Δεμίρη, για τις υποκλοπές
Ο Νίκος Ανδρουλάκης έθεσε ευθέως το ερώτημα αν από τη συνεδρίαση αποκαλύφθηκε οποιοδήποτε κρατικό απόρρητο ή αν, αντιθέτως, επιχειρήθηκε – όπως υποστήριξε – να παραμείνει στο σκοτάδι η κοινή γνώμη. Παράλληλα, προανήγγειλε νομικές ενέργειες κατά του διοικητή της ΕΥΠ, υποστηρίζοντας ότι δεν έχει εφαρμοστεί πλήρως η απόφαση του ανώτατου δικαστηρίου σχετικά με την ενημέρωσή του για τους λόγους της παρακολούθησής του.
Η πολιτική αντιπαράθεση πυροδοτήθηκε μετά την έντονη αντίδραση του Νικήτας Κακλαμάνης, ο οποίος χαρακτήρισε τη διαρροή των συζητήσεων της επιτροπής ως σοβαρό θεσμικό ζήτημα, κάνοντας λόγο για «ευτελισμό της κοινοβουλευτικής διαδικασίας» και αφήνοντας ανοιχτό το ενδεχόμενο διερεύνησης από αρμόδιες επιτροπές.
Διαβάστε ακόμα: Ν. Ανδρουλάκης: «Το μιντιακό παρακράτος της ΝΔ οργάνωσε με συκοφαντίες εκ νέου μία πολιτική δολοφονία, μία ηθική εξόντωση»
Από την πλευρά του, ο πρόεδρος του ΠΑΣΟΚ επανήλθε, κατηγορώντας τον πρόεδρο της Βουλής για επιλεκτική ευαισθησία, ενώ τον κατηγόρησε και για ευθύνες σχετικά με τη λειτουργία ανεξάρτητων αρχών, όπως η Αρχή Προστασίας Δεδομένων Προσωπικού Χαρακτήρα.
Το ζήτημα των υποκλοπών επανήλθε στο προσκήνιο μέσα από τη συνεδρίαση της Επιτροπής Θεσμών και Διαφάνειας, όπου ο διοικητής της ΕΥΠ κλήθηκε να απαντήσει σε ερωτήματα για τη διαδικασία παρακολούθησης του αρχηγού της αξιωματικής αντιπολίτευσης.
Διαβάστε ακόμα: Υποκλοπές: Στην επιτροπή Δεοντολογίας στέλνει ο Κακλαμάνης το θέμα των διαρροών για ΕΥΠ
Σύμφωνα με όσα έγιναν γνωστά, ο ίδιος φέρεται να ανέφερε ότι στον σχετικό φάκελο περιλαμβάνεται μόνο η διάταξη και όχι οι λόγοι της παρακολούθησης, ενώ σε ερώτηση για τα σχετικά έγγραφα απάντησε ότι δεν τα έχει δει.
Οι απαντήσεις αυτές προκάλεσαν έντονη αντίδραση από τον Νίκος Ανδρουλάκης, ο οποίος έκανε λόγο για περιφρόνηση της κοινοβουλευτικής διαδικασίας και έθεσε ζήτημα θεσμικής σοβαρότητας στη λειτουργία της ΕΥΠ.
Σε πολιτικό επίπεδο, ο πρόεδρος του ΠΑΣΟΚ άφησε ανοιχτό το ενδεχόμενο κατάθεσης πρότασης δυσπιστίας, ασκώντας ευρύτερη κριτική στην κυβέρνηση και υποστηρίζοντας ότι η πολιτική κατάσταση απαιτεί καθαρή απάντηση από τους πολίτες.
Η υπόθεση αναμένεται να συνεχίσει να τροφοδοτεί έντονη πολιτική αντιπαράθεση, με επίκεντρο τη διαφάνεια στη λειτουργία των θεσμών, τον έλεγχο των υπηρεσιών ασφαλείας και τα όρια της κοινοβουλευτικής ενημέρωσης σε ζητήματα εθνικής ασφάλειας.
Σε απάντηση των «περί κοινοβουλευτικής εκτροπής» λεχθέντων από τον κ. Πρόεδρο της Βουλής, ο κ. Κακλαμάνης δήλωσε τα εξής:
Ο Πρόεδρος της Βουλής διυλίζει τον κώνωπα και καταπίνει την κάμηλο. Η χώρα τελεί υπό δημοκρατική εκτροπή που απεικονίζεται και στη λειτουργία του κοινοβουλίου.
Την ευθύνη μαζί με τον πρωθυπουργό φέρουν ακεραία ο ίδιος ο Πρόεδρος της Βουλής και ο προκάτοχος του.",2026,5,20,19
2026-05-20 15:55:00,"ΣτηνΕπιτροπή Δεοντολογίαςπαραπέμπει ο πρόεδρος της ΒουλήςΝικήτας Κακλαμάνηςτιςδιαρροές διαλόγων από την απόρρητη συνεδρίαση τηςΕπιτροπής Θεσμών και Διαφάνειας, στην οποία είχε κληθεί σε ακρόαση ο διοικητής τηςΕθνικής Υπηρεσίας Πληροφοριών (ΕΥΠ)Θεμιστοκλής Δεμίρης.
«Αυτό που έχει γίνει δεν είναι απλά ευτελισμός της κοινοβουλευτικής διαδικασίας, είναι κοινοβουλευτική εκτροπή», δήλωσε ο πρόεδρος της Βουλής. Ο Νικήτας Κακλαμάνης θα ζητήσει από την Επιτροπή Δεοντολογίας να συγκεντρώσει όλα τα σχετικά δημοσιεύματα και να διερευνήσει την προέλευση των διαρροών, οι οποίες, όπως ανέφερε, ενδέχεται να συνιστούν ακόμη καιποινικό αδίκημα.
Ο πρόεδρος της Βουλής τόνισε ότι, εφόσον η έρευνα της Επιτροπής Δεοντολογίας εντοπίσει πρόσωπα που ευθύνονται για τις διαρροές, θα ακολουθήσουν οι «νόμιμες διαδικασίες», όπως προβλέπεται.
Ο διοικητής της ΕΥΠ είχε κληθεί στην Επιτροπή Θεσμών και Διαφάνειας της Βουλής μετά από αιτήματα κομμάτων της αντιπολίτευσης. Η ακρόασή του πραγματοποιήθηκε σύμφωνα με το άρθρο 43Α του Κανονισμού της Βουλής, το οποίο ορίζει ότι«οι συζητήσεις για τη δραστηριότητα της ΕΥΠ είναι απόρρητες και τα μέλη της κοινοβουλευτικής επιτροπής δεσμεύονται να τηρούν το απόρρητο αυτό και μετά τη λήξη της θητείας τους».
«Σήμερα το ΠΑΣΟΚ απέδειξε ότι υπάρχει όλο και πιο κάτω στον κατήφορό του, διαρρέοντας μέσω ηλεκτρονικού ταχυδρομείου σε δημοσιογράφουςδιάλογο– προϊόν κοπτοραπτικής από μία απόρρητη συνεδρίαση της Επιτροπής Θεσμών και Διαφάνειας της Βουλής των Ελλήνων», αναφέρουν σε ανακοίνωσηκυβερνητικές πηγές.
Ολόκληρη η ανακοίνωση
Σήμερα το ΠΑΣΟΚ απέδειξε ότι υπάρχει όλο και πιο κάτω στον κατήφορό του, διαρρέοντας μέσω ηλεκτρονικού ταχυδρομείου σε δημοσιογράφους διάλογο – προϊόν κοπτοραπτικής από μία απόρρητη συνεδρίαση της Επιτροπής Θεσμών και Διαφάνειας της Βουλής των Ελλήνων.
Πέραν την ποινικής διάστασης της ανωτέρω πράξης, είναι εξοργιστικό το γεγονός ότι ο φερόμενος διάλογος αφορά τον εν ενεργεία Διοικητή της Εθνικής Υπηρεσίας Πληροφοριών, έναν σοβαρό και έμπειρο διπλωμάτη, ο οποίος αυτή τη στιγμή χειρίζεται νευραλγικής φύσεως ζητήματα για την εθνική ασφάλεια.
Μάλιστα, ο κ. Ανδρουλάκης έφτασε στο σημείο να απειλεί τον Διοικητή της ΕΥΠ ότι θα στραφεί νομικά εναντίον του. Γεγονός, όπως λέει ο ίδιος, «πρωτοφανές στα ελληνικά και ευρωπαϊκά χρονικά».
Είχαμε κατηγορήσει το ΠΑΣΟΚ ότι έχει μετατραπεί σε «πράσινο ΣΥΡΙΖΑ». Σήμερα ο κ. Ανδρουλάκης μετεξελίσσεται σε «πράσινη Ζωή».
Ανέβηκαν οι τόνοι κατά τησυνεδρίαση της Επιτροπής Θεσμών και Διαφάνειας της Βουλήςγια την υπόθεση τωνυποκλοπών,στην οποία παρών ήταν και ο πρόεδρος του ΠΑΣΟΚ – ΚΙΝΑΛ,Νίκος Ανδρουλάκης, ο οποίος εξαπέλυσε επίθεση κατά του επικεφαλής της ΕΥΠ,Θεμιστοκλή Δεμίρη.
ΔΕΜΙΡΗΣ: Τον φάκελο τον παρέδωσα στην ΑΔΑΕ.
ΑΝΔΡΟΥΛΑΚΗΣ: Στον φάκελο γράφονται οι λόγοι της παρακολούθησής μου;
ΔΕΜΙΡΗΣ: Όχι, εμπεριέχεται μόνο η διάταξη.
ΑΝΔΡΟΥΛΑΚΗΣ: Δεν παραδώσατε, λοιπόν, τους λόγους για τους οποίους διατάχθηκε η παρακολούθησή μου. Που είναι αυτά τα έγγραφα;
ΔΕΜΙΡΗΣ: Πολλές φορές τα αιτήματα γίνονται προφορικά.
ΑΝΔΡΟΥΛΑΚΗΣ: Δηλαδή λέτε ότι η δική μου παρακολούθηση διατάχθηκε προφορικά; Αυτό μου λέτε;
ΔΕΜΙΡΗΣ: Όχι, δεν λέω αυτό.
ΑΝΔΡΟΥΛΑΚΗΣ: Τι λέτε; Έχετε δει σε κάποιο έγγραφο τους λόγους της παρακολούθησής μου;
ΔΕΜΙΡΗΣ: Όχι, δεν τους έχω δει. Όταν κλιμάκιο της ΑΔΑΕ ήρθε στην υπηρεσία για έλεγχο, τους δείξαμε αυτά που είχαμε.
ΑΝΔΡΟΥΛΑΚΗΣ: Άρα, τι δείξατε στην ΑΔΑΕ; Κάτι που εσείς ο ίδιος δεν είδατε ποτέ, όπως μόλις μας είπατε; Σταματήστε να περιφρονείτε τη νοημοσύνη μας. Απευθύνεστε στη Βουλή των Ελλήνων και έχετε υποχρέωση αυτά που λέτε να είναι σοβαρά. Σήμερα, συνεπώς, ο κ. Δεμίρης μας λέει ότι ενώ έχουν συμβεί όλα αυτά τα τελευταία χρόνια, δεν είχε το «ενδιαφέρον» να μάθει τους λόγους που ξέσπασε ένα από τα μεγαλύτερα σκάνδαλα. Την πρώτη φορά που ήρθε ενώπιον της Επιτροπής Θεσμών επικαλέστηκε το απόρρητο. Τώρα δεν επικαλείται το απόρρητο αλλά μας λέει ευθαρσώς ότι ουδέποτε είδε έγγραφο με τους λόγους που οδήγησαν να ζητηθεί η παρακολούθησή μου.",2026,5,20,15
2026-05-20 15:10:00,"«Σήμερα το ΠΑΣΟΚ απέδειξε ότι υπάρχει όλο και πιο κάτω στον κατήφορό του, διαρρέοντας μέσω ηλεκτρονικού ταχυδρομείου σε δημοσιογράφουςδιάλογο– προϊόν κοπτοραπτικής από μία απόρρητη συνεδρίαση της Επιτροπής Θεσμών και Διαφάνειας της Βουλής των Ελλήνων», αναφέρουν σε ανακοίνωσηκυβερνητικές πηγές.
Σήμερα το ΠΑΣΟΚ απέδειξε ότι υπάρχει όλο και πιο κάτω στον κατήφορό του, διαρρέοντας μέσω ηλεκτρονικού ταχυδρομείου σε δημοσιογράφους διάλογο – προϊόν κοπτοραπτικής από μία απόρρητη συνεδρίαση της Επιτροπής Θεσμών και Διαφάνειας της Βουλής των Ελλήνων.
Πέραν την ποινικής διάστασης της ανωτέρω πράξης, είναι εξοργιστικό το γεγονός ότι ο φερόμενος διάλογος αφορά τον εν ενεργεία Διοικητή της Εθνικής Υπηρεσίας Πληροφοριών, έναν σοβαρό και έμπειρο διπλωμάτη, ο οποίος αυτή τη στιγμή χειρίζεται νευραλγικής φύσεως ζητήματα για την εθνική ασφάλεια.
Μάλιστα, ο κ. Ανδρουλάκης έφτασε στο σημείο να απειλεί τον Διοικητή της ΕΥΠ ότι θα στραφεί νομικά εναντίον του. Γεγονός, όπως λέει ο ίδιος, «πρωτοφανές στα ελληνικά και ευρωπαϊκά χρονικά».
Είχαμε κατηγορήσει το ΠΑΣΟΚ ότι έχει μετατραπεί σε «πράσινο ΣΥΡΙΖΑ». Σήμερα ο κ. Ανδρουλάκης μετεξελίσσεται σε «πράσινη Ζωή».",2026,5,20,15
2026-05-20 14:32:00,"Ματαιώθηκεη συνεδρίαση τηςΕπιτροπής Θεσμών και Διαφάνειαςπου ήταν προγραμματισμένη για σήμερα το μεσημέρι για την κλήτευση σε ακρόαση του εισαγγελέα του Αρείου ΠάγουΚωνσταντίνου Τζαβέλλαμετά την επιστολή που απέστειλε και υποστήριξε ότι αυτή «δεν συμβιβάζεται με την συνταγματική αρχή της διάκρισης των εξουσιών» του Συντάγματος.
Ο πρόεδρος της Επιτροπής Θεσμών και Διαφάνειας Αθανάσιος Μπούρας, κατόπιν της επιστολής του εισαγγελέα του Αρείου Πάγου, κατά τη λήξη της κεκλεισμένων των θυρών συνεδρίασης της Επιτροπής όπου διεξήχθη η ακρόαση του διοικητή της ΕΥΠ Θεμιστοκλή Δεμίρη σχετικά με το θέμα των Υποκλοπών, ανέφερε ότι η επόμενη συνεδρίαση αναβάλλεται.
Σύμφωνα με πληροφορίες τα κόμματα της αντιπολίτευσης διαμαρτυρήθηκαν υποστηρίζοντας ότι η Επιτροπή θα έπρεπε να συνεδριάσει και να γίνει συζήτηση επί των όσων αναφέρει ο εισαγγελέας του Αρείου Πάγου στην επιστολή του.",2026,5,20,14
2026-05-20 14:02:00,"Ανέβηκαν οι τόνοι κατά τησυνεδρίαση της Επιτροπής Θεσμών και Διαφάνειας της Βουλήςγια την υπόθεση τωνυποκλοπών, η οποία βρίσκεται σε εξέλιξη από νωρίς το πρωί της Τετάρτης. Στη συνεδρίαση παρίσταται και ο πρόεδρος του ΠΑΣΟΚ – ΚΙΝΑΛ,Νίκος Ανδρουλάκης, ο οποίος εξαπέλυσε επίθεση κατά του επικεφαλής της ΕΥΠ,Θεμιστοκλή Δεμίρη.
ΔΕΜΙΡΗΣ: Τον φάκελο τον παρέδωσα στην ΑΔΑΕ.
ΑΝΔΡΟΥΛΑΚΗΣ: Στον φάκελο γράφονται οι λόγοι της παρακολούθησής μου;
ΔΕΜΙΡΗΣ: Όχι, εμπεριέχεται μόνο η διάταξη.
ΑΝΔΡΟΥΛΑΚΗΣ: Δεν παραδώσατε, λοιπόν, τους λόγους για τους οποίους διατάχθηκε η παρακολούθησή μου. Που είναι αυτά τα έγγραφα;
ΔΕΜΙΡΗΣ: Πολλές φορές τα αιτήματα γίνονται προφορικά.
ΑΝΔΡΟΥΛΑΚΗΣ: Δηλαδή λέτε ότι η δική μου παρακολούθηση διατάχθηκε προφορικά; Αυτό μου λέτε;
ΔΕΜΙΡΗΣ: Όχι, δεν λέω αυτό.
ΑΝΔΡΟΥΛΑΚΗΣ: Τι λέτε; Έχετε δει σε κάποιο έγγραφο τους λόγους της παρακολούθησής μου;
ΔΕΜΙΡΗΣ: Όχι, δεν τους έχω δει. Όταν κλιμάκιο της ΑΔΑΕ ήρθε στην υπηρεσία για έλεγχο, τους δείξαμε αυτά που είχαμε.
ΑΝΔΡΟΥΛΑΚΗΣ: Άρα, τι δείξατε στην ΑΔΑΕ; Κάτι που εσείς ο ίδιος δεν είδατε ποτέ, όπως μόλις μας είπατε; Σταματήστε να περιφρονείτε τη νοημοσύνη μας. Απευθύνεστε στη Βουλή των Ελλήνων και έχετε υποχρέωση αυτά που λέτε να είναι σοβαρά. Σήμερα, συνεπώς, ο κ. Δεμίρης μας λέει ότι ενώ έχουν συμβεί όλα αυτά τα τελευταία χρόνια, δεν είχε το «ενδιαφέρον» να μάθει τους λόγους που ξέσπασε ένα από τα μεγαλύτερα σκάνδαλα. Την πρώτη φορά που ήρθε ενώπιον της Επιτροπής Θεσμών επικαλέστηκε το απόρρητο. Τώρα δεν επικαλείται το απόρρητο αλλά μας λέει ευθαρσώς ότι ουδέποτε είδε έγγραφο με τους λόγους που οδήγησαν να ζητηθεί η παρακολούθησή μου.
Ματαιώθηκε η συνεδρίαση της Επιτροπής Θεσμών και Διαφάνειας που ήταν προγραμματισμένη για σήμερα το μεσημέρι για την κλήτευση σε ακρόαση του εισαγγελέα του Αρείου Πάγου Κωνσταντίνου Τζαβέλλα μετά τηνεπιστολή που απέστειλε και υποστήριξε ότι αυτή «δεν συμβιβάζεται με την συνταγματική αρχή της διάκρισης των εξουσιών» του Συντάγματος.
Ο πρόεδρος της Επιτροπής Θεσμών και Διαφάνειας Αθανάσιος Μπούρας, κατόπιν της επιστολής του εισαγγελέα του Αρείου Πάγου, κατά τη λήξη της κεκλεισμένων των θυρών συνεδρίασης της Επιτροπής όπου διεξήχθη η ακρόαση του διοικητή της ΕΥΠ Θεμιστοκλή Δεμίρη σχετικά με το θέμα των υποκλοπών, ανέφερε ότι ηεπόμενη συνεδρίαση αναβάλλεται.
Σύμφωνα με πληροφορίες τακόμματα της αντιπολίτευσης διαμαρτυρήθηκανυποστηρίζοντας ότι η Επιτροπή θα έπρεπε να συνεδριάσει και να γίνει συζήτηση επί των όσων αναφέρει ο εισαγγελέας του Αρείου Πάγου στην επιστολή του.",2026,5,20,14
2026-05-20 11:24:00,"Tηνερχόμενη Παρασκευή 22 Μαΐουθα συζητηθεί στην ολομέλεια η πρόταση τουΠΑΣΟΚ«Σύστασης Εξεταστικής Επιτροπής για την εξέταση του ειδικού ζητήματος δημοσίου συμφέροντος της παράνομης χρήσης του παράνομου λογισμικού Ρredator στην Ελληνική επικράτεια (87 επαληθευμένες στοχεύσεις σε βάρος φυσικών προσώπων), της εικαζόμενης συμμετοχής της Εθνικής Υπηρεσίας Πληροφοριών (ΕΥΠ) σε υποθέσεις παραβίασης του απορρήτου των επικοινωνιών και παράνομης επεξεργασίας δεδομένων προσωπικού χαρακτήρα, της χειραγώγησης της Εξεταστικής Επιτροπής που συνεστήθη σύμφωνα με την από 29 Αυγούστου 2022 απόφαση της Ολομέλειας της Βουλής και την έρευνα για την ύπαρξη ευθυνών του Πρωθυπουργού κ. Κυριάκου Μητσοτάκη και κάθε άλλου εμπλεκομένου φυσικού ή νομικού προσώπου κατά τα άρθρα 68 παρ. 2 εδ. γ’ του Συντάγματος και 144 παρ. 5 εδ. β’ του Κανονισμού της Βουλής».
Η συζήτηση της πρότασης σύστασης εξεταστικής επιτροπής την ερχόμενη Παρασκευήπροσδιορίστηκε με απόφαση της Διάσκεψης των Προέδρων. Η όλη διαδικασία στην ολομέλεια αναμένεται να διαρκέσει 10 με 11 ώρες και εφόσον τεθεί ζήτημα για την απαιτούμενη πλειοψηφία, επ΄αυτού θα κρίνει η ολομέλεια.
Όπως ορίζεται στο άρθρο 144 παρ. 5 εδ.β. του Κανονισμού της Βουλής, δηλαδή ηδιάταξη που επικαλείται το ΠΑΣΟΚ, στην πρόταση του για τη λήψη απόφασης, «μετά από πρόταση δέκα τουλάχιστον βουλευτών, η Βουλή μπορεί να συνιστά δύο, ανά κοινοβουλευτική περίοδο, εξεταστικές επιτροπές, με απόφαση που λαμβάνεται από τα δύο πέμπτα (2/5) τουλάχιστον του συνόλου των βουλευτών, ανεξαρτήτως πλειοψηφίας, και υπό την επιφύλαξη του δεύτερου εδαφίου της παραγράφου 2 του άρθρου 68 του Συντάγματος». (σ.σ. 120 ψήφοι)
Όπως ορίζεται στο άρθρο 144 παρ.6 του Κανονισμού της Βουλής που εικάζεται ότι μπορεί να αντιπροταθεί, «η απόφαση της Oλoμέλειας της Boυλής για την κατά τo άρθρo 68 παρ. 2 εδ. β΄ τoυ Συντάγματoς σύσταση εξεταστικής επιτρoπής για ζητήματα πoυ ανάγoνται στην εξωτερική πoλιτική και την εθνική άμυνα λαμβάνεται με την απόλυτη πλειoψηφία τoυ όλoυ αριθμoύ των Boυλευτών». (σ.σ. 151 ψήφοι)
«Πριν από λίγο στη σημερινή συνεδρίαση της Διάσκεψης των Προέδρων ο Πρόεδρος της Βουλής, κ. Νικήτας Κακλαμάνης, ανακοίνωσε ότι την Παρασκευή εισάγεται στην Ολομέλεια το αίτημα της Κ.Ο. του ΠΑΣΟΚ για τη σύσταση εξεταστικής επιτροπής για τις παράνομες παρακολουθήσεις. Ο κ. Κακλαμάνης έκανε ρητή αναφορά στα άρθρα του Συντάγματος και του Κανονισμού της Βουλής  που σύμφωνα με την πρόταση της Κ.Ο. πρέπει να εφαρμοστούν για τη σύσταση εξεταστικής επιτροπής της μειοψηφίας, δηλαδή η εξεταστική επιτροπή αποφασίζεται με τουλάχιστον 120 ψήφους» αναφέρει σε ανακοίνωσή του τοΠΑΣΟΚ.
«Όταν οι εκπρόσωποι του ΠΑΣΟΚ στη Διάσκεψη ζήτησαν να δεσμευτεί ο Πρόεδρος της Βουλής ως θεματοφύλακας των κοινοβουλευτικών διαδικασιών, ότι δεν θα αλλάξει η προβλεπόμενη διαδικασία -όπως διαρρέεται στον Τύπο ότι είναι πρόθεση της κυβέρνησης-, ο κ. Κακλαμάνης παρέπεμψε στην Ολομέλεια.
Περιέργως, παρά τα επανειλημμένα αιτήματα να τοποθετηθούν οι εκπρόσωποι της Νέας Δημοκρατίας,εκείνοι σιώπησαν» τονίζει και προσθέτει:
«Σήμερα, συνεπώς,είδαμε  το τρέιλερ  μιας ακόμη προαναγγελθείσας θεσμικής εκτροπής. Μην διανοηθεί η κυβερνητική πλειοψηφία να ευτελίσει ξανά το Κοινοβούλιο για να αποφύγει τη λογοδοσία για το δυσώδες σκάνδαλο των παράνομων παρακολουθήσεων. Η συγκάλυψη δεν θα περάσει».",2026,5,20,11
2026-05-20 10:55:00,"Ηυπόθεση τωνυποκλοπώνεπιστρέφει στο επίκεντρο της πολιτικής επικαιρότητας, καθώς σήμερα συνεδριάζει ηΕπιτροπή Θεσμών και Διαφάνειαςτης Βουλής. Στη συνεδρίαση έχουν κληθεί ο διοικητής της ΕΥΠ,Θεμιστοκλής Δεμίρης, και ο εισαγγελέας του Αρείου Πάγου,Κωνσταντίνος Τζαβέλλας.
Ο διοικητής της ΕΥΠ καλείται να τοποθετηθεί, παρουσία του υπουργού Επικρατείας Άκη Σκέρτσου, σχετικά με την εμπλοκή της υπηρεσίας στην υπόθεση. Ωστόσο, σύμφωνα με την πάγια πρακτική επί ΝΔ, ησυνεδρίαση θα διεξαχθείκεκλεισμένων των θυρών, καθώς αφορά ζητήματα που χαρακτηρίζονται ως «εθνικής ασφαλείας».
Στη διαδικασία ακρόασης του διοικητή της ΕΥΠ παρίσταται και ο πρόεδρος του ΠΑΣΟΚ,Νίκος Ανδρουλάκης, ο οποίος έχει αποτελέσει κεντρικό πρόσωπο στη δημόσια συζήτηση για το θέμα των παρακολουθήσεων.
Γιατις 13:00 είχε προγραμματιστεί η κατάθεση του εισαγγελέα του Αρείου Πάγου, Κωνσταντίνου Τζαβέλλα, μετά την απόφασή του να θέσει την υπόθεση των υποκλοπών στο αρχείο. Ωστόσο, ο ίδιος αποφάσισε να μην παραστεί στην Επιτροπή, επικαλούμενος λόγους «Συνταγματικής τάξης» και «διάκρισης εξουσιών».
Η στάση αυτή έχει προκαλέσει έντονεςαντιδράσεις και κατηγορίες περί συνέχισης της συγκάλυψης. Σε επιστολή του προς την Επιτροπή, ο κ. Τζαβέλλας επισημαίνει ότι, βάσει του Συντάγματος και της νομολογίας του Αρείου Πάγου, «δεν νοείται να πάει στη Βουλή για παροχή απαντήσεων για δικαιοδοτική κρίση ο εισαγγελέας ΑΠ».
«Δεν συμβιβάζεται με την συνταγματική αρχή της διάκρισης των εξουσιών», αναφέρει στην τετρασέλιδη επιστολή ο εισαγγελέας τους Αρείου Πάγου, Κωνσταντίνος Τσαβέλλας, για κλήτευσή του σε ακρόαση στην Επιτροπή Θεσμών και Διαφάνειας που έχει προγραμματιστεί για σήμερα το μεσημέρι.
Ο εισαγγελέας του Αρείου Πάγου, στην επιστολή που απέστειλε στην Επιτροπή Θεσμών και Διαφάνειας και κοινοποίησε στον πρόεδρο της Βουλής, Νικήτα Κακλαμάνη, επικαλείται το άρθρο 26 παρ. 1 του Κανονισμού της Βουλής (ΚτΒ) αλλά και την Απόφαση της Ολομέλειας του Αρείου Πάγου 1/2011 που έχει αποφανθεί σχετικά.
Μεταξύ άλλων, ο κ. Τζαβέλλας υπογραμμίζει ότι «η Επιτροπή μπορεί να καλεί σε ακρόαση τη δικαστική ηγεσία της χώρας για θέματα όμως που αφορούν σε λειτουργικά ζητήματα της δικαιοσύνης προς τον σκοπό της διαφάνειας» σύμφωνα με τον ΚτΒ. Παράλληλα, κάνει εκτενή αναφορά στην Απόφαση 1/2011 της Ολομέλειας του Αρείου Πάγου, σημειώνοντας πως «η προσέλευση των κορυφαίων παραγόντων της Δικαιοσύνης, προς ακρόαση, ενώπιον της Επιτροπής, δεν είναι υποχρεωτική» σε αντιδιαστολή «της υποχρεωτικής προσέλευσης σε αυτήν άλλων λειτουργών του κράτους».
Ο συνήγορος θυμάτων των υποκλοπών, Ζαχαρίας Κεσσές, σημείωσε ότι η απόφαση του κ. Τζαβέλλα «να μην εμφανιστεί στο Ελληνικό Κοινοβούλιο είναι θλιβερή και αντιπροσωπευτική του αρνητικού τρόπου με τον οποίο έχει επιλέξει να μνημονεύεται στο μέλλον» ενώ χαρακτήρισε «πράξη μέγιστης υποκρισίας» την επίκληση της αρχής της διάκρισης των εξουσιών καθώς «ο κ. Τζαβέλλας συντονίστηκε με τις επιθυμίες της εκτελεστικής εξουσίας και συνέβαλε στη συγκάλυψη της υπόθεσης».
«Ο κ. Τζαβέλλας επέλεξε να κρυφτεί και αυτό είναι μια περαιτέρω απόδειξη της ακαταλληλότητας του, καθώς ούτως ή άλλως οι κρίσεις του στην υπόθεση των υποκλοπών κινήθηκαν πέρα από τα όρια της κοινής λογικής. Ο ίδιος αδιαφόρησε για αδιαμφισβήτητα αποδεικτικά στοιχεία και λειτούργησε με τέτοιο τρόπο που ούτε οι συνήγοροι των κατηγορούμενων δεν θα είχαν τολμήσει», υπογράμμισε ο κ. Κεσσές.
Στην τοποθέτησή στην Επιτροπή Θεσμών και Διαφάνειας της Βουλής, οΝίκος Ανδρουλάκηςαπευθύνθηκε στον Διοικητή τηςΕΥΠ, επισημαίνοντας ότι πράττει το καθήκον του με την παρουσία του στην επιτροπή, σε αντίθεση – όπως ανέφερε – με τον Εισαγγελέα του Αρείου Πάγου, ο οποίοςδεν προσήλθε επικαλούμενος τη διάκριση των εξουσιών.
Ο κ. Ανδρουλάκης χαρακτήρισε τη στάση αυτή«αδικαιολόγητη για ανώτατο κρατικό λειτουργό», υπογραμμίζοντας ότι οφείλει όχι μόνο να προστατεύει την ανεξαρτησία της δικαιοσύνης, αλλά και να συνδράμει στη λειτουργία της Βουλής. Αναφερόμενος στον κ. Τζαβέλλα, σημείωσε ότι, ενώ είχε υπογράψει παρακολουθήσεις, επέλεξε να μην παραστεί στη διαδικασία λογοδοσίας ενώπιον της επιτροπής.
Ο πρόεδρος του ΠΑΣΟΚ – ΚΙΝΑΛ εξέφρασε έντονη δυσαρέσκεια για τη μη συμμόρφωση της ΕΥΠ με την ομόφωνη απόφαση της Ολομέλειας του Συμβουλίου της Επικρατείας 465/2024. Όπως τόνισε, η απόφαση προβλέπει ότι τα παρακολουθούμενα πρόσωπα πρέπει να έχουν πρόσβαση όχι μόνο στη χορήγηση της άδειας, αλλά και στην αίτηση της αρχής που τη ζήτησε. Ωστόσο, όπως ανέφερε, στην περίπτωσή του η ΑΔΑΕ τού γνωστοποίησε μόνο τον αριθμό της διάταξης, καθώς η υπηρεσία αρνήθηκε να χορηγήσει περαιτέρω στοιχεία.
Ο κ. Ανδρουλάκης έθεσε ευθέως το ερώτημα γιατί δεν υπάρχει συμμόρφωση με την απόφαση του Συμβουλίου της Επικρατείας και κάλεσε τον Διοικητή της ΕΥΠ να παραδώσει άμεσα τον φάκελο με τα συνοδευτικά στοιχεία της άρσης απορρήτου. Επικαλέστηκε, μάλιστα, τη δήλωση του Πρωθυπουργού κατά την τηλεμαχία του 2023, σύμφωνα με την οποία«ουδείς λόγος εθνικής ασφάλειας συνέτρεχε για την παρακολούθησή του», ζητώντας εξηγήσεις για το ποιος λόγος απορρήτου επικαλείται η υπηρεσία.
Απευθυνόμενος προσωπικά στον κ. Δεμίρη, υπενθύμισε τη μακρά πορεία του στο διπλωματικό σώμα και ζήτησε να τηρηθεί η νομιμότητα και η κρίση του Συμβουλίου της Επικρατείας. Προειδοποίησε ότι η μη συμμόρφωση εκθέτει διεθνώς τη χώρα και προανήγγειλε ότι θα προσφύγει νομικά κατά παντός υπευθύνου, συμπεριλαμβανομένου του ίδιου του Διοικητή της ΕΥΠ.
Κλείνοντας, ο Νίκος Ανδρουλάκης σχολίασε την εισαγωγική τοποθέτηση του κ. Δεμίρη, ζητώντας να διευκρινίσει τι εννοεί όταν αναφέρεται σε«δύσκολες συνθήκες»υπό τις οποίες παρέλαβε την υπηρεσία. Παράλληλα, υπενθύμισε ότι είχε ζητήσει έλεγχο των κινητών τηλεφώνων υπουργών και βουλευτών για να διασφαλιστεί η προστασία τους από παράνομα λογισμικά, χωρίς – όπως είπε – να υπάρξει ανταπόκριση.
«Άρα, περισσότερο βλέπω υποκρισία παρά αγωνία προστασίας της εθνικής ασφάλειας», κατέληξε ο πρόεδρος του ΠΑΣΟΚ – ΚΙΝΑΛ, απευθυνόμενος στον Διοικητή της ΕΥΠ.
Αιχμηρά ήταν και τα σχόλια της αντιπολίτευσης με τοΠΑΣΟΚνα μιλά για «αλλεπάλληλες σκηνές στο έργο της συγκάλυψης».
«Η επίκληση της αρχής της διάκρισης των εξουσιών δεν πείθει κανέναν. Αντιθέτως, η απόφαση της αρχειοθέτησης είναι αυτή που έχει δημιουργήσει σε όλη την κοινωνία την αίσθηση της κατάργησης στην πράξη της διάκρισης των εξουσιών».
ΗΝέα Αριστεράσε ανακοίνωσή της κατηγόρησε τον εισαγγελέα του Αρείου Πάγου ότι αντιμετωπίζει τη Βουλή ως «πάρεργο». «Κάποιος να ενημερώσει τον κ. Τζαβέλλα ότι το να λογοδοτούν οι θεσμοί στη Βουλή ή έστω να ενημερώνουν για το σκεπτικό των αποφάσεών τους δεν έγκειται σε κάποια καλή προαίρεση. Είναι υποχρέωση σε μία κοινοβουλευτική δημοκρατία», ανέφερε χαρακτηριστικά.
Εν τω μεταξύ ηδικηγόρος του Χρήστου Σπίρτζη, που κατάθεσε αίτημα ανάσυρσης της υπόθεσης των υποκλοπών από το αρχείο, επεσήμανε ότι η απόφαση του κ. Τζαβέλλα να αυτοεξαιρεθεί από την εξέταση του συγκεκριμένου αιτήματος αναδεικνύει ότι «ο χειρισμός ομοίων περιπτώσεων διαφορετικά συνιστά σε κάθε περίπτωση παραδοχή».
Υπενθυμίζεται ότι ο πρώην υπουργός ζήτησε την ανάσυρση της δικογραφίας για το σκάνδαλο των υποκλοπών από το αρχείο προκειμένου να ερευνηθεί το αδίκημα της κατασκοπείας και άλλες πράξεις, ενώ παράλληλα με αίτημα του προς το Ανώτατο Δικαστικό Συμβούλιο του Αρείου Πάγου ζήτησε και την εξαίρεση του ανωτάτου εισαγγελικού λειτουργού από τον περαιτέρω χειρισμό της υπόθεσης επικαλούμενος και το πρόσφατο δημοσίευμα του in για τις 11 διατάξεις που είχε υπογράψει ο κ. Τζαβέλλας την περίοδο που ήταν εποπτεύων εισαγγελέας στην ΕΥΠ καθώς και απόρρητη κατάθεσή του στη Βουλή για την υπόθεση των τηλεφωνικών υποκλοπών.
Με τον εισαγγελέα του Αρείου Πάγου να μην εμφανίζεται σήμερα στην Επιτροπή Θεσμών και Διαφάνειας, η υπόθεση των υποκλοπών δεν ολοκληρώνεται σε κοινοβουλευτικό επίπεδο.Εκκρεμεί το αίτημα του ΠΑΣΟΚ για συγκρότηση εξεταστικής επιτροπήςπου πιθανόν θα συζητηθεί την Παρασκευή.
Εκεί μένει να φανεί εάν η κυβέρνηση θα επικαλεστεί λόγους εθνικής άμυνας ή εξωτερικής πολιτικής για να ζητήσει ηυπερψήφιση της πρότασης να γίνει με «151» ψήφους και όχι «120»που προβλέπεται από το Σύνταγμα και τον Κανονισμό της Βουλής βάσει του δικαιώματος της μειοψηφίας.",2026,5,20,10
2026-05-20 10:23:00,"Το παρών στην προγραμματισμένη για σήμερα Τετάρτη (20/5) ακρόαση του διοικητή της ΕΥΠ, Θεμιστοκλή Δεμίρη στηνΕπιτροπή Θεσμών και Διαφάνειας της Βουλής για τιςυποκλοπές, θα δώσει και ο πρόεδρος του ΠΑΣΟΚ – ΚΙΝΑΛ,Νίκος Ανδρουλάκης.
Η ακρόαση του διοικητή της ΕΥΠ ξεκίνησε λίγο μετά τις 09:00 το πρωί και στην συνεδρίαση βρίσκεται και ο αρμόδιος υπουργός Επικρατείας, Άκης Σκέρτσος.
Η συνεδρίαση διεξάγεται κεκλεισμένων των θυρών, σύμφωνα με το το άρθρο 43 Α του Κανονισμού της Βουλής που ορίζει ότι οι συζητήσεις για την δραστηριότητα της ΕΥΠ είναι απόρρητες και τα μέλη της Επιτροπής δεσμεύονται να τηρούν το απόρρητο και μετά τη λήξη της θητείας τους.
Αυτό βέβαια δεν σημαίνει ότι τα μέλη της Επιτροπής Θεσμών και Διαφάνειας και τα κόμματα κωλύονται να κάνουν μετά τις δικές τους αξιολογικές δηλώσεις και ανακοινώσεις.
Το μεσημέρι, έχει προγραμματιστεί ηακρόαση του Εισαγγελέα του Αρείου Πάγου Κωνσταντίνου Τζαβέλλα,ο οποίος όμως δεν πρόκειται να προσέλθει και θα καταθέσει υπόμνημα εξηγώντας τους λόγους της απουσίας του. Η συνεδρίαση αυτή δεν είναι δημόσια οπότε εκεί αναμένεται το «θερμόμετρο να χτυπήσει κόκκινο» κάτι που ήδη ξεκίνησε χθες από την Ολομέλεια.",2026,5,20,10
2026-05-19 15:17:00,"«Κάποιος να ενημερώσει τον κ. Τζαβέλλα ότι το να λογοδοτούν οι θεσμοί στη Βουλή ή έστω να ενημερώνουν για το σκεπτικό των απόφασεών τους δεν είναι ζήτημα καλής προαίρεσης. Είναι υποχρέωση σε μία κοινοβουλευτική δημοκρατία» αναφέρει σε ανακοίνωσή της ηΝέα Αριστεράκαι προσθέτει: «Σύμφωνα με δημοσίευμα του News247,ο Εισαγγελέας του Αρείου Πάγου, Κωνσταντίνος Τζαβέλλας, δεν προτίθεται να προσέλθει στην Επιτροπή Θεσμών και Διαφάνειας της Βουλής, επικαλούμενος καταχρηστικά λόγους “συνταγματικής τάξης” και ‘διάκρισης των εξουσιών”.
Ο κ. Τζαβέλλας καλείται να ενημερώσει θεσμικά για μια υπόθεση που αφορά τον πυρήνα του κράτους δικαίου:τις παρακολουθήσεις και το Predator όπως επίσης και την απόφαση του να μην ανασυρθεί από το αρχείο η έρευνα για τις υποκλοπές. Η φερόμενη άρνησή του είναι βαρύτατη πολιτικά και θεσμικά γιατί έρχεται σε μια στιγμή που η κοινωνία έχει κάθε λόγο να πιστεύει ότι στο σκάνδαλο των υποκλοπών δεν λειτουργούν οι θεσμοί, αλλά οι μηχανισμοί προστασίας της κυβέρνησης».
«Η Επιτροπή Θεσμών και Διαφάνειας δεν αποτελεί ένα διακοσμητικό όργανο και κατά συνέπεια η Βουλή δεν μπορεί να αντιμετωπίζεται ως πάρεργο. Και κανείς, όσο ψηλά κι αν βρίσκεται, δεν μπορεί να αποφασίζει ότι δεν δίνει λογαριασμό σε κανέναν. Ο κ. Τζαβέλλας οφείλει να προσέλθει στην Επιτροπή Θεσμών και Διαφάνειας και να δώσει απαντήσεις» καταλήγει η ανακοίνωση.",2026,5,19,15
2026-05-19 15:11:00,"«Η απόφαση του Εισαγγελέα του Αρείου Πάγου, κ. Τζαβέλλα,να αρνηθεί να προσέλθει ενώπιον της Επιτροπής Θεσμών και Διαφάνειας, είναι ενδεικτική της αδυναμίας του να αιτιολογήσει την απόφαση του να μην ανασύρει την υπόθεση από το αρχείο» τονίζει σε ανακοίνωσή του τοΠΑΣΟΚκαι προσθέτει ότι «Η επίκληση της αρχής της διάκρισης των εξουσιών δεν πείθει κανέναν. Αντιθέτως, η απόφαση της αρχειοθέτησης είναι αυτή που έχει δημιουργήσει σε όλη την κοινωνία την αίσθηση της κατάργησης στην πράξη της διάκρισης των εξουσιών».
«Δεν υπήρξαν αντίστοιχες ευαισθησίες, όταν αρνήθηκε να εξαιρεθεί ως πρώην εποπτεύων της ΕΥΠ και επέλεξε να είναι και ελεγκτής και ελεγχόμενος στο σκάνδαλο των παράνομων παρακολουθήσεων. Ζούμε αλλεπάλληλες σκηνές στο έργο της συγκάλυψης. Αυτή η παρακμή θα τελειώσει με την πολιτική αλλαγή» καταλήγει η ανακοίνωση.",2026,5,19,15
2026-05-19 12:05:00,"Επιστολή εξηγώντας τους λόγους που δεν θα καταθέσει στη Επιτροπή Θεσμών και Διαφάνειας στη Βουλή για την υπόθεση των τηλεφωνικών υποκλοπών θα αποστείλει ο εισαγγελέας του Αρείου ΠάγουΚωνσταντίνος Τζαβέλλαςπου έχει κληθεί για αύριο.
Σύμφωνα με πληροφορίες, ο ανώτατος εισαγγελικός λειτουργός επικαλούμενος λόγους συνταγματικής τάξης και διάκρισης των εξουσιών,αναμένεται να αρνηθεί να παραστεί στη συνεδρίαση της Επιτροπής Θεσμών και Διαφάνειας τηςΒουλής.
Ο εισαγγελέας του Ανωτάτου Δικαστηρίου θα αποστείλει επιστολή απαντώντας ουσιαστικά ότι από το Σύνταγμα και τη νομολογία του Αρείου Πάγου«δεν νοείται να πάει στη Βουλή για παροχή απαντήσεων για δικαιοδοτική κρίση ο εισαγγελέας ΑΠ».
Τοβασικό σκεπτικόεδράζεται στην άποψη πως “δεν νοείται να πάει στη Βουλή για παροχή απαντήσεων για δικαιοδοτική κρίση ο εισαγγελέας και ΑΠ”, ενώ αναλόγως είχε πράξει το ανώτατο δικαστήριο και στις 2/8/2024 όταν ειχε ζητηθεί η κλήση τις τότε εισαγγελέα ΑΠΓεωργίας Αδειλίνηκαι του αντεισαγγελέα Αχχ.Ζήσης για την υπόθεση των υποκλοπών.
Με το ίδιο σκεπτικό είχε απορριφθεί αίτημα στις αρχές Ιανουαρίου 2024 όταν ζητήθηκαν στοιχεία για τον πειθαρχικό έλεγχο της τότε εισαγγελέως της ΕΥΠ Βασιλικής Βλάχου καθώς και κλήτευση της τότε αντιπροέδρου του δικαστηρίου και προέδρου του Πειθαρχικού Ελ. Φραγκάκη, όσο και της Αντεισαγγελέως Ευδ. Πούλου που διενήργησε την έρευνα.",2026,5,19,12
2026-05-18 16:51:00,"Στην Επιτροπή Θεσμών και Διαφάνειας της Βουλής θα τεθούν επί τάπητος κρίσιμα ζητήματα που αφορούν στηνυπόθεση των τηλεφωνικών υποκλοπών.
Την προσεχή Τετάρτη προγραμματίστηκε τελικά να διεξαχθεί η κρίσιμη συνεδρίαση στην Επιτροπή Θεσμών και Διαφάνειας της Βουλής, στη διάρκεια της οποίας έχουν κληθεί να καταθέσουν για την υπόθεση των τηλεφωνικών υποκλοπών πρώτα ο διοικητής της ΕΥΠ,Θεμιστοκλής Δεμίρηςκαι ακολούθως ο εισαγγελέας του Αρείου Πάγου,Κωνσταντίνος Τζαβέλλας, ο οποίος πρόσφατα με διάταξή του αποφάισε ότιδεν συντρέχει λόγος να βγει από το αρχείο η δικογραφία, παρά την απόφαση του Μονομελούς Πλημμελειοδικείου της Αθήνας που ζητούσε να διενεργηθεί έρευνα για το αδίκημα της κατασκοπίας καθώς και για άλλα πρόσωπα που δεν είχαν συμπεριληφθεί στο κάδρο των ερευνών.
Συγκεκριμένα, σύμφωνα με τον προγραμματισμό, αρχικά η επιτροπή θα ακούσει τον κ. Δεμίρη, παρουσία του υπουργού Επικρατείας, Άκη Σκέρτσου για τον ρόλο της Εθνικής Υπηρεσίας Υπηρεσιών στην υπόθεση των υποκλοπών.
Αξίζει να σημειωθεί ότι ηκρίσιμη συνεδρίαση θα είναι κλειστή και θα μείνει μακριά από τα φώτα της δημοσιότητας, καθώς αφορά σε ζητήματα εθνικής ασφάλειας.
Την ίδια μέρα το μεσημέρι πάντως, η επιτροπή θα καλέσει τον εισαγγελέα του Αρείου Πάγου, Κωνσταντίνο Τζαβέλλα για να ζητήματα «της δικαιοσύνης προς τον σκοπό της ενίσχυσης της διαφάνειας κατόπιν των συνημμένων σχετικών αιτημάτων».
Αυτό πρακτικά σημαίνει πως οανώτατος εισαγγελικός λειτουργός θα κληθεί να απαντήσει σε ερωτήσεις και να εξηγήσει στα κόμματα της αντιπολίτευσης την απόφασή του να θέσει στο αρχείο το σκάνδαλο των υποκλοπών,παρά τα νέα στοιχεία και την αρχική αντίθετη απόφαση της Δικαιοσύνης.
Σημειώνεται ότι σχετικό αίτημα για την ακρόασή τους είχαν υποβάλλει το ΠΑΣΟΚ, ο ΣΥΡΙΖΑ, η Νέα Αριστερά, η Νίκη, το ΚΚΕ και η Πλεύση Ελευθερίας.",2026,5,18,16
2026-05-14 17:44:00,"Στοδικαστικό προσκήνιοπαραμένει η υπόθεση τωντηλεφωνικών υποκλοπών, με τον πρώην υπουργόΧρήστο Σπίρτζηνα διατυπώνει νέα ερωτήματα σχετικά με την πορεία της δικογραφίας. Ο κ. Σπίρτζης, με πρόσφατη προσφυγή του στην Εισαγγελία του Αρείου Πάγου,ζητά την ανάσυρση της υπόθεσης από το αρχείο, επικαλούμενος νέα στοιχεία που έχει προσκομίσει στις δικαστικές αρχές.
Σύμφωνα με τη δήλωσή του, στις 7 Μαΐου 2026 υπέβαλεδύο αιτήσεις στον Εισαγγελέα του Αρείου Πάγου. Η πρώτη αφορά τηνανάσυρση της υπόθεσης των υποκλοπών από το αρχείο, με σκοπό τη διερεύνηση του αδικήματος τηςκατασκοπείας. Η δεύτερη αίτηση ζητεί τηνεξαίρεση του Εισαγγελέα του Αρείου Πάγου, κ. Τζαβέλλα, λόγω προσωπικού κωλύματος, καθώς είχε διατελέσει αν. επόπτης Εισαγγελέας της Ε.Υ.Π., όπως αναφέρει ο ίδιος, επικαλούμενος τα άρθρα 14 και 15 του Κώδικα Ποινικής Δικονομίας.
Όπως ενημερώθηκε η πληρεξούσια δικηγόρος του πρώην υπουργού, τόσο η αίτηση ανάσυρσης όσο και η αίτηση εξαίρεσης έχουν ανατεθεί στον Αντεισαγγελέα του Αρείου Πάγου, κ. Μπακέλα. Ο κ. Σπίρτζης θέτει δημόσιασειρά ερωτημάτωνγια τη διαδικασία που ακολουθήθηκε.
Μεταξύ αυτών, διερωτάται γιατί ο Εισαγγελέας του Αρείου Πάγου ανέθεσε στον Αντεισαγγελέα την αίτηση που ο ίδιος κατέθεσε, αλλά δεν έπραξε το ίδιο με τα στοιχεία που είχαν διαβιβαστεί από το Μονομελές Πρωτοδικείο, επιλέγοντας να εκδώσει ο ίδιος απόφαση περί μη ανάσυρσης της υπόθεσης από το αρχείο.
Παράλληλα, ο πρώην υπουργός ρωτά για ποιο λόγο η αίτηση εξαίρεσης χρεώθηκε επίσης στον κ. Μπακέλα, όταν – όπως σημειώνει – ο λόγος εξέτασής της εκλείπει, εάν ο κ. Τζαβέλλας έχει ήδη αυτοεξαιρεθεί, ενώ τονίζει ότι η εξέταση τέτοιων αιτήσεων αποτελεί αρμοδιότητα του Δικαστικού Συμβουλίου.
Ο κ. Σπίρτζης εκφράζει την ελπίδαο Αντεισαγγελέας του Αρείου Πάγου να ενεργήσει σύμφωνα με το Σύνταγμα και τους νόμους, να μην υποκαταστήσει την αρμοδιότητα του Δικαστικού Συμβουλίου και να εξετάσει τανέα στοιχείαπου έχει καταθέσει. Όπως αναφέρει, τα εν λόγω στοιχεία περιλαμβάνουν printscreens από το κινητό του με απόρρητα emails, τα οποία – κατά τον ίδιο – καταρρίπτουν το σκεπτικό της προηγούμενης απόφασης περί μη ανάσυρσης της υπόθεσης.",2026,5,14,17
2026-05-13 19:25:00,"Σε μια αποκαλυπτική συνέντευξή του, στην εκπομπή «15 Λεπτά» με τον Γιώργο Παπαχρήστο, ο δικηγόρος και συνήγορος θυμάτων τωνυποκλοπών, Ζαχαρίας Κεσσές, επιβεβαιώνει την ύπαρξη νέων στοιχείων για το σκάνδαλο, τα οποία προέρχονται από θύματα που αποφάσισαν να σπάσουν τη σιωπή τους μετά την έκδοση της απόφασης του Μονομελούς Πλημμελειοδικείου. Σύμφωνα με τον κ. Κεσσέ, οι ιδιότητες των προσώπων αυτών και η φύση των στοιχείων τεκμηριώνουν πλέον το κακούργημα της κατασκοπείας. Παρόλα αυτά, ο δικηγόρος καταγγέλλει την Εισαγγελία του Αρείου Πάγου για άρνηση παραλαβής των εγγράφων και αρχειοθέτηση της υπόθεσης σε χρόνο-ρεκόρ.
Η υπόθεση των τηλεφωνικών παρακολουθήσεων λαμβάνει πλέον νέες, διαστάσεις, με τον κ. Κεσσέ να περιγράφει μια συστηματική προσπάθεια παρεμπόδισης της δικαιοσύνης από την ηγεσία του Αρείου Πάγου. Περιγράφεται ένα «θεσμικό θρίλερ» με πρωταγωνιστές τον Εισαγγελέα Κωνσταντίνο Τζαβέλλα και τον Αντιεισαγγελέα Ευάγγελο Μπακέλα, στον οποίο έχει ανατεθεί εξέταση του αιτήματος του Χρήστου Σπίρτζη για ανάσυρση της υπόθεσης από το αρχείο.
Η έκδοση της απόφασης του Μονομελούς Πλημμελειοδικείου φαίνεται πως λειτούργησε ως καταλύτης. Όπως αποκάλυψε ο Ζαχαρίας Κεσσές, υπήρξαν 6 νέα θύματα που προσέγγισαν τους δικηγόρους, παρέχοντας στοιχεία που δεν είχαν δει το φως της δημοσιότητας μέχρι σήμερα και τα οποία ουσιαστικά τεκμηριώνουν το αδίκημα της κατασκοπείας. «Όπως καταλαβαίνετε, δε μιλάμε για κάποιον άσχετο ιδιώτη που δε χειριζόταν κάποιο σημαντικό χαρτοφυλάκιο» τόνισε, υπενθυμίζοντας ότι ο αντιεισαγγελέας κ. Μπακέλας ήταν πλήρως ενήμερος για τα πρόσωπα και τα στοιχεία τους.
Συγκεκριμένα, όταν επιχείρησε να καταθέσει αυτά τα νέα στοιχεία στην Εισαγγελία του Αρείου Πάγου στις 24 Απριλίου 2026, βρέθηκε αντιμέτωπος με κλειστές πόρτες.
«Λίγες ώρες πριν αρχειοθετήσουν την υπόθεση» είπε για τους εισαγγελείς του Αρείου Πάγου, «ενημερώθηκαν για τα σημαντικά στοιχεία τα οποία υπάρχουν, όχι στο σύνολό τους, αλλά στα πολύ σημαντικά, στις πιο κρίσιμες παραμέτρους τους. Και γι’ αυτό η απόφαση να αρχειοθετηθεί η υπόθεση κακήν κακώς μετά από λίγες ώρες. Και μάλιστα με ένα νομικό κείμενο το οποίο θα μπορούσε να χαρακτηριστεί επιεικώς ως γονατογράφημα».
Διατύπωσε την εκτίμηση ότι ο εισαγγελέας του Άρειου Πάγου έκλεισε την υπόθεση μερικές ώρες αφότου έμαθε για τα νέα στοιχεία, επειδή δεν ήθελε να τα αξιολογήσουν. «Έχω πει δημόσια ότι ο κ. Τζαβέλλας έπρεπε να αυτοεξαιρεθεί διότι από ελεγχόμενος κλήθηκε να γίνει ελεγκτής», τόνισε, υπενθυμίζοντας ότι ως εποπτεύων στην ΕΥΠ είχε υπογράψει τουλάχιστον 11 άρσεις του απορρήτου των επικοινωνιών, που αφορούσαν κοινούς στόχους παρακολούθησης της ΕΥΠ και του Predator.
Το πώς διαχειρίζεται ο Άρειος Πάγος το αίτημα εξαίρεσης κατά του Κωνσταντίνου Τζαβέλλα προκαλεί έντονα ερωτηματικά, όπως προκύπτει από τα λεγόμενα του Ζαχαρία Κεσσέ. Αντί η αίτηση του Χρήστου Σπίρτζη να εισαχθεί σε τριμελές Δικαστικό Συμβούλιο, όπως προβλέπεται, έχει χρεωθεί να την κρίνει ο υφιστάμενός του, ο αντιεισαγγελέας Μπακέλας.
«Είναι απαράδεκτο. Το σημαντικό είναι να μην αξιολογηθεί ο κ. Τζαβέλλας από κάποιον υφιστάμενο του με μια νομική κατασκευή που θα τον εξομοιώνει με προανακριτικό υπάλληλο», εξήγησε ο κ. Κεσσές, θυμίζοντας ότι το ίδιο ακριβώς τέχνασμα είχε χρησιμοποιηθεί και το 2024 στην αίτηση εξαίρεσης κατά του Αντιεισαγγελέα Αχιλλέα Ζήση, για την ίδια υπόθεση.
Ακόμη κι η ίδια η μονοπώληση της έρευνας από τον Άρειο Πάγο είναι πρωτοφανής, σύμφωνα με τον δικηγόρο. Όταν επιχείρησε να προσκομίσει τα στοιχεία που διαθέτει στην Εισαγγελία Πρωτοδικών, ο προϊστάμενος δήλωσε αναρμόδιος, καθώς όλος ο φάκελος βρίσκεται στον Άρειο Πάγο.
«Έχουν περάσει δεκάδες κρίσιμες υποθέσεις, όπως τα Τέμπη ή ο Κοσκωτάς. Είδατε ποτέ να τις διαχειριστεί η Εισαγγελία του Αρείου Πάγου;» αναρωτήθηκε.
Δεδομένου ότι ο κ. Τζαβέλλας αποχωρεί από το δικαστικό σώμα σε 50 ημέρες λόγω ορίου ηλικίας, τα ενδιαφερόμενα πρόσωπα τηρούν στάση αναμονής. Τα (τουλάχιστον έξι) νεα πρόσωπα που είναι έτοιμα να καταθέσουν μηνύσεις, περιμένουν επί της ουσίας να δουν «αν το σύστημα απονομής ποινικής δικαιοσύνης είναι έτοιμο και δεκτικό να διαχειριστεί τα στοιχεία», μετά την αλλαγή ηγεσίας.
Η δυσπιστία, ωστόσο, είναι κάτι παραπάνω από εμφανής. Ο κ. Κεσσές υπογράμμισε με νόημα: «Έχω την πεποίθηση ότι ακόμα και αν είχα τη σύμβαση μεταξύ ΕΥΠ και Intellexa και την προσκόμιζα στην Εισαγγελία του Αρείου Πάγου, κάτι θα έβρισκαν να πούνε για να μην διερευνήσουν την υπόθεση».
Ερωτηθείς για τα θύματα των παρακολουθήσεων που δεν προσέφυγαν στη δικαιοσύνη, ο κ. Κεσσές απάντησε στο επιχείρημα ότι πρόκειται περί ιδιωτικής υπόθεσης τους.
«Δεν είναι θέμα ιδιωτικής ζωής. Αφορά ανθρώπους οι οποίοι είχαν κρίσιμα χαρτοφυλάκια. Άρα, το αν είχαν μετατραπεί σε κινητούς κοριούς και κρατούσαν μια συσκευή που τους μετέτρεπε σε κινητούς κοριούς, αντιλαμβάνεστε ότι εδώ τα πράγματα που διακυβεύονται είναι άλλα».
Αποκαλύπτει δε ότι τα περισσότερα από τα θύματα έχουν ελέγξει τα κινητά τους, ακόμη κι αυτοί που δεν το λένε.
«Τα έχουν ελέγξει. Έχει διαπιστωθεί ότι έχουν παγιδευτεί, αλλά έχουν επιλέξει να μην το αναγγείλουν, οι περισσότεροι από αυτούς. Ενημερώθηκαν όλοι με συστημένη επιστολή από την Αρχή Προστασίας Δεδομένων Προσωπικού Χαρακτήρα από το καλοκαίρι του 2023».
Ερωτηθείς για την δίκη σε δεύτερο βαθμό των Ταλ Ντίλιαν, Σάρας Χάμου, Γιάννη Λαβράνου και Φέλιξ Μπίτζιου, ο Ζαχαρίας Κεσσές εμφανίστηκε αισιόδοξος για το αποτέλεσμα του Εφετείου.
«Η πρωτόδικη απόφαση είναι τόσο τεκμηριωμένη, στηρίζεται σε δεκάδες χιλιάδες έγγραφα, έχει τέτοιο βαθμό τεκμηρίωσης που θεωρώ ότι είναι αδύνατη η οποιαδήποτε άλλη ποινική μεταχείριση των καταγορουμένων, όσον αφορά την ενοχή τους».
Οσο για την ερώτηση εάν μπορεί η υπόθεση των υποκλοπών να ανοίξει ξανά, με μια νέα πραγματική έρευνα, ο κ. Κεσσές ήταν σαφής: μπορεί να ανοίξει. «Αν οποιοσδήποτε εισαγγελέας κάνει τη δουλειά του, στο πιο απλό επίπεδο, μπορεί να ανασύρει την υπόθεση από το αρχείο και να διατάξει την περαιτέρω έρευνά της. Οι υποθέσεις οι οποίες αρχειοθετούνται με εισαγγελική πράξη δεν στεγανοποιούνται με τη μορφή δεδικασμένου».",2026,5,13,19
2026-05-11 16:40:00,"Αμηχανία και νεύρα λόγω των ερωτήσεων που δέχθηκε για τα όσα υποστήριξε ο Γρηγόρης Δημητριάδης σε συνέντευξή του και στις αντιφάσεις σε σχέση με τα όσα είχε καταθέσει το 2024, είχε ο κυβερνητικός εκπρόσωπος Παύλος Μαρινάκης κατά τη διάρκεια της ενημέρωσης των πολιτικών συντακτών.
Διαβάστε ακόμα: Απέφυγε να δώσει απαντήσεις για το σκάνδαλο των υποκλοπών ο Δημητριάδης
O κ. Μαρινάκης ρωτήθηκε για όσα ανέφερε ότι Γρηγόρης Δημητριάδης με τον κυβερνητικό εκπρόσωπο να οχυρώνεται και πάλι πίσω από τη Δικαιοσύνη τονίζοντας.
Διαβάστε ακόμα: Υποκλοπές: Η παραδοχη ενοχής του Γρηγόρη Δημητριάδη που «δείχνει» προς το Μέγαρο Μαξίμου
«Όταν μια υπόθεση είναι στη Δικαιοσύνη, το πρώτο και τον τελευταίο λόγο τον έχει η Δικαιοσύνη Επισημαίνεται μία δήθεν αντίφαση. Η Δικαιοσύνη σε ανώτατο επίπεδο έχει εκδώσει αποφάσεις. Η εμμονή με το θέμα έχει κουράσει» σημείωσε δείχνοντας έτσι ότι δεν έχει καμία διάθεση να δώσει μία ουσιαστική απάντηση.
</p><p>
Ερωτηθείς για τις αντιδράσεις ΣΥΡΙΖΑ και ΠΑΣΟΚ σχετικά με τη συνέντευξη Δημητριάδη είπε:  «Έχει δικαίωμα ο οποιασδήποτε πολίτης να δώσει μία συνέντευξη και να δώσει τις δικές του απαντήσεις. Βλέπω κάποιους ευαίσθητους να ενοχλούνται που έδωσε συνέντευξη» είπε, για να προσθέσει στη συνέχεια ότι «δεν είναι δουλειά του κυβερνητικού εκπροσώπου να σχολιάζει κάποιον που τώρα είναι ιδιώτης».
</p><p>
Εν συνέχεια αναφέρθηκε στο ΠΑΣΟΚ και στα ερωτήματα που τέθηκαν και σήμερα. «Εδώ είναι δύο τα τινά και αναφέρομαι κυρίως στο ΠΑΣΟΚ που έχει εμμονή ή δεν ξέρουν να διαβάσουν ή κάνουν ότι δεν ξέρουν να διαβάσουν. Ειδικά το ΠΑΣΟΚ πρέπει να πάρει απόφαση ότι για να το πάρει σοβαρά ο κόσμος πρέπει να σέβεται τις αποφάσεις της Δικαιοσύνης.
Αν μπορούν να δεχτούν μία συμβουλή, να σταματήσουν να ασχολούνται εμμονικά με ζητήματα που ασχολείται η Δικαιοσύνη και να ασχοληθούν με άλλα που αφορούν τον κόσμο, δεν το υποτιμώ το θέμα, αλλά για ένα μέρος του έχει αποφασίσει η Δικαιοσύνη».",2026,5,11,16
2026-05-11 14:03:00,"Αναπάντητα ερωτήματα προκύπτουν από τις νέες δηλώσεις τουΓρηγόρη Δημητριάδηγια την υπόθεση των υποκλοπών.
Σε συνέντευξη που παραχώρησε στην εφημερίδα Real News ούτε λίγο, ούτε πολύ, ο πρώην Γενικός Γραμματέας της κυβέρνησης λέει ότι τα πήρε όλα πάνω του χωρίς να δίνει απαντήσεις για τις παρακολουθήσεις ισχυριζόμενος μάλιστα ότι «θυσιάστηκε για την πατρίδα».
Σειρά ερωτημάτων απευθύνει στη ΝΔ το ΠΑΣΟΚ καλώντας την κυβέρνηση να τοποθετηθεί ξεκάθαρα στα λεγόμενα Δημητριάδη.
Πυρά εξαπέλυσαν και τα υπόλοιπα κόμματα της αντιπολίτευσης.
Παρότι η κυβέρνηση αρνείται κάθε σχέση ΕΥΠ – predator επικαλούμενη το πόρισμα Ζήση, βέβαιος πως υπήρχε εμπλοκή της μυστικής υπηρεσίας με την παγίδευση του κινητού του με το παράνομο λογισμικό εμφανίστηκε ο Λάκης Λαζόπουλος στο vidcast «Σέιφ Σπέις» του ΙΝ με την Αναστασία Γιάμαλη.
O ηθοποιός δήλωσε πως παγιδεύτηκε με το predator ενώ βρισκόταν στο νοσοκομείο και οι μόνοι που γνώριζαν την παρουσία του εκεί ήταν ο ίδιος και ο θεράπων ιατρός του.
Υπενθυμίζεται πως ο ηθοποιός έχει δηλώσει πως έχει υπάρξει διπλός στόχος από την ΕΥΠ και predator.
Η υπόθεση αναμένεται να λάβει νέες διαστάσεις καθώς αναμένονται νομικές κινήσεις από πρόσωπα θύματα του predator που μέχρι τώρα δεν έχουν προσφύγει στη Δικαιοσύνη.",2026,5,11,14
2026-05-11 10:19:00,"Πέντε ερωτήσεις προς τον κυβερνητικό εκπρόσωπο, Παύλο Μαρινάκη, για την υπόθεση των παρακολουθήσεων θέτει ο εκπρόσωπος Τύπου τουΠΑΣΟΚ,Κώστας Τσουκαλάς.
«Δεδομένου ότι ο κυβερνητικός εκπρόσωπος αποφεύγει όπως ο διάολος το λιβάνι τη δημόσια ανταλλαγή απόψεων μαζί μου, τον προκαλώ να απαντήσει στα κάτωθι ερωτήματα ενόψει και της ενημέρωσης των πολιτικών συντακτών», αναφέρει ο κ. Τσουκαλάς στη δήλωσή του με τίτλο: «Πέντε ερωτήσεις προς τον κ. Μαρινάκη. Απαντήστε χωρίς υπεκφυγές», και ρωτά ειδικότερα τα εξής:
«Η συνέντευξη του κ. Δημητριάδη είναι η δεύτερη μετά από αυτή του κ. Ντίλιαν, που παρουσιάζει τον Πρωθυπουργό ωςτο πραγματικό κέντρο οργάνωσης των υποκλοπών. Δεδομένου ότι δεν έχει απαντήσει ποτέ στις αιτιάσεις Ντίλιαν, μήπως νιώθει την ανάγκη να απαντήσει η κυβέρνηση σε αυτά που δηλώνει ο κ. Δημητριάδης;
-Αν πράγματι με τις παρακολουθήσεις της ΕΥΠ προστατεύτηκε η εθνική ασφάλεια, ο Κυβερνητικός Εκπρόσωπος καλείται να πει δημόσια τι εξυπηρετούσε η παρακολούθηση των κυρίων Χατζηδάκη, Δένδια, Γεωργιάδη και Μυλωνάκη.
-Μετά τις αντιφάσεις, οι οποίες πλέον ευθέως εντοπίζονται μεταξύ της συνέντευξης του κ. Δημητριάδη και της κατάθεσης του στις 25.6.2024 ενώπιον του Εισαγγελέα του Αρείου Πάγου όπου φέρεται ότι δεν ανέλαβε καμία ευθύνη ενώ δήλωσε ότι δεν γνωρίζει τίποτε για την υπόθεση, πώς κρίνει την εκ νέου αρχειοθέτηση της υπόθεσης;
-Πώς σχολιάζει την παρέμβαση Μενουδάκου ότι δεν μπορεί να οργανώθηκε από ιδιώτες το πλέγμα των παράνομων παρακολουθήσεων μελών της κυβέρνησης, των Ενόπλων Δυνάμεων, δικαστικών και δημοσιογράφων;
-Πώς σχολιάζει τη δήλωση Μενουδάκου σε ερώτηση για την άρνηση της ΕΥΠ να εφαρμόσει την απόφαση του ΣτΕ για την ενημέρωση του Νίκου Ανδρουλάκη ότι “στη διάρκεια της καριέρας του δεν θυμάται άλλη περίπτωση ευθείας άρνησης συμμόρφωσης σε απόφαση ανώτατου δικαστηρίου”;».
«Ελπίζω ότι μετά τον κ. Ντίλιαν που ο Πρωθυπουργός μπερδεύει με τον Μπόμπ Ντίλαν, δεν έχει ξεχάσει και τον κ. Δημητριάδη», σχολιάζει καταληκτικά ο εκπρόσωπος του ΠΑΣΟΚ.",2026,5,11,10
2026-05-10 17:55:00,"Η τοποθέτηση τουΓρηγόρηΔημητριάδηστη συνέντευξη του στη Real για την παραίτησή του το 2022 δεν ήταν απλώς μια υπενθύμιση του παρελθόντος.
Η αναφορά του στην ανάγκη προστασίας «της κυβέρνησης, της ΕΥΠ και της πατρίδας» δείχνει και πάλι προς το Μέγαρο Μαξίμου.
Γιατί η δήλωση αυτή προκαλεί τριγμούς;
Για την αντιπολίτευση, οι λέξεις αυτές δεν είναι τυχαίες. Ερμηνεύονται ως μια έμμεση αλλά σαφής παραδοχή ότι η αποχώρηση του τότε στενότερου συνεργάτη του Πρωθυπουργού δεν ήταν μια πράξη «πολιτικής ευθιξίας», αλλά μια κίνηση αναγκαία για να μείνουν στο σκοτάδι οι μηχανισμοί των παρακολουθήσεων.
Τα ερωτήματα που ζητούν απαντήσεις:
* Από τι ακριβώς έπρεπε να προστατευτεί η «πατρίδα»; Από την αποκάλυψη της αλήθειας για το Predator και τις επισυνδέσεις της ΕΥΠ;
* Ποιοι γνώριζαν και ποιοι είχαν την τελική πολιτική εποπτεία;
Παρά την κυβερνητική προσπάθεια να παρουσιαστεί το θέμα ως «θεσμικά λήξαν», η πραγματικότητα είναι διαφορετική. Όταν οι ίδιοι οι πρωταγωνιστές επικαλούνται την «προστασία της παράταξης και της χώρας» για να εξηγήσουν την παραίτησή τους, η σκιά των υποκλοπών γίνεται ακόμα πιο βαριά.
Η πολιτική ευθύνη δεν παραγράφεται με το πέρασμα του χρόνου, ειδικά όταν οι νέες ομολογίες επιβεβαιώνουν όσα το Μαξίμου αρνείται πεισματικά.
Αναλυτικά ο Γρηγόρης Δημητριάδης μιλώντας στη RealNews σημείωσε, μεταξύ άλλων «Ανέλαβα την πολιτική ευθύνη για να προστατέψω την κυβέρνηση, τις μυστικές υπηρεσίες, την παράταξή μου, αλλά πάνω από όλα την πατρίδα. Τίποτα παραπάνω»
Σχετικά με την εξαγγελία του προέδρου του ΠΑΣΟΚ – ΚΙΝΑΛ, Νίκου Ανδρουλάκη, για τη δημιουργία εξεταστικής επιτροπής ο κ. Δημητριάδης ανέφερε ότι και πρωτοετής φοιτητής Νομικής γνωρίζει ότι από τη μία έχουμε τρεις αποφάσεις – διατάξεις του Αρείου Πάγου και από την άλλη έναν δικαστή του Μονομελούς. Το αφήνω εδώ, δεν χρειάζεται να πούμε κάτι άλλο».
«Ο κύριος Ανδρουλάκης έχει επιλέξει να πολιτεύεται με έναν συγκεκριμένο τρόπο, είναι μονίμως θυμωμένος και γενικώς φαίνεται ότι τρέφεται από μια τοξικότητα, την οποία, ειλικρινά, από ένα σημείο και μετά δεν μπορώ να κατανοήσω. Με το κόμπλεξ δεν κάνεις πολιτική. Τα υπόλοιπα αφορούν συγκεκριμένα κέντρα που καθοδηγούν πίσω από κλειστές πόρτες», πρόσθεσε.
Για τις επιθέσεις που έχει δεχθεί ανέφερε, μεταξύ άλλων, πως «Κατά τη διάρκεια της θητείας μου χάλασα τα χατίρια της διαπλοκής που λειτουργεί ενάντια στα συμφέροντα της πατρίδας. Αυτό το επωμίζομαι και θα συνεχίσω να το κάνω. Να συγκρούομαι με τα συμφέροντα της διαπλοκής προς όφελος της πατρίδας».
«Υπηρετώ την παράταξη από μικρό παιδί. Η Ν.Δ. είναι η μεγάλη μου οικογένεια. Πάντοτε επιδιώκω να είμαι μέρος της λύσης και όχι του προβλήματος. Επειδή όμως κάποιοι καλλιεργούν κακεντρεχείς φήμες ότι επιδιώκω να δημιουργήσω πρόβλημα, πραγματικά αυτό είναι ντροπή», επεσήμανε ο Γρηγόρης Δημητριάδης.
Και πρόσθεσε ότι «Από το 2022, που παραιτήθηκα, τα πήρα όλα πάνω μου για να προστατεύσω την παράταξη και την κυβέρνηση. Θα πάμε ενωμένοι και θα είμαι ο τελευταίος που θα δημιουργήσει πρόβλημα. Άλλωστε, δεν είναι στον κώδικά μου να δημιουργώ προβλήματα στην ομάδα, που έχουμε δώσει τόσους κοινούς αγώνες, πολλώ δε μάλλον στην οικογένειά μου».
Σε δήλωσή του ο Νίκος Ανδρουλάκης αναφέρθηκε στην υπόθεση των υποκλοπών και τη συνέντευξη Δημητριάδη σημειώνοντας:
«Σήμερα έχουμε δύο συνεντεύξεις, που επιβεβαιώνουν την παρακμή του κράτους δικαίου στη χώρα με ευθύνη του Πρωθυπουργού.
Από τη μία πλευρά, ο ανιψιός του και «εθνικός ωτακουστής» κάνει μαθήματα υψηλής πολιτικής, αντί να λογοδοτήσει στη δικαιοσύνη για τις πράξεις του.
Και από την άλλη, ο κ. Μενουδάκος, πρόεδρος της Ανεξάρτητης Αρχής που έπαιξε κρίσιμο ρόλο στην αποκάλυψη του σκανδάλου των υποκλοπών, μας λέει ότι είναι αδιανόητη η μη εφαρμογή αποφάσεων του ανώτατου δικαστηρίου στη χώρα καθώς και ότι δεν μπορεί μια ομάδα ιδιωτών να οργάνωσε αυτό το παρακράτος, δείχνοντας την κυβέρνηση».
Και τονίζει ο κ. Ανδρουλάκης: «Στις επόμενες εθνικές εκλογές, η πολιτική αλλαγή είναι αναγκαία. Μια πολιτική αλλαγή που δεν θα είναι απλή εναλλαγή κομμάτων στην εξουσία. Θα είναι πάνω απ’ όλα πολιτική και ηθική καταδίκη όσων υπονόμευσαν τον σεβασμό στα ανθρώπινα δικαιώματα και την ποιότητα της δημοκρατίας στη χώρα μας».
Με σφοδρές επικρίσεις, ο Κώστας Τσουκαλάς, εκπρόσωπος Τύπου του ΠΑΣΟΚ-Κινήματος Αλλαγής, σχολίασε τη συνέντευξή του Γρηγόρη Δημητριάδη, πρώην στενού συνεργάτη του πρωθυπουργού Κυριάκου Μητσοτάκη, στην εφημερίδα Real News.
«Ο κ. Δημητριάδης από θέση αφ’ υψηλού στο απυρόβλητο χάρη στις μεθοδεύσεις συγκάλυψης του θείου του και πρωθυπουργού, δίνει συνέντευξη επιδιώκοντας την πολιτική του νεκρανάσταση», δήλωσε ο κ. Τσουκαλάς και πρόσθεσε πώς “ο επιτελικός ωτακουστής”, (εξουσιοδοτούμενος βάσει της 344 απόφασης, ΦΕΚ 2659/2021, «με εντολή πρωθυπουργού να υπογράφει έγγραφα, πράξεις και αποφάσεις που αφορούν στην Ε.Υ.Π»), μας πληροφορεί ότι “έγινε θυσία” για να προστατεύσει την κυβέρνηση, την παράταξη, τις μυστικές υπηρεσίες και την πατρίδα(!)».
Ο εκπρόσωπος Τύπου του ΠΑΣΟΚ-Κινήματος Αλλαγής σημείωσε πως «το Μέγαρο Μαξίμου οφείλει να γνωρίζει ότι πατριωτικό καθήκον δεν είναι η δημιουργία ενός παρακράτους παράνομων παρακολουθήσεων, που έθεσε σε κίνδυνο την εθνική ασφάλεια. Είναι σίγουρα, όμως, η λογοδοσία και η τιμωρία όσων το επινόησαν και χειραγωγούν τους θεσμούς για να εξασφαλίσουν την ασυλία τους».
Επιπλέον τόνισε ότι κ. Δημητριάδης, «όχι μόνο ομολογεί ότι έχει πολιτική ευθύνη για το σκάνδαλο των παράνομων παρακολουθήσεων, η οποία προφανώς και ανάγεται στον πρωθυπουργό αλλά στέλνει μήνυμα σε όλους τους ηθικούς αυτουργούς ότι δεν είναι διατεθειμένος να συνεχίσει να πληρώνει το τίμημα της πολιτικής αφάνειας για λογαριασμό τους».
Συμπλήρωσε ότι σε ένα κράτος δικαίου, οι μυστικές υπηρεσίες δεν προστατεύονται από τον κ. Δημητριάδη, προστατεύονται από τη νομιμότητα και τον δημοκρατικό έλεγχο. «Η προσπάθεια του κ. Δημητριάδη να εμφανιστούν όσοι ζητούν απαντήσεις, όπως ο αρχηγός της αξιωματικής αντιπολίτευσης Νίκος Ανδρουλάκης, ως “τοξικοί” ή υποκινούμενα “κέντρα”, είναι η κλασικότερη μέθοδος πολιτικής υπεκφυγής: όταν δεν μπορείς να υπερασπιστείς τις πράξεις σου, επιτίθεσαι σε όσους τις αποκαλύπτουν», επισήμανε ο κ. Τσουκαλάς και διατύπωσε τα εξής ερωτήματα:
-Ως προϊστάμενος της ΕΥΠ σύμφωνα με τα καθήκοντα του: γιατί παρακολουθούνταν ο κ. Χατζηδάκης, ο κ. Μυλωνάκης και στενοί τους συνεργάτες; «Προστατευόταν» η πατρίδα και τότε;
-Γνωρίζει τον κ. Ντίλιαν; Τι έχει να πει για τους ισχυρισμούς του ότι συνεργάζεται μόνο με κυβερνήσεις και κρατικές αρχές;
-Πώς εξηγεί τους κοινούς στόχους ΕΥΠ-predator;
-Ως νομικός πώς κρίνει το γεγονός ότι ο Εισαγγελέας του Αρείου Πάγου, κ. Τζαβέλλας, που άφησε την υπόθεση στο αρχείο είχε άμεση εμπλοκή στην υπόθεση καθώς με την υπογραφή του εκτελούνταν υποκλοπές;
Υποστήριξε πώς ο πρώην στενός συνεργάτης του πρωθυπουργού αντί να λογοδοτεί, επιδιώκει εμφανή πολιτικό ρόλο και ότι «δεν ήταν ένας απλός κομματικός στρατιώτης που “θυσιάστηκε”. Ήταν ο πλέον στενός συνεργάτης του πρωθυπουργού, ο πιο ισχυρός παρασκηνιακός παράγοντας της κυβέρνησης, και το κεντρικό πολιτικό πρόσωπο του Μεγάρου Μαξίμου την περίοδο που εξελισσόταν το σκάνδαλο. Γενικόλογες αναφορές σε “πολιτική ευθύνη” και “διαπλοκή” δεν αρκούν. Οφείλει να σταθεί μπροστά στη Δικαιοσύνη και να δώσει συγκεκριμένες, δημόσιες, καταγεγραμμένες απαντήσεις για τον ρόλο του και όσα υποστηρίζει».
«Στη νέα εξεταστική επιτροπή για τις υποκλοπές, ο Γρηγόρης Δημητριάδης πρέπει να είναι το πρώτο πρόσωπο που θα κληθεί να καταθέσει. Η μάχη με το σκοτάδι είναι υπαρξιακή για το μέλλον της δημοκρατίας στη χώρα μας. Εκλογές εδώ και τώρα για νικήσει το φως οριστικά», υπογράμμισε ο κ. Τσουκαλάς.
Η βουλευτής του ΠΑΣΟΚ μιλώντας στην εκπομπή Εξελίξεις Τώρα αναφέρθηκε στο σκάνδαλο των υποκλοπών και το κοινό κέντρο που φαίνεται να υπάρχει μεταξύ της ΕΥΠ και του Predator. Για την συνέντευξη Δημητριάδη
«Είναι προφανές ότι έχει μία πολύ προσωπική αντίληψη για το πατριωτικό καθήκον. Μία αντίληψη που προφανώς έρχεται σε πλήρη αντίθεση με την δημοκρατική συνείδηση της ελληνικής κοινωνίας αλλά και με το Σύνταγμα. Οι παρακρατικοί μηχανισμοί και η συστηματική καταστρατήγηση ατομικών δικαιωμάτων και συγκεκριμένα του άρθρου 19 του Συντάγματος, δεν είναι πατριωτικό καθήκον. Η ανάληψη όμως της πολιτικής ευθύνης από τον κύριο Δημητριάδη στη σημερινή του συνέντευξη είναι κάτι που δεν εξαντλείται στον κ. Δημητριάδη. Ο κ. Δημητριάδης ήταν εντολοδόχος του επικεφαλής της κυβέρνησης και είχε τοποθετηθεί σε αυτήν τη θέση ευθύνης με αλλαγή του νομοθετικού πλαισίου».",2026,5,10,17
2026-05-09 21:24:00,"Σοβαρές νομικές ενστάσειςγια τη διάταξη με την οποία απορρίφθηκε η ανάσυρση της δικογραφίας των υποκλοπών από το αρχείο, διατύπωσε ο Ευάγγελος Βενιζέλος, μιλώντας στο 2ο Συνέδριο του Επιστημονικού Συνδέσμου Δικηγόρων«Οι Ποινικολόγιοι», που πραγματοποιείται στη Θεσσαλονίκη.
Ο πρώην αντιπρόεδρος της κυβέρνησης και ομότιμος καθηγητής Συνταγματικού Δικαίου της Νομικής Σχολής του ΑΠΘ επικαλέστηκε το άρθρο 43 του Κώδικα Ποινικής Δικονομίας. Υποστήριξε ότι αρκεί να «αναφαίνονται» νέα στοιχεία ή περιστατικά για να δικαιολογείται επανεξέταση της υπόθεσης, χωρίς να απαιτείται να έχουν ήδη αποδειχθεί.
Τόνισε ακόμη πως το ποινικό ακροατήριο αποτελεί τον κατεξοχήν χώρο ανάδειξης νέων στοιχείων και επισήμανε ότι τα πρακτικά και το αποδεικτικό υλικό της δίκης ενώπιον του Μονομελούς Πλημμελειοδικείου συγκροτούν έναν νέο, πληρέστερο φάκελο.
«Δεν έχουν αναφανεί στο ακροατήριο του Μονομελούς Πλημμελειοδικείου νέα πραγματικά περιστατικά ή στοιχεία και δεν γίνεται επίκληση αυτών από έχοντες έννομο συμφέρον, οι οποίοι μπορούν να είναι εγκαλούντες;» διερωτήθηκε ο κ. Βενιζέλος. Παράλληλα, εξέφρασε την άποψη ότι υπήρχε επαρκής βάση ώστε να διαταχθεί περαιτέρω προκαταρκτική εξέταση.
Ο κ. Βενιζέλος αναφέρθηκε στο ζήτημα της εξαίρεσης του ανώτατου εισαγγελικού λειτουργού, αφήνοντας σαφείς αιχμές για τον τρόπο εφαρμογής των σχετικών διατάξεων του Κώδικα Ποινικής Δικονομίας. «Πιο πολύ με προβλημάτισε το πώς ο ανώτατος εισαγγελικός λειτουργός της χώρας αντιλαμβάνεται και εφαρμόζει τα άρθρα 14 και επόμενα του Κώδικα Ποινικής Δικονομίας για τους λόγους εξαίρεσης και για την υποχρέωση δήλωσης αποχής των δικαστικών προσώπων», σημείωσε χαρακτηριστικά.
Καταλήγοντας, υπογράμμισε ότι η δοκιμασία τουκράτους δικαίουαφορά πρωτίστως τη δικαστική εξουσία. Τόνισε ότι οι δικαστικοί λειτουργοί οφείλουν να ενεργούν με θεσμική ουδετερότητα, πλήρη αιτιολόγηση και ουσιαστικό σεβασμό στις δικονομικές εγγυήσεις.
Στο πλαίσιο του διήμερου συνεδρίου με τίτλο«Επίκαιρα Ζητήματα Ειδικών Ποινικών Νόμων: Προκλήσεις για το Κράτος Δικαίου», που διεξάγεται στην αίθουσα της Παλιάς Φιλοσοφικής Σχολής του ΑΠΘ, απονεμήθηκε στον κ. Βενιζέλο τιμητική πλακέτα. Την απονομή πραγματοποίησε ο Κοσμήτορας της Νομικής Σχολής του Ιδρύματος, Π. Γκλαβίνης, για τη συνολική προσφορά του στη νομική επιστήμη, τον συνταγματικό διάλογο και τους δημοκρατικούς θεσμούς.",2026,5,9,21
2026-05-07 13:02:00,"Νέα στοιχεία ικανά, όπως είπε, να οδηγήσουν στην ανάσυρση από το αρχείο της δικογραφίας για τηνυπόθεση των υποκλοπώνκατέθεσε στην Εισαγγελία του Αρείου Πάγου ο πρώην υπουργόςΧρήστος Σπίρτζηςσε μια νέα θεσμική προσπάθεια να επανεκκινήσουν οι διαδικασίες διερεύνησης της σκοτεινής αυτής υπόθεσης.
Ο πρώην υπουργός ζήτησε τηανάσυρση της δικογραφίας για το σκάνδαλο των υποκλοπώναπό το αρχείο προκειμένου να ερευνηθεί το αδίκημα της κατασκοπείας και άλλες πράξεις, ενώ παράλληλα με αίτημα του προς το Ανώτατο Δικαστικό Συμβούλιο του Αρείου Πάγουζήτησε και την εξαίρεση του ανωτάτου εισαγγελικού λειτουργού από τον περαιτέρω χειρισμό της υπόθεσηςεπικαλούμενος και το πρόσφατο δημοσίευμα του in.gr για τις 11 διατάξεις που είχε υπογράψει ο κ Τζαβέλλας την περίοδο που ήταν εποπτευων εισαγγελέας στην ΕΥΠ καθώς και απόρρητη κατάθεση του στη Βουλή για την υπόθεση των τηλεφωνικών υποκλοπών.
“Αιτούμαι την εξαίρεση του ως Εισαγγελέα του Αρείου Πάγου, Κων/νου Τζαβέλλα, λόγω προσωπικής του εμπλοκής, ήτοι ένεκα συνδρομής λόγων αποκλεισμού στο πρόσωπό του, άλλως λόγω πρόδηλης έλλειψης αντικειμενικότητας και μεροληψίας του” αναφέρει μεταξύ άλλων στην αίτηση του ο κ. Σπίρτζης.
Μάλιστα στο αίτημά του ο κ. Σπίρτζης επισημαίνει,επιπλέον, την ύπαρξη ενιαίου κέντρου μεταξύ ΕΥΠ και Predator. “Ιδίως δε όσον αφορά στην περίπτωσή μου επισημαίνω ότι μου απεστάλη μήνυμα με υπερσύνδεσμο παγίδευσης μόλις 50 λεπτά αφότου κατέθεσα Επίκαιρη Ερώτηση για τη δράση της Εθνικής Υπηρεσίας Πληροφοριών. Συγκεκριμένα:
Από πληθώρα δε στοιχείων προκύπτει ηύπαρξη ενιαίου κέντρου ΕΥΠ – predator και υπό αυτό το πρίσμα οφείλουν να εξεταστούν τα περαιτέρω στοιχεία τα οποία προσκομίζω, ως αναλυτικά αναπτύσσω στην ως άνω Αίτηση Ανασύρσεώς μου, ώστε να διερευνηθεί όχι μόνο η τέλεση περαιτέρω αδικημάτων και δη της κατασκοπείας in rem αλλά και in personam. Να διερευνηθεί, δηλαδή, περαιτέρω η πιθανή εμπλοκή της ΕΥΠ και σε σχέση με τα νέα στοιχεία τα οποία προσκομίζω”τονίζει μεταξύ ο κ. Σπίρτζης.
Σε κάθε περίπτωση,ο κ. Σπίρτζης προσκόμισε νέα στοιχεία που κατά την κρίση του καταδεικνύουν την ύπαρξη στο κινητό του απόρρητων ηλεκτρονικών μηνυμάτων, αντικρούοντας την περί αντιθέτου κρίση του κ. Τζάβελλα.
Όπως είπε, σε δήλωση του, ο πρώην υπουργός υπάρχουν δύο ενδεχόμενα, είτε ο πρωθυπουργός και το υπουργικό συμβουλιο μας παρακολουθούσαν ή οι καταδικασμένοι συνεργάτες τους είναι κατάσκοποι. “Σε αυτή τη μαύρη περίοδο για το κράτος δικαίου στη χώρα μας όλοι πρέπει να αναλάβουν τις ευθύνες τους” τόνισε ο πρώην υπουργός, εξηγώντας “κατέθεσα δύο αιτήσεις μια στον εισαγγελέα του Αρείου Πάγου που ζητώ την ανάσυρση με βάση νέα στοιχεία. Η άποψη νομικών είναι ότι με βάση αυτά υποχρεούται να ανασύρει και να εξετάσει την κατασκοπεία.Η δευτερη αφορά αίτηση εξαίρεσης λόγω προσωπικής εμπλοκής και μεροληψίας.Πιστευω και ελπίζω όλοι όσοι έχουν γίνει στόχοι να αναλάβουν τις ίδιες θεσμικές πρωτοβουλίες και η ηγεσία της δικαιοσύνης να λειτουργήσει αμερόληπτα“.
Από την πλευρά της η πληρεξούσια δικηγόρος τουΑρτεμισία Παπαδάκητόνισε μεταξύ άλλων “στο νομικό μας πολιτισμό δεν υπάρχουν αδιέξοδα. Καλούμε το δικαστικό συμβούλιο του Αρείου πάγου να κάνει το καθήκον του“.",2026,5,7,13
2026-05-06 09:39:00,"Κράτη-μέλη της ΕΕσυνεχίζουν να εγκρίνουν εξαγωγές ευαίσθητων τεχνολογιών, όπως λογισμικό παραβίασης συστημάτων και συστήματαυποκλοπήςτηλεπικοινωνιών, προς χώρες με ιστορικό καταστολής αντιφρονούντων, σύμφωνα με νέα έκθεση της Human Rights Watch.
ΗΕυρωπαϊκή Ένωσηαποτυγχάνει να αποτρέψει τη διάθεση τεχνολογιών παρακολούθησης από κράτη-μέλη της σε κυβερνήσεις που κατηγορούνται για σοβαρές παραβιάσεις ανθρωπίνων δικαιωμάτων. Η οργάνωση καλεί τηνΕυρωπαϊκή Επιτροπήνα ενισχύσει επειγόντως τους μηχανισμούς ελέγχου, διαφάνειας και λογοδοσίας γύρω από τις εξαγωγές τεχνολογιών κυβερνοπαρακολούθησης.
Η έκθεση, με τίτλο«Κάνοντας ότι δεν βλέπει: Η αποτυχία της ΕΕ να αποτρέψει τις εξαγωγές τεχνολογιών παρακολούθησης προς παραβάτες ανθρωπίνων δικαιωμάτων»(«Looking the Other Way: EU Failure to Prevent Surveillance Exports to Rights Violators»), εξετάζει την εφαρμογή του κανονισμού για τα προϊόντα διπλής χρήσης της ΕΕ, που υιοθετήθηκε το 2021. Ο κανονισμός αυτός στοχεύει, μεταξύ άλλων, στην αποτροπή εξαγωγών τεχνολογιών που μπορούν να αξιοποιηθούν για στρατιωτικούς ή κατασταλτικούς σκοπούς, όταν υπάρχει κίνδυνος παραβίασης δικαιωμάτων. Ωστόσο, σύμφωνα με την έκθεση, ο στόχος αυτός δεν επιτυγχάνεται λόγω σημαντικών ελλείψεων στην εφαρμογή και την εποπτεία του πλαισίου.
Η έρευνα καταγράφει ότι κράτη-μέλη της ΕΕ εξακολουθούν να εγκρίνουν εξαγωγές ευαίσθητων τεχνολογιών προς χώρες με καταγεγραμμένο ιστορικό καταστολής. Ενδεικτικά αναφέρονται εξαγωγές από τη Βουλγαρία προς το Αζερμπαϊτζάν το 2022 και από την Πολωνία προς τη Ρουάντα το 2023.
Η Human Rights Watch υπογραμμίζει ότι η ΕΕ φιλοξενεί πολλές από τις μεγαλύτερες εταιρείες ανάπτυξης τέτοιων τεχνολογιών, γεγονός που καθιστά απαραίτητη την ύπαρξη αυστηρών ελέγχων. Αν και οι άδειες εξαγωγής εκδίδονται σε εθνικό επίπεδο, η Ευρωπαϊκή Επιτροπή διατηρεί την ευθύνη για τη συνολική εποπτεία και τη δημοσιοποίηση στοιχείων.
Ωστόσο, η οργάνωση κατηγορεί την Επιτροπή ότι έχει περιορίσει τις υποχρεώσεις διαφάνειας μέσω κατευθυντήριων οδηγιών που μειώνουν τις διαθέσιμες πληροφορίες. Ως αποτέλεσμα, τα δημοσιευμένα δεδομένα δεν επαρκούν για ουσιαστικό έλεγχο της αποτελεσματικότητας του κανονισμού.
Σε απάντησή της, η Ευρωπαϊκή Επιτροπή σημείωσε ότι η ευθύνη για τις άδειες εξαγωγής ανήκει αποκλειστικά στα κράτη-μέλη, ενώ οι περιορισμοί στη δημοσιοποίηση στοιχείων αποσκοπούν στην προστασία της εμπορικής εμπιστευτικότητας των εταιρειών.
Στην έκθεση τονίζεται πως ορισμένοι από τους μεγαλύτερους εξαγωγείς τεχνολογιών κυβερνοπαρακολούθησης στην Ευρώπη, όπως η Γαλλία, η Γερμανία, η Ελλάδα, η Ιταλία και η Ισπανία, αρνήθηκαν ή αγνόησαν αιτήματα πρόσβασης σε έγγραφα. «Οι αρμόδιες αρχές αδειοδότησης εξαγωγών σε έξι χώρες και δύο περιφέρειες δήλωσαν ότι δεν υπέβαλαν καμία αίτηση για εξαγωγές τέτοιων τεχνολογιών προς την Ευρωπαϊκή Επιτροπή για τα έτη 2022 και 2023. Στην ετήσια έκθεσή της για το 2025, καθώς και στη “στατιστική ενημέρωση”, που περιλαμβάνουν δεδομένα για εξαγωγές κυβερνοπαρακολούθησης για τα ίδια έτη, η Ευρωπαϊκή Επιτροπή ανέφερε ότι έλαβε στοιχεία από 14 κράτη-μέλη για κάθε έτος», αναφέρεται χαρακτηριστικά.
Η έκθεση καταλήγει ότι τόσο τα κράτη όσο και οι εταιρείες έχουν υποχρέωση να διασφαλίζουν πως οι δραστηριότητές τους δεν συμβάλλουν σε παραβιάσεις ανθρωπίνων δικαιωμάτων. Η οργάνωση καλεί την ΕΕ να αξιοποιήσει την επικείμενη αξιολόγηση του κανονισμού εντός του 2026, προκειμένου να ενισχύσει τις απαιτήσεις δέουσας επιμέλειας, να επιβάλει ουσιαστική διαφάνεια και να αποτρέψει την εξαγωγή τεχνολογιών που μπορούν να χρησιμοποιηθούν για καταστολή, βασανιστήρια ή παραβιάσεις της ιδιωτικότητας.
Όπως επισημαίνεται, χωρίς αποτελεσματική εφαρμογή και αυστηρή παρακολούθηση, ακόμη και τα πιο προοδευτικά ρυθμιστικά πλαίσια κινδυνεύουν να παραμείνουν ανεπαρκή απέναντι σε πρακτικές που θέτουν τα κέρδη πάνω από τα θεμελιώδη δικαιώματα.",2026,5,6,9
2026-05-05 20:31:00,"Η προάσπιση του Κράτους Δικαίου αποτελεί αδιαπραγμάτευτο πρόταγμα για το δικηγορικό σώμα και ο Δικηγορικός Σύλλογος Πειραιά, σε συνεργασία με τους άλλους Δικηγορικούς Συλλόγους, θα αγωνιστεί για τη δημόσια ανάδειξη της υπόθεσης και την πλήρη δικαστική διερεύνησή της, εξετάζοντας και τη δυνατότητα παρέμβασης ενώπιον του ΕΔΔΑ.
Διαβάστε ακόμα: Στο ευρωπαϊκό Δικαστήριο μεταφέρεται η μάχη για τις υποκλοπές
Επίσης αναφέρεται στη σημασία της διερεύνησης της υπόθεσης που άπτεται της λειτουργίας του Κράτους Δικαίου.
Η υπόθεση των τηλεφωνικών υποκλοπών έχει σπουδαία σημασία για το Κράτος Δικαίου, καθώς άπτεται θεμάτων που αφορούν στην εθνική ασφάλεια, τη δημοκρατική λειτουργία και την προστασία θεμελιωδών ατομικών και κοινωνικών δικαιωμάτων και ελευθεριών.
Διαβάστε ακόμα: Ζαχαρίας Κεσσές για υποκλοπές: Ο Τζαβέλλας αποφάσισε συνειδητά να παραβιάσει τον νόμο, είναι ποινικά ελεγκτέος
Η σοβαρότητα της υπόθεσης επιβάλλει την πλήρη διερεύνησή της, σύμφωνα, άλλωστε, και με την πάγια νομολογία του ΕΔΔΑ που απαιτεί αποτελεσματική ποινική έρευνα των υποθέσεων, πολύ δε περισσότερο όταν πρόκειται για θέματα δημοσίου ενδιαφέροντος.
Η από 27.4.2026 Πράξη του Εισαγγελέα του Αρείου Πάγου με την οποία δεν ανασύρεται από το αρχείο η υπόθεση των τηλεφωνικών υποκλοπών και δεν διατάσσεται καμία περαιτέρω έρευνα, παρά τις παραδοχές της πρόσφατης απόφασης του Μονομελούς Πλημμελειοδικείου Αθηνών και την εκ νέου διαβίβαση της υπόθεσης στις εισαγγελικές αρχές λόγω διαπίστωσης από αυτό επαρκών ενδείξεων τέλεσης σοβαρών αξιόποινων πράξεων, δημιουργεί εύλογα ερωτηματικά, οδηγεί σε καχυποψία και έλλειψη εμπιστοσύνης των πολιτών ως προς την ανεξαρτησία της Δικαιοσύνης και δεν συνάδει με την αρχή του Κράτους Δικαίου.
Ο Δικηγορικός Σύλλογος Πειραιά καταδικάζει έντονα το γεγονός ότι ο Εισαγγελέας του Αρείου Πάγου επιλήφθηκε ο ίδιος της υπόθεσης και προχώρησε στην έκδοση της Πράξης του παρότι συνέτρεχαν λόγοι αποκλεισμού ή και εξαίρεσής του κατ’ άρθρον 14 και 15 ΚΠΔ, καθώς είχε εξεταστεί ως μάρτυρας για την ίδια υπόθεση στην Επιτροπή Θεσμών και Διαφάνειας της Βουλής και είχε προσωπική εμπλοκή σε αυτήν έχοντας διατελέσει εποπτεύων Εισαγγελέας της ΕΥΠ κατά το κρίσιμο διάστημα.
Ο Δικηγορικός Σύλλογος Πειραιά καταδικάζει έντονα το γεγονός ότι με την πράξη της αρχειοθέτησης εμποδίστηκε η αποτελεσματική ποινική έρευνα μίας κορυφαίας για το Κράτος Δικαίου και τη Δημοκρατία υπόθεσης.
Η προάσπιση του Κράτους Δικαίου αποτελεί αδιαπραγμάτευτο πρόταγμα για το δικηγορικό σώμα και ο Δικηγορικός Σύλλογος Πειραιά, σε συνεργασία με τους άλλους Δικηγορικούς Συλλόγους, θα αγωνιστεί για τη δημόσια ανάδειξη της υπόθεσης και την πλήρη δικαστική διερεύνησή της, εξετάζοντας και τη δυνατότητα παρέμβασης ενώπιον του ΕΔΔΑ.",2026,5,5,20
2026-05-05 06:22:00,"Διαδοχικά τεστ συνοχής δίνει – και θα συνεχίσει μέσα στον Μάιο να δίνει – το κυβερνών κόμμα, που διανύει έτσι κι αλλιώς ίσως τη δυσκολότερη περίοδο της επταετίας ως προς τις εσωκομματικές ισορροπίες. Οι πιέσεις της αντιπολίτευσης στο θεσμικό τερέν (μέσα από αιτήματα για Προανακριτική και για Εξεταστική επιτροπή για τα σκάνδαλα τουΟΠΕΚΕΠΕκαι τωνυποκλοπών, αντίστοιχα), τα θολά σημεία της κυβερνητικής επιχειρηματολογίας και οι σφοδρές πολιτικές αντιδράσεις δοκιμάζουν τηΝΔκαι εσωτερικά.
Όσο κι αν ο Κυριάκος Μητσοτάκης και οι επιτελείς της κυβερνητικής και της κομματικής έδρας επιδιώκουν να σπάσουν τον κύκλο φθοράς, στον ορίζοντα παραμένουν ανοιχτά μέτωπα για… γερά νεύρα. Και το πώς η κυβέρνηση θα προσπαθήσει να τα κλείσει – αν καταφέρει στ’ αλήθεια να τα κλείσει -, θα καθορίσει σε μεγάλο βαθμό και την εκλογική τροχιά της ΝΔ.
Το ένα μέτωπο (καθαρά γαλάζιο) είναι ένα πενθήμερο συζητήσεων, από το οποίο θα προκύψουν ισορροπίες/ανισορροπίες, πληγές, δεδομένα για τις σχέσεις κυβέρνησης και κοινοβουλευτικής ομάδας, νέοι συσχετισμοί. Η αρχή γίνεται την Πέμπτη, 7 Μαΐου, στη συνεδρίαση Μητσοτάκη – βουλευτών. Το Σάββατο, 9 Μαΐου, πραγματοποιείται στη Θεσσαλονίκη το μεγαλύτερο και τελευταίο προσυνέδριο της ΝΔ, παρουσία του Μητσοτάκη, με ατζέντα άμυνας και εξωτερικής πολιτικής – με παρέμβαση και του Νίκου Δένδια. Και στις 15-17 Μαΐου οργανώνεται το κομματικό συνέδριο – προεκλογικό ενόψει εθνικής αναμέτρησης και εκλογικό για την ανάδειξη νέας Πολιτικής Επιτροπής στο κόμμα.
Το δεύτερο μέτωπο αφορά μια κάλπη – μια μυστική ψηφοφορία στη Βουλή, συγκεκριμένα. Σε αυτήν, όταν έρθει η ώρα, το Μαξίμου δεν θέλει να δει την παραμικρή διαρροή από την κεντρική απόφαση για «όχι» σε μια Προανακριτική για τον ΟΠΕΚΕΠΕ, την υπόθεση που έχει προκαλέσει πολιτικό κόστος στη ΝΔ και εσωκομματική αναταραχή.
Το τρίτο μέτωπο έχει να κάνει με μια άλλη ψηφοφορία, που θα είναι όμως φανερή. Για αυτήν δεν έχει δοθεί ακόμα επισήμως η «γραμμή». Όμως συγκλίνουσες πληροφορίες δείχνουν ότι πλησιάζει το «όχι» του Μαξίμου και στη σύσταση Εξεταστικής επιτροπής για τις υποκλοπές. Με επίκληση εθνικών λόγων, όπως σκέφτεται να απαντήσει η κυβέρνηση σύμφωνα με πηγές με γνώση των παρασκηνιακών συζητήσεων, δεν θα αρκούν 120 ψήφοι για να περάσει μόνο από την αντιπολίτευση το αίτημα, αλλά θα απαιτηθούν 151 «υπέρ» – η απόλυτη πλειοψηφία του συνολικού αριθμού των βουλευτών. Αυτό το ορατό σενάριο – επικρατέστερο αυτή τη στιγμή σύμφωνα με εκτιμήσεις κάποιων κυβερνητικών στελεχών – δεδομένα θα φέρει ισχυρότατη αντιπαράθεση (ενδεχομένως και σοβαρές εξελίξεις) στη Βουλή. Προς το παρόν όλα ζυγίζονται και η κυβέρνηση θέλει να κερδίσει χρόνο, μετρώντας αντιδράσεις αλλά η οριστική απόφαση για το αν θα ζητηθεί από την Ολομέλεια να εγκρίνει Εξεταστική με 151 ή με 120 ψήφους αναμένεται σύντομα.
Ήδη και μόνο η αρνητική στάση της κυβέρνησης στη σύσταση Προανακριτικής για τον ΟΠΕΚΕΠΕ πυροδοτεί το ήδη επιβαρυμένο πολιτικό κλίμα. Η Χαριλάου Τρικούπη καταγγέλλει ξανά εργαλειοποίηση του Συντάγματος και του άρθρου 86 περί ευθύνης υπουργών. Η απόφαση του Μαξίμου και ο τρόπος επικοινωνιακής προβολής της κλείδωσαν σε κλειστές συσκέψεις (και σε διαδοχικές επαφές, δια ζώσης και τηλεφωνικά) στο τριήμερο της Πρωτομαγιάς.
Το μπλόκο της κυβερνητικής πλειοψηφίας στο αίτημα του ΠΑΣΟΚ για Προανακριτική, όπως επίσημα ανακοινώθηκε χθες στον απόηχο και δεύτερου, κοινού αιτήματος από ΣΥΡΙΖΑ και Νέα Αριστερά έχει εξήγηση πέραν της κεντρικής «γραμμής» περί απουσίας στοιχείων στη δικογραφία για τους πρώην υπουργούς Σπήλιο Λιβανό και Φωτεινή Αραμπατζή.
Η κυβέρνηση ξορκίζει τη δημιουργία ενός «προηγούμενου» (παραπομπών) από τη στιγμή που αναμένονται και νέες δικογραφίες από την Ευρωπαϊκή Εισαγγελία. Επίσης σε καμία περίπτωση δεν θέλει να βρίσκεται η βαριά υπόθεση στην πρώτη γραμμή της επικαιρότητας (πόσω μάλλον της Βουλής) με απολογούμενους τους πρώην υπουργούς της.
Μπορεί στην πραγματικότητα ο ρόλος μιας Προανακριτικής να είναι ακριβώς να διερευνήσει και να αναζητήσει στοιχεία, ωστόσο οι γαλάζιοι επιμενουν να απαντούν ότι «αποχρώσες ενδείξεις δεν υπάρχουν» στις δικογραφίες για Λιβανό. – Αραμπατζή. Στην ίδια κατεύθυνση ισχυρίζονται ότι δεν υπάρχει καμία αλλαγή πλεύσης στη διαχείριση του θέματος. Το περσινό καλοκαίρι η κυβέρνηση αρνούνταν μια Προανακριτική για τους Μάκη Βορίδη και Λευτέρη Αυγενάκη τότε και απαντούσε με δικό της αίτημα για Εξεταστική (διερεύνηση του θέματος των αγροτικών επιδοτήσεων από το 1998).
Στο φόντο βρίσκεται η πρόσφατη άρση ασυλίας των 13 γαλάζιων βουλετών που αναφέρονταν στις τελευταίες δικογραφίες. Μια ψηφοφορία στην οποία πολλοί βουλευτές της ΝΔ συμμετείχαν με βαριά καρδιά, παραδεχόμενοι ότι είπαν «ναι» μόνο και μόνο επειδή το ζήτησαν οι ίδιοι οι εμπλεκόμενοι – με ό,τι αυτό συνεπάγεται για τις αντιδράσεις των γαλάζιων σε ένα πιθανό αντίστοιχο σκηνικό στο μέλλον, μετά την έλευση νέου υλικού από την έρευνα της Ευρωπαϊκής Εισαγγελίας.",2026,5,5,6
2026-05-04 14:22:00,"Κατατέθηκε ηπρόταση για σύσταση Εξεταστικής Επιτροπήςγια το σκάνδαλο των υποκλοπών από τοΠΑΣΟΚ, που βάζει στο «κάδρο» άτομα υπό διερεύνηση, συμπεριλαμβανομένου και του Κυριάκου Μητσοτάκη.
Τα μάτια τώρα στρέφονται στην πλευρά της ΝΔ, καθώς τις τελευταίες μερες εντείνεται η φημολογία πως θα προσπαθήσει να «κόψει» την Εξεταστική (παρακάμπτοντας το συνταγματικό δικαίωμα της μειοψηφίας να την «περάσει» με 120 ψήφους) δίνοντας στο ζήτημα χαρακτήρα «εθνικής ασφάλειας» λόγω της αναφοράς στην ΕΥΠ.
Σε μια τέτοια περίπτωση, συνταγματικά απαιτείται απόλυτη πλειοψηφία για να εγκριθεί το αίτημα, δηλαδή 151 ψήφοι.
Η πρόταση ζητά «την εξέταση του ειδικού ζητήματος δημοσίου συμφέροντος της παράνομης χρήσης του παράνομου λογισμικού Ρredator στην Ελληνική επικράτεια (87 επαληθευμένες στοχεύσεις σε βάρος φυσικών προσώπων), της εικαζόμενης συμμετοχής της Εθνικής Υπηρεσίας Πληροφοριών (ΕΥΠ) σε υποθέσεις παραβίασής του απορρήτου των επικοινωνιών και παράνομης επεξεργασίας δεδομένων προσωπικού χαρακτήρα, της χειραγώγησης της Εξεταστικής Επιτροπής που συνεστήθη σύμφωνα με την από 29 Αυγούστου 2022 απόφαση της Ολομέλειας της Βουλής και την έρευνα για την ύπαρξη ευθυνών του Πρωθυπουργού κ. Κυριάκου Μητσοτάκη και κάθε άλλου εμπλεκομένου φυσικού ή νομικού προσώπου κατά τα άρθρα 68 παρ. 2 εδ. γ’ του Συντάγματος και 144 παρ. 5 εδ. β’ του Κανονισμού της Βουλής».
«Ειδικότερα και προκειμένου να αποδοθούν τυχόν υπάρχουσες πολιτικές, ποινικές ή πειθαρχικές ευθύνες, ζητούμε να διερευνηθεί πλήρως:
1. Αν και υπό ποιες συνθήκες χρησιμοποιήθηκε το Predator από την ΕΥΠ, μέσω του ΚΕΤΥΑΚ ή μη, από παρακλάδια της ίδιας ή άλλων κρατικών υπηρεσιών και ποια πρόσωπα, παρήγγειλαν, επέβλεψαν, γνώριζαν, συμμετείχαν ή και ενέκριναν αυτή τη χρήση.
2. Πώς χρηματοδοτήθηκε η χρήση αυτή και ποιες ομάδες προσώπων συνεργάστηκαν με τους καταδικασθέντες και τους συνεργάτες τους.
3. Ποιοι είχαν πρόσβαση στο υλικό των παρακολουθήσεων και πού βρίσκεται αυτό σήμερα.
4. Ποιοι από τους στόχους του Predator που δεν έχουν συνεργαστεί μέχρι σήμερα με την Δικαιοσύνη παρακολουθήθηκαν και σε ποιες χρονικές στιγμές και σε ποιες περιπτώσεις η πράξη δεν ολοκληρώθηκε και άρα υπάρχει απόπειρα.
5. Ποιοι και με ποιο τρόπο μεθόδευσαν την συγκάλυψη και εξουδετέρωση της αρχικής κοινοβουλευτικής της έρευνας.
6. Αν όλα τα παραπάνω ήταν σε γνώση και είχαν την έγκριση και συντονισμό του πρωθυπουργικού περιβάλλοντος και του ίδιου του Πρωθυπουργού Κυριάκου Μητσοτάκη».",2026,5,4,14
2026-05-02 16:57:00,"Ο εισαγγελέας του Αρείου Πάγου, Κωνσταντίνος Τζαβέλλας, «αποφάσισε συνειδητά να παραβιάσει το νόμο και να χειριστεί την υπόθεση» υπογραμμίζει ο συνήγορος θυμάτων των παράνομων παρακολουθήσεων,Ζαχαρίας Κεσσές, σχολιάζοντας τη σημερινήαποκάλυψη του in.
Όπως τόνισε ο κ. Κεσσές, ο εισαγγελέας του Αρείου Πάγου «υπέγραψε την πρωτοφανή παρακολούθηση για λόγους εθνικής ασφάλειας του αντιπροέδρου της κυβέρνησης Κ. Χατζηδάκη, του Οικονομικού Εισαγγελέα Χ.Μπαρδάκη, του Γ. Μυλωνάκη και της συζύγου του Τ. Μεσαροπούλου αλλά και της Α. Ξαγοράρη στενής συνεργάτιδας της συζύγου του Πρωθυπουργού».
Επισήμανε, ακόμη, πως η διάταξη του κ. Τζαβέλλα «ως εκ τούτου είναι επί της αρχής παράνομη και αυθαίρετη και ο ίδιος ποινικά και πειθαρχικά ελεγκτέος. Η συγκάλυψη φέρει και το δικό του όνομα με τον πιο πανηγυρικό τρόπο».
«Σύμφωνα με το άρθρο 15 του Κώδικα Ποινικής Δικονομίας όλα τα δικαστικά πρόσωπα είναι εξαιρετέα, αν συντρέχουν λόγοι που προκαλούν υπόνοιες μεροληψίας, δηλαδή αν υπάρχουν γεγονότα που μπορούν να δικαιολογήσουν εμφανώς δυσπιστία για την αμεροληψία τους.
Ο Εισαγγελέας του Αρείου Πάγου κ. Τζαβέλλας αποφάσισε αντιδεοντολογικά και παράνομα να χειριστεί την υπόθεση των υποκλοπών ενώ συνέτρεχαν συγκεκριμένοι λόγοι δυσπιστίας στο πρόσωπο του και ειδικότερα:
1. Διετέλεσε επόπτης της ΕΥΠ την επίδικη περίοδο δηλαδή την ίδια περίοδο που έχει προκύψει με βάση τα νέα στοιχεία ότι στελέχη της ΕΥΠ συνεργάζονταν με τα στελέχη της Intellexa, έδιναν άδειες εισόδου σε απόρρητες εγκαταστάσεις, υπέβαλλαν προτάσεις συγχρηματοδότησης και επεξεργάζονταν από κοινού απόρρητα συμβατικά κείμενα συνεργασίας με ξένες μυστικές υπηρεσίες
2. Υπέγραψε ο ίδιος τις διατάξεις άρσης του απορρήτου των επικοινωνιών του δημοσιογράφου Θ. Κουκάκη, ο οποίος είναι διάδικος στην δικογραφία.
3. Υπέγραψε και την παράταση της άρσης του απορρήτου των επικοινωνιών του Κουκάκη, ενώ διέταξε την αιφνίδια διακοπή της μόλις ο Κουκάκης έκανε αίτηση στην ΑΔΑΕ στις 12.8.2020 για να ενημερωθεί αν τελούσε υπό επισύνδεση. Αυτό αποτελεί την απόλυτη απόδειξη ότι δεν υπήρχαν ποτέ πραγματικοί λόγοι σχετιζόμενοι με την εθνική ασφάλεια.
4. Υπέγραψε και άλλες τουλάχιστον δέκα άρσεις του απορρήτου των επικοινωνιών για πρόσωπα για τα οποία δεν υπήρχε αποδεδειγμένα κανένας λόγος εθνικής ασφάλειας και η παρακολούθηση τους ήταν καταχρηστική.
5. Υπέγραψε την πρωτοφανή παρακολούθηση για λόγους εθνικής ασφάλειας του αντιπροέδρου της κυβέρνησης Κ. Χατζηδάκη, του Οικονομικού Εισαγγελέα Χ.Μπαρδάκη, του Γ. Μυλωνάκη και της συζύγου του Τ. Μεσαροπούλου αλλά και της Α. Ξαγοράρη στενής συνεργάτιδας της συζύγου του Πρωθυπουργού.
6. Υπέγραψε τις παρακολουθήσεις Κουκάκη, Μπαρδάκη και Μυλωνάκη την 1.6.2020 και την αμέσως επόμενη ημέρα (2.6.2020) ξεκίνησε η αποστολή των μηνυμάτων που μετά από λίγο παγίδευσαν με Predator τα προαναφερόμενα πρόσωπα.
7 .Κατέθεσε ως μάρτυρας στην Επιτροπή Θεσμών και Διαφάνειας της Βουλής για την υπόθεση, κάτι που από μόνο του θα αρκούσε να τον αποτρέψει από το να ασκήσει εισαγγελικά καθήκοντα στην ίδια υπόθεση.
Ο κ. Τζαβέλλας γνωρίζει εξαιρετικά νομικά, κάτι που αποκλείει την περίπτωση να μην γνώριζε τη διάταξη του άρθρου 15. Αποφάσισε συνειδητά να παραβιάσει το νόμο και να χειριστεί την υπόθεση. Η διάταξη του ως εκ τούτου είναι επί της αρχής παράνομη και αυθαίρετη και ο ίδιος ποινικά και πειθαρχικά ελεγκτέος. Η συγκάλυψη φέρει και το δικό του όνομα με τον πιο πανηγυρικό τρόπο».
Σύμφωνα με το άρθρο 15 του Κώδικα Ποινικής Δικονομίας όλα τα δικαστικά πρόσωπα είναι εξαιρετέα, αν συντρέχουν λόγοι που προκαλούν
υπόνοιες μεροληψίας, δηλαδή αν υπάρχουν γεγονότα που μπορούν να δικαιολογήσουν
εμφανώς δυσπιστία για την αμεροληψία τους.
Ο Εισαγγελέας του Αρείου…pic.twitter.com/FZKAJohfgG
— Zac Kesses (@ZacKesses)May 2, 2026",2026,5,2,16
2026-05-02 16:32:00,"Θύελλα αντιδράσεωνέχει προκαλέσει η αποκάλυψη του in, σύμφωνα με την οποίαεντεκα ήταν συνολικά οι νομότυπες παρακολουθήσεις της ΕΥΠπου υπέγραψε ο νυν εισαγγελέας του Αρείου Πάγου,Κωνσταντίνος Τζαβέλλας, και συνέπεσαν χρονικά με τις υποκλοπές μέσω του παράνομου κατασκοπευτικού λογισμικούPredatorκατά τη διάρκεια του -περίπου- ενός χρόνου (έως τον Νοέμβριο του 2020) που είχε την εποπτεία της Εθνικής Υπηρεσίας Πληροφοριών.
Παράλληλα, το ίδιο ρεπορτάζ έφερε στο φως της δημοσιότητας την απόρρητη κατάθεση του κ. Τζαβέλλα στη συνεδρίαση της Επιτροπής Θεσμών και Διαφάνειας της Βουλής τον Σεπτέμβριο 2022. Τότε, στη σύντομη κατάθεσή του ο νυν επικεφαλής του Αρείου Πάγου -που σήμερα δέχεται τα σφοδρά πυρά του νομικού και πολιτικού κόσμου- επικαλέστηκε το… «καθήκον εχεμύθειας», το υπηρεσιακό απόρρητο δηλαδή, αποφεύγοντας να δώσει την οποιαδήποτε απάντηση για το σκάνδαλο των υποκλοπών.
ΠΑΣΟΚ: «Η κυβέρνηση είναι βαρύτατα εκτεθειμένη, όσο ξετυλίγεται το κουβάρι της συγκάλυψης»
Σε ανακοίνωση του Γραφείου Τύπου τουΠΑΣΟΚ-Κίνημα Αλλαγήςεπισημαίνεται ότι: «Το in.gr και ο δημοσιογράφοςΠάνος Τσίκαλαςαποκάλυψαν την απόρρητη κατάθεση του Εισαγγελέα του Αρείου Πάγου,Κωνσταντίνου Τζαβέλλα, στην Επιτροπή Θεσμών και Διαφάνειας για τις υποκλοπές του 2022, όταν είχε διατελέσει εποπτεύων της ΕΥΠ.
Από την κατάθεση προκύπτει ότι ο ίδιος υπέγραψε τις παρακολουθήσεις από τηνΕΥΠέντεκα προσώπων, που ήταν και στόχοι παρακολούθησης του παράνομου λογισμικούPredator.
Μάλιστα στα πρόσωπα των όποιων την παρακολούθηση έχει διατάξει, περιλαμβάνονται ο Αντιπρόεδρος της Κυβέρνησης κ. Κωστής Χατζηδάκης και συνεργάτες του, ο οικονομικός εισαγγελέας κ. Μπαρδάκης, ο δημοσιογράφος Θανάσης Κουκάκης, ανώτατα στελέχη σε γενικές γραμματείες του κράτους κ.α.
Είναι τουλάχιστον παράδοξο ο ελεγχόμενος, να γίνεται ελεγκτής. Η συγκεκριμένη αποκάλυψη επιβεβαιώνει πλήρως το ψήφισμα του Διοικητικού Συμβουλίου του ΔΣΑ, που ζήτησε την παραίτηση του κ. Τζαβέλλα αναφέροντας πως «με την απέκδυση του κατά το νόμο καθήκοντος του απέτυχε οριστικά στην εκπλήρωση του θεσμικού του ρόλου» και «αποδοκίμασε με έντονο και κατηγορηματικό τρόπο την πράξη του με την οποία δεν ανασύρεται από το αρχείο η υπόθεση των τηλεφωνικών υποκλοπών».
Στην κατάθεση του κ. Τζαβέλλα, που φέρνει στο φως το in.gr, ο σημερινός Εισαγγελέας του Αρείου Πάγου δηλώνει πως είχε “προσωπική επικοινωνία με τους υπεύθυνους αξιωματικούς που χειρίζονταν τις συγκεκριμένες υποθέσεις γνωρίζοντας εκ των έσω για ποιον λόγο ήταν χρήσιμη η επισύνδεση”.
Δεδομένου, λοιπόν, ότι υπό παρακολούθηση είχαν τεθεί υψηλά ιστάμενα πρόσωπα στην κυβέρνηση και το κράτος, με μακροχρόνιες παρατάσεις στην παρακολούθηση κάποιων εξ αυτών, κάτι που προϋποθέτει σαφή αιτιολόγηση, πώς ερμηνεύεται αυτή η παραδοχή του ενώπιον της Επιτροπής Θεσμών τότε;
Γιατί απέφυγε να προχωρήσει σε σειρά ανακριτικών πράξεων όπως αυτές προκύπτουν από την απόφαση τουΜονομελούς Πλημμελειοδικείου Αθηνώναλλά και τις νέες δηλώσεις Ντίλιαν; Γιατί τέτοια σπουδή; Η κυβέρνηση είναι βαρύτατα εκτεθειμένη όσο ξετυλίγεται το κουβάρι της συγκάλυψης».
Με επίσημη ανακοίνωσή του, το Γραφείο Τύπου του ΣΥΡΙΖΑ-Προοδευτική Συμμαχία εξαπολύει σφοδρή επίθεση στον Εισαγγελέα του Αρείου Πάγου, κ. Τζαβέλλα, με αφορμήδημοσίευμα του inσχετικά με την υπόθεση των υποκλοπών.
Ανακοίνωση Γραφείου Τύπου του ΣΥΡΙΖΑ-Προοδευτική Συμμαχία:
«Το σημερινό δημοσίευμα του in.gr τεκμηριώνει απόλυτα την καταπάτηση του Κράτους Δικαίου από τον Εισαγγελέα του Αρείου Πάγου.
Ο κ. Τζαβέλλας, έχοντας υπογράψει ο ίδιος την επισύνδεση 11 στόχων του Predator αρνήθηκε να διερευνήσει όχι μόνο αν υπήρχε ενιαίο κέντρο ΕΥΠ – Predator αλλά και τη δική του εμπλοκή στο σκάνδαλο των υποκλοπών.
Όπως μάλιστα φέρεται να ανέφερε χαρακτηριστικά όταν είχε κληθεί στην Επιτροπή Θεσμών και Διαφάνειας της Βουλής: «για όποια διάταξη υπέγραψα πάντοτε είχα εποπτεία των λόγων και πάντοτε είχα προσωπική επικοινωνία με τους υπεύθυνους αξιωματικούς που χειρίζονταν τις συγκεκριμένες υποθέσεις γνωρίζοντας εκ των έσω για ποιο λόγο ήταν χρήσιμη η επισύνδεση του τάδε κινητού τηλεφώνου του οποιουδήποτε προσώπου».
Όταν ο κ. Τζαβέλλας ομολογεί την προσωπική του εμπλοκή πώς είναι δυνατόν να του επιτρέπεται να αποφασίζει για το αν θα ασκηθούν διώξεις;
Γιατί δεν αναπληρώθηκε από την Εισαγγελική Αρχή, όπως προβλέπεται;
Όπως αναφέρει στην ανάρτησή του ο κ. Κεσσές «σύμφωνα με το άρθρο 15 του Κώδικα Ποινικής Δικονομίας όλα τα δικαστικά πρόσωπα είναι εξαιρετέα, αν συντρέχουν λόγοι που προκαλούν υπόνοιες μεροληψίας, δηλαδή αν υπάρχουν γεγονότα που μπορούν να δικαιολογήσουν εμφανώς δυσπιστία για την αμεροληψία τους. Ο Εισαγγελέας του Αρείου Πάγου κ. Τζαβέλλας αποφάσισε αντιδεοντολογικά και παράνομα να χειριστεί την υπόθεση των υποκλοπών ενώ συνέτρεχαν συγκεκριμένοι λόγοι δυσπιστίας στο πρόσωπο του…»
Δεν μπορεί να είναι ανεκτό από την ελληνική Δικαιοσύνη ελεγκτής και ελεγχόμενος να συμπίπτουν, ούτε μια τέτοια διάταξη να είναι έγκυρη.
Δεν είναι άλλωστε τυχαίες οι δημόσιες τοποθετήσεις κορυφαίων συνταγματολόγων και προσωπικοτήτων όπως Παυλόπουλος, Ράμμος, Σωτηρέλης, Κοντιάδης, Δρόσος, Καμτσίδου, Μενουδάκος που κατακεραύνωσαν με δημόσιες παρεμβάσεις τους αυτή τη μεθόδευση, αλλά και το «….το Διοικητικό Συμβούλιο του Δικηγορικού Συλλόγου Αθηνών, συναισθανόμενο την ευθύνη που πηγάζει από τις αρχές και τις παραδόσεις του δικηγορικού σώματος, ασκώντας την κατά νόμο αρμοδιότητά του από τον Κώδικα Δικηγόρων, αποφασίζει σήμερα να ζητήσει την παραίτηση του Εισαγγελέα του Αρείου Πάγου, που με την απέκδυση του κατά νόμο καθήκοντός του απέτυχε οριστικά στην εκπλήρωση του θεσμικού του ρόλου».
Σημειώνεται ότι ο κ. Τζαβέλλας έχει βρεθεί στο στόχαστρο της αντιπολίτευσης, που έχει προαναγγείλει, με πρωτοβουλία του ΠΑΣΟΚ – ΚΙΝΑΛ, σύσταση εξεταστικής επιτροπής στη Βουλή για τις υποκλοπές.
Ο ΔΣΑ ζήτησε με ψήφισμα την παραίτηση του εισαγγελέα του Αρείου Πάγου, έπειτα από απόφαση που ελήφθη με έκτακτο διοικητικό συμβούλιο, υπογραμμίζοντας χαρακτηριστικά ότι «με την απέκδυση του κατά νόμο καθήκοντός του απέτυχε οριστικά στην εκπλήρωση του θεσμικού του ρόλου».
Από τον πλευρά του, ο συνήγορος θυμάτων των παράνομων παρακολουθήσεων, Ζαχαρίας Κεσσές, ανέφερε τις προηγούμενες μέρες για τον επικεφαλής του Αρείου Πάγου ότι «ο ελεγχόμενος επέλεξε να ασκήσει τα καθήκοντα του ελεγκτή», τονίζοντας πως «είμαι πεπεισμένος ότι έχουν θεμελιωθεί ποινικά αδικήματα».
Όπως είπε, «ο κ. Τζαβέλλας επόπτευε την ΕΥΠ την περίοδο που υπάρχουν αποδείξεις για την εμπλοκή με την υπόθεση. Επειδή είναι δική του ευθύνη θα έπρεπε να απέχει να αποφασίσει αν μέσα στην ΕΥΠ έχουν γίνει αξιόποινες πράξεις. Δεν θα έπρεπε να έχει τολμήσει να το κάνει, στο κύρος της δικαιοσύνης».",2026,5,2,16
2026-05-02 14:56:00,"Με επίσημη ανακοίνωσή του, το Γραφείο Τύπου του ΣΥΡΙΖΑ-Προοδευτική Συμμαχία εξαπολύει σφοδρή επίθεση στον Εισαγγελέα του Αρείου Πάγου, κ. Τζαβέλλα, με αφορμήδημοσίευμα του in.gr σχετικά με την υπόθεση των υποκλοπών.
Το σημερινό δημοσίευμα του in.gr τεκμηριώνει απόλυτα την καταπάτηση του Κράτους Δικαίου από τον Εισαγγελέα του Αρείου Πάγου.
Ο κ. Τζαβέλλας, έχοντας υπογράψει ο ίδιος την επισύνδεση 11 στόχων του Predator αρνήθηκε να διερευνήσει όχι μόνο αν υπήρχε ενιαίο κέντρο ΕΥΠ – Predator αλλά και τη δική του εμπλοκή στο σκάνδαλο των υποκλοπών.
Όπως μάλιστα φέρεται να ανέφερε χαρακτηριστικά όταν είχε κληθεί στην Επιτροπή Θεσμών και Διαφάνειας της Βουλής: «για όποια διάταξη υπέγραψα πάντοτε είχα εποπτεία των λόγων και πάντοτε είχα προσωπική επικοινωνία με τους υπεύθυνους αξιωματικούς που χειρίζονταν τις συγκεκριμένες υποθέσεις γνωρίζοντας εκ των έσω για ποιο λόγο ήταν χρήσιμη η επισύνδεση του τάδε κινητού τηλεφώνου του οποιουδήποτε προσώπου».
Όταν ο κ. Τζαβέλλας ομολογεί την προσωπική του εμπλοκή πώς είναι δυνατόν να του επιτρέπεται να αποφασίζει για το αν θα ασκηθούν διώξεις;
Γιατί δεν αναπληρώθηκε από την Εισαγγελική Αρχή, όπως προβλέπεται;
Όπως αναφέρει στην ανάρτησή του ο κ. Κεσσές «σύμφωνα με το άρθρο 15 του Κώδικα Ποινικής Δικονομίας όλα τα δικαστικά πρόσωπα είναι εξαιρετέα, αν συντρέχουν λόγοι που προκαλούν υπόνοιες μεροληψίας, δηλαδή αν υπάρχουν γεγονότα που μπορούν να δικαιολογήσουν εμφανώς δυσπιστία για την αμεροληψία τους. Ο Εισαγγελέας του Αρείου Πάγου κ. Τζαβέλλας αποφάσισε αντιδεοντολογικά και παράνομα να χειριστεί την υπόθεση των υποκλοπών ενώ συνέτρεχαν συγκεκριμένοι λόγοι δυσπιστίας στο πρόσωπο του…»
Δεν μπορεί να είναι ανεκτό από την ελληνική Δικαιοσύνη ελεγκτής και ελεγχόμενος να συμπίπτουν, ούτε μια τέτοια διάταξη να είναι έγκυρη.
Δεν είναι άλλωστε τυχαίες οι δημόσιες τοποθετήσεις κορυφαίων συνταγματολόγων και προσωπικοτήτων όπως Παυλόπουλος, Ράμμος, Σωτηρέλης, Κοντιάδης, Δρόσος, Καμτσίδου, Μενουδάκος που κατακεραύνωσαν με δημόσιες παρεμβάσεις τους αυτή τη μεθόδευση, αλλά και το «….το Διοικητικό Συμβούλιο του Δικηγορικού Συλλόγου Αθηνών, συναισθανόμενο την ευθύνη που πηγάζει από τις αρχές και τις παραδόσεις του δικηγορικού σώματος, ασκώντας την κατά νόμο αρμοδιότητά του από τον Κώδικα Δικηγόρων, αποφασίζει σήμερα να ζητήσει την παραίτηση του Εισαγγελέα του Αρείου Πάγου, που με την απέκδυση του κατά νόμο καθήκοντός του απέτυχε οριστικά στην εκπλήρωση του θεσμικού του ρόλου».",2026,5,2,14
2026-05-02 14:08:00,"Έντεκα ήταν συνολικά οι νομότυπες παρακολουθήσεις της ΕΥΠ που υπέγραψε ο νυν εισαγγελέας του Αρείου Πάγου,Κωνσταντίνος Τζαβέλλας, και συνέπεσαν χρονικά με τις υποκλοπές μέσω του παράνομου κατασκοπευτικού λογισμικούPredatorκατά τη διάρκεια του -περίπου- ενός χρόνου (έως τον Νοέμβριο του 2020) που είχε την εποπτεία της Εθνικής Υπηρεσίας Πληροφοριών, όπως αποκαλύπτει τοin.
Παράλληλα, τοinφέρνει στο φως της δημοσιότητας την απόρρητη κατάθεση του κ. Τζαβέλλα στη συνεδρίαση της Επιτροπής Θεσμών και Διαφάνειας της Βουλής τον Σεπτέμβριο 2022. Τότε, στη σύντομη κατάθεσή του ο νυν επικεφαλής του Αρείου Πάγου -που σήμερα δέχεται τα σφοδρά πυρά του νομικού και πολιτικού κόσμου- επικαλέστηκε το… «καθήκον εχεμύθειας», το υπηρεσιακό απόρρητο δηλαδή, αποφεύγοντας να δώσει την οποιαδήποτε απάντηση για το σκάνδαλο των υποκλοπών.
Στα έντεκα ονόματα που υπέγραψε διάταξη για την παρακολούθησή τους ο κ. Τζαβέλλας, περιλαμβάνεται αυτό του τότε υπουργού Εργασίας και νυν αντιπροέδρου της κυβέρνησης, Κωστή Χατζηδάκη, όπως και του υφυπουργού παρά τω πρωθυπουργώ, Γιώργου Μυλωνάκη και της συζύγου του, Τίνας Μεσσαροπούλου.
Ιδιαίτερο ενδιαφέρον εντοπίζεται στη διάταξη της παρακολούθησης του δημοσιογράφου Θανάση Κουκάκη. Ο κ. Κουκάκης, παρακολουθούνταν από την 1η Ιουνίου έως τη 12η Αυγούστου. Την Τέταρτη 12 Αυγούστου 2020, ο δημοσιογράφος είχε επικοινωνήσει τηλεφωνικώς με την ΑΔΑΕ με σκοπό να ενημερωθεί για τη διαδικασία που πρέπει να ακολουθήσει ώστε να ενημερωθεί επισήμως αν το τηλέφωνό του έχει τεθεί υπό παρακολούθηση από την ΕΥΠ. Την ίδια μέρα, ο κ. Τζαβέλλας αποφάσισε να διακόψει την παρακολούθηση του δημοσιογράφου, σε μια σύμπτωση που γεννά -το λιγότερο- υποψίες.
Πολλά ερωτήματα εγείρονται και από τη διάταξη παρακολούθησης του οικονομικού εισαγγελέα, Χρήστου Μπαρδάκη. Όπως είναι γνωστό, οι Τζαβέλλας και Μπαρδάκης, που είναι επί χρόνια συνάδελφοι και ανώτατοι δικαστικοί λειτουργοί, είχαν άριστες σχέσεις και συνεργασία.
Αξιοσημείωτη όμως σύμπτωση είναι και το γεγονός ότι οι παρακολουθήσεις των Μπαρδάκη, Μυλωνάκη και Κουκάκη από την ΕΥΠ υπεγράφησαν στις 1 Ιουνίου 2020.
Ο κ. Τζαβέλλας εκτός από εποπτεύων της ΕΥΠ για εκείνο το χρονικό διάστημα, διετέλεσε επί σειρά ετών εποπτεύων εισαγγελέας στην αντιτρομοκρατική υπηρεσία, κάτι που επισήμανε σχετικά και στην απόρρητη κατάθεσή του στη συνεδρίαση της Επιτροπής Θεσμών και Διαφάνειας της Βουλής.
«Στις αρμοδιότητες μου, ανάμεσα στις δουλειές που έκανα εγώ εκεί, ήταν να εποπτεύω τα προανακριτικά έργα της υπηρεσίας της αντιτρομοκρατικής καθημερινά στο γραφείο μου και να έχω πραγματική εποπτεία επί όλων των υποθέσεων», υπογράμμισε, σύμφωνα με πληροφορίες τουin, ο κ. Τζαβέλλας.
Ακολούθως ο νυν επικεφαλής του Αρείου Πάγου σημείωσε στην Επιτροπή Θεσμών και Διαφάνειας για τις υποκλοπές, πως για οποιαδήποτε διάταξη υπέγραψε είχε πάντοτε την εποπτεία των λόγων που επέβαλαν την παρακολούθηση, έχοντας παράλληλα «προσωπική επικοινωνία με τους υπεύθυνους αξιωματικούς που χειρίζονταν τις συγκεκριμένες υποθέσεις γνωρίζοντας εκ των έσω για ποιον λόγο ήταν χρήσιμη η επισύνδεση».
Ανέφερε χαρακτηριστικά ότι «οποιαδήποτε διάταξη άρσης του απορρήτου για εθνική ασφάλεια, διερεύνηση εγκλημάτων ή περιστατικών τρομοκρατίας, για όποια διάταξη υπέγραψα πάντοτε είχα εποπτεία των λόγων και πάντοτε είχα προσωπική επικοινωνία με τους υπεύθυνους αξιωματικούς που χειρίζονταν τις συγκεκριμένες υποθέσεις γνωρίζοντας εκ των έσω για ποιο λόγο ήταν χρήσιμη η επισύνδεση του τάδε κινητού τηλεφώνου του οποιουδήποτε προσώπου».
Αρνούμενος να απαντήσει σε οποιαδήποτε ερώτηση σχετικά με τη διαδικασία των νομότυπων επισυνδέσεων, τόνισε πως «δεν έχω άποψη καμία και δεν μπορώ να έχω άποψη διότι δεσμεύομαι από το καθήκον εχεμύθειας που εισάγει η διάταξη του άρθρου 14 του Νόμου 3649/2008, όσον αφορά πληροφορίες για να απαντήσω σε ερωτήσεις για τη διαδικασία και για λόγους εθνικής ασφάλειας είτε του κ. Κουκάκη, είτε του κ. Ανδρουλάκη».
Τέλος, ο κ. Τζαβέλλας επανέλαβε το κώλυμά του για να απαντήσει επί των παρακολουθήσεων των Νίκου Ανδρουλάκη και Θανάση Κουκάκη. «Η θέση η δικιά μου είναι ότι επί του ζητήματος της διαδικασίας των επισυνδέσεων Κουκάκη, όπως αναφέρετε, και Ανδρουλάκη, αλλά και επί των λόγων εθνικής ασφαλείας οι οποίοι αναγνωρίστηκαν κωλύομαι να απαντήσω», κατέληξε.
Σημειώνεται ότι ο κ. Τζαβέλλας έχει βρεθεί στο στόχαστρο της αντιπολίτευσης, που έχει προαναγγείλει, με πρωτοβουλία του ΠΑΣΟΚ – ΚΙΝΑΛ, σύσταση εξεταστικής επιτροπής στη Βουλή για τις υποκλοπές.
Ο ΔΣΑ ζήτησε με ψήφισμα την παραίτηση του εισαγγελέα του Αρείου Πάγου, έπειτα από απόφαση που ελήφθη με έκτακτο διοικητικό συμβούλιο, υπογραμμίζοντας χαρακτηριστικά ότι «με την απέκδυση του κατά νόμο καθήκοντός του απέτυχε οριστικά στην εκπλήρωση του θεσμικού του ρόλου».
Από τον πλευρά του, ο συνήγορος θυμάτων των παράνομων παρακολουθήσεων, Ζαχαρίας Κεσσές, ανέφερε τις προηγούμενες μέρες για τον επικεφαλής του Αρείου Πάγου ότι «ο ελεγχόμενος επέλεξε να ασκήσει τα καθήκοντα του ελεγκτή», τονίζοντας πως «είμαι πεπεισμένος ότι έχουν θεμελιωθεί ποινικά αδικήματα».
Όπως είπε, «ο κ. Τζαβέλλας επόπτευε την ΕΥΠ την περίοδο που υπάρχουν αποδείξεις για την εμπλοκή με την υπόθεση. Επειδή είναι δική του ευθύνη θα έπρεπε να απέχει να αποφασίσει αν μέσα στην ΕΥΠ έχουν γίνει αξιόποινες πράξεις. Δεν θα έπρεπε να έχει τολμήσει να το κάνει, στο κύρος της δικαιοσύνης».",2026,5,2,14
2026-04-30 19:42:00,"Άμεση απάντηση, επιστρέφοντας το χαρακτηρισμό περί θεσμικής εκτροπής δίνει ηΈνωση Εισαγγελέων Ελλάδοςστην κατά πλειοψηφίααπόφαση του ΔΣΑνα ζητήσει τηνπαραίτησητου εισαγγελέα τουΑρείου Πάγουγια το χειρισμό του στην υπόθεση των τηλεφωνικών υποκλοπών .
Συγκεκριμένα στην ανακοίνωση αναφέρονται τα εξής:
Η Ένωση Εισαγγελέων Ελλάδος καταδικάζει απερίφραστα την ληφθείσα κατά πλειοψηφία απόφαση του Δικηγορικού Συλλόγου Αθηνών περί υποβολής αιτήματος παραίτησης του Εισαγγελέα του Αρείου Πάγου, με αφορμή χειρισμούς στην υπόθεση των υποκλοπών.
Η διατύπωση τέτοιου αιτήματος, εκτός κάθε συνταγματικά και νομοθετικά προβλεπόμενου πλαισίου, συνιστά ευθεία και ανεπίτρεπτη παρέμβαση στη λειτουργία της Δικαιοσύνης, προσβάλλει τον θεσμό και προσεγγίζει τα χαρακτηριστικά σοβαρής θεσμικής εκτροπής.
Η απονομή της Δικαιοσύνης διέπεται αποκλειστικά από το Σύνταγμα και τους νόμους και δεν υπόκειται σε πιέσεις ή παρεμβάσεις που επιχειρούν να επηρεάσουν τη δικαστική κρίση ή να υποκαταστήσουν τις θεσμοθετημένες διαδικασίες ελέγχου.
Τέτοιες ενέργειες, ιδίως όταν εκδηλώνονται από θεσμικούς συλλειτουργούς της Δικαιοσύνης, πλήττουν ευθέως το κύρος της και διαταράσσουν την ισορροπία των λειτουργιών της Πολιτείας.
Η ανεξαρτησία της Δικαιοσύνης είναι αδιαπραγμάτευτη και η Ένωση Εισαγγελέων Ελλάδος θα συνεχίσει να τη διαφυλάσσει με κάθε θεσμικά προβλεπόμενο μέσο, στηρίζοντας εμπράκτως τους λειτουργούς της Δικαιοσύνης, ανεξαρτήτως βαθμού, έναντι κάθε απόπειρας παρέμβασης ή αμφισβήτησης του έργου τους.",2026,4,30,19
2026-04-30 18:58:00,"Σφοδρή επίθεση στη κυβέρνησηεξαπέλυσε ο Νίκος Ανδρουλάκης σε παρέμβασή του στη Βουλή τόσο για την απόφαση τουεισαγγελέα του Αρείου Πάγουγια αρχειοθέτηση της υπόθεσης των υποκλοπών, την οποία χαρακτήρισε όνειδος για τη Δημοκρατία όσο και για την εκ νέου άκαρπη συνεδρίαση της Διάσκεψης των Προέδρων να ορίσει επικεφαλής σε τρεις Ανεξάρτητες Αρχές και τις κατηγορίες κατά του ΠΑΣΟΚ-Κινήματος Αλλαγής.
Υποστήριξε δε πώς «η ηγεσία του Αρείου Πάγου προσέβαλε και υπονόμευσε το κύρος της Δικαιοσύνης καθώς αρνήθηκε να κάνει την ελάχιστη ανακριτική πράξη και δεν κάλεσε τον κύριο Ντίλιαν να προσκομίσει τα στοιχεία, στα οποία ο ίδιος αναφέρθηκε λέγοντας ότι ”το λογισμικό Predator πωλείται μόνο σε κράτη και κρατικές υπηρεσίες”».
Ο πρόεδρος του ΠΑΣΟΚ αναφερόμενος στην πρόσφατη συνάντηση του πρωθυπουργού Κυριάκου Μητσοτάκη με τον Γάλλο Πρόεδρο Εμανουέλ Μακρόν διερωτήθηκε εάν ο πρωθυπουργός «τον ρώτησε αν οι αρχηγοί των Ενόπλων Δυνάμεων της Γαλλίας είχαν παγιδευτεί με predator από έναν απόστρατο Ισραηλινό αξιωματικό πού θα ήταν αυτοί. Στα μπουντρούμια ή έξω να τον εκβιάζουν ως Νίξον;» και προσέθεσε: «Μας κάνετε πατριωτικά μαθήματα, όταν για τα στοιχειώδη ζητήματα εθνικής ασφάλειας κάνετε τις ”κότες” μπροστά στον εκβιασμό του απόστρατου Ισραηλινού αξιωματικού».
Στρέφοντας τα βέλη του εναντίον του πρωθυπουργού ανέφερε: «Ο κύριος Μητσοτάκης είναι επικίνδυνος και πρέπει να παραιτηθεί για να αναπνεύσει η χώρα, για να αναπνεύσει η δημοκρατία. Η πολιτική αλλαγή θα φέρει την κάθαρση και θα αποκαταστήσει το κράτος δικαίου. Γι’ αυτό η Κοινοβουλευτική Ομάδα του ΠΑΣΟΚ τις επόμενες μέρες θα πάρει πρωτοβουλία και θα καταθέσει αίτημα για Εξεταστική Επιτροπή».
Ο πρόεδρος του ΠΑΣΟΚ-Κινήματος Αλλαγής απευθυνόμενος στα κυβερνητικά έδρανα είπε ότι η ΝΔ κάνει τα ίδια και χειρότερα όπως έκανε ο ΣΥΡΙΖΑ ενώ τόνισε ότι θα συνεχίσει τη κριτική του. «Δεν θα σας επιτρέψουμε να συνεχίσετε την παρακμή. Στηρίζετε το παρακράτος που έστησαν οι κ.κ. Μητσοτάκης και Δημητριάδης. Είναι θέμα αρχών, είναι θέμα δημοκρατίας και δεν θα κάνουμε βήμα πίσω – όσα εμπόδια βάζετε, όσες δολοπλοκίες και αν απεργάζεστε», τόνισε.
Κατήγγειλε ότι «το σύστημα Μαξίμου έστησε έναν προπαγανδιστικό μηχανισμό με δήθεν ”ανώνυμους χρήστες” στα social media, για να πλήττει πολιτικούς αντιπάλους», αναφερόμενος στη καταδίκη του διαχειριστή του λογαριασμού στα κοινωνικά δίκτυα με την επωνυμία «Georgy Zhukov», υποστηρίζοντας ότι είναι «γαλάζιο τρολ» και αρθρογράφος της εφημερίδας Manifesto και στενός συνεργάτης του κ. Λιβάνιου στο υπουργείο Εσωτερικών.
Σχετικά με τις έντονες αντιπαραθέσεις εξαιτίας των διαφωνιών διορισμού επικεφαλής στις Ανεξάρτητες Αρχές, ο Νίκος Ανδρουλάκης άφησε αιχμές για τη στάση του προέδρου της Βουλής, Νικήτα Κακλαμάνη, ενώ υποστήριξε ότι η κυβέρνηση θέλει παζάρια για τον διορισμό τους αλλά «από το ΠΑΣΟΚ δεν θα τα έχετε», όπως είπε. «Αν το ‘22 δεν υπήρχε ένας Μενουδάκος θα είχαμε τις αποκαλύψεις για τίς υποκλοπές;», σημείωσε. Κατηγόρησε ακόμη τον ΣΥΡΙΖΑ και την Ελληνική Λύση πως συνέπραξαν και διευκόλυναν στο πρόσφατο παρελθόν την κυβέρνηση.
«Αφήστε τις θεωρίες ότι οργανώνουμε την πολιτική σας εξολόθρευση. Αυτό το κόμμα είναι δημοκρατικό δεν είναι παρακρατικό. Όσοι ανέχεστε τη θεωρία του Μαξίμου είστε συνένοχοι», υπογράμμισε ο κ. Ανδρουλάκης απαντώντας στον υπουργό Περιβάλλοντος και Ενέργειας, Σταύρο Παπασταύρου.",2026,4,30,18
2026-04-29 09:33:00,"Ο πρόεδρος του ΠΑΣΟΚ,Νίκος Ανδρουλάκης,παραχώρησε μία συνέντευξη εφ’όλης της ύλης στην «Κοινωνία Ώρα MEGA» λέγοντας ότι η αρχειοθέτηση της υπόθεσης τωνυποκλοπώνείναι επικίνδυνη κατάσταση που πλήττει τον πυρήνα του κράτους Δικαίου.
«Και σε εμένα φαίνονταν περίεργα πολλά πράγματα,τώρα πια δεν με εκπλήσσει τίποτα πια. Πέρσι είχα πει κάτι και δέχθηκα μεγάλη επίθεση, το ότι «έχει κλονιστεί η εμπιστοσύνη μου στη Δικαιοσύνη». Το είπα αυτό γιατί έχω μια εμπειρία στην έκβαση αυτής της υπόθεσης και αν κάποιος διαβάσει την απόφαση του Μονομελούς Πρωτοδικείου Αθηνών πριν από μερικές εβδομάδες και την απόφαση του κ. Τζαβέλλα να αφήσει στο αρχείο την υπόθεση, οποιοσδήποτε πολίτης θα καταλάβει ότι εδώ μιλάμε για μια επικίνδυνη κατάσταση η οποία πια πλήττει τον πυρήνα του κράτους Δίκαιου.Όλα ξεκινάνε από το Μαξίμου.Θα σας πω δύο απλά παραδείγματα: εσείς και όλοι μας γνωρίζουμε ότι στοχοποιήθηκαν οι 4 αρχηγοί των Ε.Δ. από το predator και ο κ. Τζαβέλλας λέει ότι δεν χρειάζεται να ερευνήσουμε «τι, πως, πού», δηλαδή ποιος, γιατί και που είναι το υλικό που κάποιοι υπέκλεψαν από τους αρχηγούς των Ενόπλων Δυνάμεων. Αυτό πια είναι θέμα Εθνικής Ασφάλειας», είπε αρχικά αναφερόμενος στην υπόθεση των υποκλοπών και για την απόφαση του Αρείου Πάγου να αρχειοθετήσει την υπόθεση.
Και συνέχισε ο κ. Ανδρουλάκης: «Δεύτερο ζήτημα: Βγαίνει ένας απόστρατος αξιωματικός του Ισραήλ και λέει «Νίξον» τον κ. Μητσοτάκη, λέει ότι πουλάει αυτό το λογισμικό μόνο σε κράτη και κρατικές υπηρεσίες. «Φωτογραφίζει» την χώρα μας δηλαδή, το κράτος και την ΕΥΠ. Και ο κύριος Τζαβέλλας δεν τον καλεί να του πει «έλα εδώ, λες Νίξον τον πρωθυπουργό της Ελλάδας. Λες ότι έχεις στοιχεία ότι το πουλάς μόνο σε κράτη. Φέρε μας τα στοιχεία για να αποδείξεις τα λεγόμενά σου».Άρα ο κύριος Τζαβέλλας δεν ενδιαφέρεται να μάθει η ελληνική δικαιοσύνη στο ανώτατο επίπεδο, ποιοι έστησαν ένα παρακράτος εις βάρος των Ενόπλων Δυνάμεων και ποιοι εκβιάζουν τον Έλληνα πρωθυπουργό. Ωραία ηγεσία της Δικαιοσύνης. Η λογική είναι μία, ότι το 2019 ο ελληνικός λαός ψήφισε τον κύριο Μητσοτάκη γιατί είπε και δεσμεύτηκε ότι θα έρθει και θα αντιμετωπίσει την θεσμική παρακμή που δημιούργησε ο Τσίπρας με τον Καμμένο. Και αντί να την αντιμετωπίσει, έκανε τα ίδια και τα χειρότερα.
Τι έκανε; Μαζί με τον ανιψιό του δημιούργησαν μια συμμορία στο Μαξίμου, η οποία επηρεάζει τη Δικαιοσύνη, ελέγχει τη ροή του χρήματος και δημιούργησε και έναν μηχανισμό προπαγάνδας από τα media και τα social media για να παραπληροφορεί συγκροτημένα τον ελληνικό λαό. Θέλετε παραδείγματα; Επηρεασμός δικαιοσύνης; Η υπόθεση των υποκλοπών ή συγκάλυψη. Ροή χρήματος; Για τονΟΠΕΚΕΠΕαπό το ‘20 το ξέρανε από τον κύριο Βάρα, δεν κάνανε τίποτα και χάσαμε δισεκατομμύρια ευρώ από την εγκληματική οργάνωση που περιγράφει η ευρωπαϊκή εισαγγελία και δεν επέτρεψαν μετά βάσει του άρθρου 86 να ερευνηθούν ούτε ο κύριος Αυγενάκης, ούτε ο κύριος Βορίδης. Υπάρχουν γνωστά τρολ στο διαδίκτυο που υπηρετούν τον γνωστό μηχανισμό προπαγάνδας της ΝΔ. Αυτούς λοιπόν ποιος τους μάζεψε; Ποιος έδωσε την εξουσία; Ποιος τους πληρώνει; Ποιος τους καλύπτει; Ο ίδιος ο πρωθυπουργός και η παρέα του Μαξίμου. Άρα για ό,τι λέω έχω στοιχεία. Λένε ότι επιτίθεμαι στη δικαιοσύνη.
Εγώ αξιολογώ τις αποφάσεις της δικαιοσύνης διότι και οι κρίνοντες κρίνονται. Εκβίασα εγώ κανέναν δικαστή; Επιτέθηκα προσωπικά σε κάποιον και οργάνωσα μέσω των media τη δολοφονία χαρακτήρα του; Η άποψή μου παραμένει σταθερή.Έχει κλονιστεί η εμπιστοσύνη στην ηγεσία της δικαιοσύνης.Γι’ αυτό και προτείνω ο τρόπος που επιλέγεται η ηγεσία της δικαιοσύνης να αλλάξει. Να μην την επιλέγει ο πρωθυπουργός ή η εκάστοτε κυβέρνηση, αλλά ένα διευρυμένο σώμα».
«Οι τελευταίοι πραίτορες του κυρίου Μητσοτάκη είναι τα ορφανά του ΛΑ.ΟΣ. και κάτι τύποι από τα παρατράγουδα της κυρίας Πάνια. Αυτοί του έχουν μείνει. Ακόμη και πέντε βουλευτές και ο εκπρόσωπος της Νέας Δημοκρατίας, ο προηγούμενος, αρθρογράφησαν χθες και τι είπαν; Ότι αυτό το επιτελικό κράτος, ο τρόπος που λειτουργεί, δημιουργεί τεράστια ζητήματα. Το λένε οι ίδιοι. Οι ίδιοι οι βουλευτές τους επιβεβαιώνουν αυτά που περιγράφουμε τόσο καιρό. Πρέπει να τελειώσει το επιτελικό κράτος. Πρέπει να έχουμε μια άλλη κυβέρνηση. Γι αυτό αγωνίζομαι για την πολιτική αλλαγή. Θα σας πω γιατί ασχολούμαι τόσο πολύ με το θέμα των υποκλοπών. Δεν είναι για μένα ένα προσωπικό θέμα. Η χώρα μας είναι σε μια κρίσιμη γεωγραφική θέση. Έχουμε απέναντί μας την Τουρκία, του αναθεωρητισμού. Εγώ δεν δέχομαι, ο κάθε απόστρατος Ισραηλινός, να έρχεται στην Ελλάδα και να στήνει τις Ένοπλες Δυνάμεις μας και να τις παρακολουθεί και να εκβιάζει τον πρωθυπουργό. Εγώ δεν το δέχομαι. Αν το δέχεται ο κύριος Μητσοτάκης, δείχνει και το ποιόν του. Εγώ λοιπόν, δίνω ένα αγώνα για τη δημοκρατία, τα ανθρώπινα δικαιώματα, την πατρίδα και την εθνική ασφάλεια. Και θα τον δώσω μέχρι τέλους», σημείωσε σχετικά.
Στην συνέχεια ο κ. Ανδρουλάκης τοποθετήθηκε για την στάση της αξιωματικής αντιπολίτευσης στα καθημερινά προβλήματα και έδωσε τις προτάσεις του ΠΑΣΟΚ για μείζονα ζητήματα.
Για τις τράπεζες και τα υπερκέρδη: «Λέτε για τα προβλήματα του κόσμου. Χωρίς ποιοτική δημοκρατία, χωρίς δικαιοσύνη που λειτουργεί, χωρίς ανεξάρτητες αρχές, χωρίς Κοινοβούλιο εύρυθμης λειτουργίας, δεν μπορεί να έχουμε ανάπτυξη στη χώρα. Θα έχουμε ένα σύστημα που κάνει πλάτες στην εγχώρια ολιγαρχία και δεν υπηρετεί το δημόσιο συμφέρον. Πάμε λοιπόν και στα πραγματικά προβλήματα. Οι τράπεζες είναι ένα πραγματικό πρόβλημα; Είναι ένα πρόβλημα ότι οι άνθρωποι στις καταθέσεις τους έχουν μηδενικά επιτόκια και όταν πάνε να πάρουν ένα δάνειο έχουν πολύ υψηλά επιτόκια ή προμήθειες ή υπερχρεώσεις; Εγώ λοιπόν έκανα μια νομοθετική πρόταση, την προηγούμενη εβδομάδα και είπα: για να πιέσουμε τις τράπεζες να δείξουν ένα άλλο πρόσωπο, πιο κοινωνικό, να φορολογήσουμε με 8% τα κέρδη τους, που έφτασαν παρακαλώ πέρυσι τα 4,6 δισεκατομμύρια ευρώ και να δώσουν 2,8 δισεκατομμύρια ευρώ μερίσματα, που θα φορολογηθούν, από 15% που το είχε το ΠΑΣΟΚ, το έκανε 10% ο κύριος Τσίπρας και 5% ο κύριος Μητσοτάκης. Δηλαδή με 5% φορολόγηση θα πάρουν 2,6 δισεκατομμύρια ευρώ μερίσματα οι μέτοχοι των τραπεζών. Πρέπει να έχουμε παραπάνω φορολόγηση στα μερίσματα αυτά. Λέμε οι τράπεζες να φορολογηθούν τα κέρδη τους για να πιεστούν, να αλλάξουν πολιτική με χρεώσεις, προμήθειες και επιτόκια και στις, στα μερίσματα ένα plus 8% όχι για να τα πάρουμε εμείς, για να μείνουν στις τράπεζες, είναι 230 εκατομμύρια τα δεύτερα, 370 τα πρώτα, ώστε να επιταχύνουμε την αποπληρωμή του αναβαλλόμενου φόρου. Τι είναι ο αναβαλλόμενος φόρος; Όταν οι τράπεζες ήταν σχεδόν χρεοκοπημένες, είπε το κράτος, ότι για να μην πληρώνετε φόρο σήμερα, για να μπορείτε να συμψηφίσετε ζημιές του χθες με φόρο του αύριο. Αυτό όμως έχει τελειώσει. Τώρα έχουμε πολύ μεγάλα κέρδη. Άρα πρέπει να επιταχύνουμε την αποπληρωμή του αναβαλλόμενου φόρου. Γιατί αν δεν τον πληρώσουν τώρα που έχουν υπερκέρδη, θα τον πληρώσει ο λαός, αν πάμε σε μια νέα κρίση».
Για τα μερίσματα: «Εμείς είχαμε πει κλιμακωτά να πάνε στο 15%. Κλιμακωτά να πάνε πάνω από 100.000 κλιμακωτά έως το 15%. Το έχουμε πει από το ΄23 αυτό. Η αύξηση φορολόγησης στα μερίσματα είναι μια αποχή που μου προτείνει ήδη. Αυτό που προτείνω τώρα είναι και κάτι άλλο. Επειδή τώρα έχουμε 5% και δεν το αλλάζει η Νέα Δημοκρατία. Σε αυτό το 5% εμείς βάζουμε συν 8% που θα μείνουν στις τράπεζες, για να επιταχύνουμε την αποπληρωμή. Δηλαδή ένας που έχει 1,5 εκ. ευρώ σε μετοχές και παίρνει ένα πολύ μεγάλο ποσό, 150.000 ευρώ από μερίσματα. Δεν μπορεί να είναι στο 5%. Πρέπει να υπάρχει μια κλίμακα».
Για την φορολόγηση ο πρόεδρος του ΠΑΣΟΚ υπογράμμισε: «Δίκαιη φορολόγηση για την κοινωνία σημαίνει ο μεγάλος πλούτος να πληρώνει περισσότερα και οι αδύναμοι λιγότερα. Ποιος είναι ο πιο άδικος φόρος; Είναι ο οριζόντιος φόρος του ΦΠΑ. Εμείς προτείναμε να μειωθεί ο ΦΠΑ στα βασικά αγαθά και μας είπε όχι η Νέα Δημοκρατία. Και πάω στην Κύπρο πριν από ένα μήνα και μου λέει ο πρόεδρος Νίκος Χριστοδουλίδης ότι τον μείωσαν, τον μηδένισαν στα βασικά αγαθά. Πώς τα καταφέραν για να περάσουν την τιμή; Έκαναν ελέγχους πριν, κατέγραψαν τιμές προϊόντων, μηδένισαν το ΦΠΑ και μετά ξανά έκαναν ελέγχους και όσοι δεν το είχαν περάσει την τιμή τους έβαλαν πρόστιμα. Πώς το πέτυχε η Κυπριακή Δημοκρατία και δεν μπορεί να το πετύχει η ελληνική κυβέρνηση; Εγώ είπα να μειωθεί, δεν είπα μηδενικό φόρο. Είπαμε να μειωθεί ο ΦΠΑ στα βασικά αγαθά. Μέσω της ακρίβειας έχει υπεραπόδοση του ΦΠΑ και στον ειδικό φόρο κατανάλωσης. Γιατί όσο πιο υψηλές είναι οι τιμές λόγω του πληθωρισμού, τόσο περισσότερα έσοδα έχει από τον ΦΠΑ και τον ειδικό φόρο κατανάλωσης. Άρα μας παίρνει μια τσέπη δισεκατομμύρια και όποτε έχει ανάγκη η δημοσιονομική ο κύριος Μητσοτάκης δίνει ένα κομμάτι πολύ μικρότερο των εσόδων στην κοινωνία και λέει «ορίστε, σας στηρίζω». Υπάρχουν άλλοι τρόποι να στηρίξουμε την κοινωνία θεσμικά: δηλαδή κάνοντας τη φορολόγηση του ειδικού φόρου κατανάλωσης στον μέσο ευρωπαϊκό όρο, κάνοντας παρεμβάσεις για τη στέγαση θεσμικές με κοινωνικές κατοικίες, με πλαφόν στα ενοίκια. Και όχι να λες «δίνω ένα ενοίκιο στον χρόνο» που ουσιαστικά το παίρνει η αγορά και αυξάνει περισσότερο τα ενοίκια».
«Πλαφόν στα ενοίκια και περιορισμός της βραχυχρόνιας μίσθωσης» – Τι είπε για το δημογραφικό
Για τα ενοίκια και την στεγαστική πολιτική: «Μπορούν να γίνουν ζώνες πίεσης, δηλαδή κάθε δήμος να κάνει μία μελέτη, να δούμε ποια είναι η κατάσταση στα ενοίκια και να κάνουμε δύο μεγάλες κινήσεις: Η μία είναι περιορισμός της βραχυχρόνιας μίσθωσης, δηλαδή λιγότερα Airbnb, άρα περισσότερη μακροχρόνια μίσθωση και το δεύτερο είναι το πλαφόν στα ενοίκια που θα έχει να κάνει και με κριτήρια. Δηλαδή ένα σπίτι που είναι πάρα πολύ παλιό και έχει σοβαρές αδυναμίες, πρέπει να υπάρχει ένα πλαφόν, δηλαδή με συγκεκριμένα κριτήρια να μπει το πλαφόν στην αύξηση των ενοικίων. Αυτά που λέω γίνονται σε άλλα ευρωπαϊκά κράτη. Εμείς έχουμε 50% αύξηση των ενοικίων σε 4 χρόνια και φέτος είχαμε συν 10%. Δηλαδή μετά το ένα ενοίκιο το χρόνο που βάζαμε με κάποια κριτήρια, έχουμε περαιτέρω αύξηση 10%. Και μετά λέμε για δημογραφικό. Εάν δεν έχουμε μια πολιτική στη στέγαση, πώς θα λύσουμε το δημογραφικό; Αν ένα νέο ζευγάρι δεν μπορεί να βρει ένα σπίτι με αξιοπρέπεια, πώς θα αντιμετωπίσουμε το δημογραφικό; Όταν μια οικογένεια δεν μπορεί να σταθεί στα πόδια της;».
«Έχω πει πολλές φορές να καταργήσουμε την Golden Visa που ξεπουλάμε χιλιάδες ακίνητα κάθε χρόνο. Ακίνητα, διαμερίσματα, σπίτια σε κατοίκους τρίτων χωρών, από το Ισραήλ, από την Τουρκία, από αραβικές χώρες. Έχω μια πρόταση και την κατέθεσα στη Βουλή. Όταν στα πέντε χρόνια έρχεται κάποιος που έχει πάρει Golden Visa και θέλει να την επιμηκύνει, τότε να λέει το κράτος ότι «το ακίνητο που πήρες δεν μπορείς να το δώσεις σε βραχυχρόνια μίσθωση ή θα μένεις εσύ μέσα ή θα το δώσεις σε μακροχρόνια μίσθωση». Άρα χιλιάδες ακίνητα πάνω από 70.000 που έχουν πουληθεί να μην μπορούν να μπουν Airbnb όταν κάποιος ανανεώνει τη βίζα του».
Στην συνέχεια ο Νίκος Ανδρουλάκης τοποθετήθηκε για την πρόταση για Εξεταστική Επιτροπή από πλευράς ΠΑΣΟΚ για τις υποκλοπές.
«Η εξεταστική θα κατατεθεί τις επόμενες μέρες, μέσα στο πρώτο δεκαήμερο του Μαΐου. Μπορεί και να είναι τις επόμενες μέρες και μετά την Πρωτομαγιά. Εμείς θα καταθέσουμε την πρόταση, το αίτημα και ελπίζω τα υπόλοιπα κόμματα να το στηρίξουν και να γίνει μια εξεταστική που θα καλέσει τον κύριο Ντίλιαν. Αφού λοιπόν ο κύριος Τζαβέλλας δεν είχε την αγωνία να μάθει γιατί εκβιάζει τον πρωθυπουργό ο κύριος Ντίλιαν, έχουμε εμείς το ΠΑΣΟΚ, και νομίζω και τα άλλα κόμματα, την αγωνία να μάθουμε. Θα καλέσουμε λοιπόν τον κύριο Ντίλιαν στην εξεταστική, να μας προσκομίσει τα στοιχεία τα οποία επιβεβαιώνουν τα λεγόμενά του ότι πούλησε το predator κράτος. Θα μας φέρει λοιπόν τα στοιχεία. Θα τον καλέσουμε. Και θα δούμε. Θα αρνηθεί η Νέα Δημοκρατία την κλήση του; Τα πράγματα είναι πάρα πολύ απλά. Για μένα εθνική ασφάλεια και ποιότητα δημοκρατίας δεν είναι επιμέρους, είναι ο πυρήνας εθνικής ισχύος του κράτους. Ένας πολίτης για να νιώθει ασφάλεια, πρέπει να νιώθει εμπιστοσύνη στους θεσμούς. Ο κύριος Μητσοτάκης δυστυχώς έχει απαξιώσει τους θεσμούς και τη διάθεση των εξουσιών. Γι’ αυτό πρέπει να κάνουμε ότι μπορούμε ως ΠΑΣΟΚ και δημοκρατική παράταξη, για να ανατάξουμε την εμπιστοσύνη του ελληνικού λαού στους θεσμούς. », σημείωσε ο πρόεδρος του ΠΑΣΟΚ.
«Μακάρι να κάνει αύριο εκλογές, για να κάνουμε εξεταστική με άλλη κυβέρνηση. Και να δούμε θα είναι ο ίδιος πρωθυπουργός; Θα έχουμε κυβέρνηση, ΠΑΣΟΚ και πολιτική αλλαγή. Ο κόσμος κουράστηκε από την ακρίβεια, απ’ την περιφρόνηση, από τις παρακρατικές λειτουργίες, από την απαξίωση της δικαιοσύνης. Τέλος. Χρειάζεται νέος αέρας. Χρειάζεται πολιτική αλλαγή και ελπίζω οι πολίτες να μας εμπιστευτούν, να νικήσουμε και να γυρίσει η χώρα σελίδα», τόνισε ο κ. Ανδρουλάκης.
«Η άποψή μου είναι ότι η ΑΑΔΕ είναι μια πρόχειρη και προσωρινή λύση. Δηλαδή, αυτό θα μπορούσε να γίνει για ένα μικρό χρονικό διάστημα. Εμείς πρέπει να πιστοποιήσουμε ένα νέο ΟΠΕΚΕΠΕ, ο οποίος θα έχει ηγεσία τετραετούς θητείας που δεν θα μπορεί κανείς να την αλλάξει. Άρα θα είναι αυτόνομος από το ρουσφέτι του υπουργείου και της εκάστοτε κυβέρνησης. Αυτό είναι το πρόγραμμά μας. Όλες αυτές οι θέσεις θα έχουν μία θητεία τέσσερα ή πέντε χρόνια, η οποία δεν θα ταυτίζεται με τον εκλογικό κύκλο. Θα γίνεται με έναν ανοιχτό διαγωνισμό και θα έχουν μια αυτόνομη. Όταν ο άλλος δεν είναι εξαρτημένος από σένα δεν ζητούνται και ρουσφέτια. Δεν θα τον διορίζει ο πρωθυπουργός, ούτε ο υπουργός τον πρόεδρο του ΟΠΕΚΕΠΕ. Δεν θα μπορεί εύκολα ο οποιοσδήποτε να σηκώνει το τηλέφωνο. Θέλω να είμαι δίκαιος. Πιθανόν κάποιοι – εγώ δεν θα το κάνω ποτέ στη ζωή μου, όπως δεν το έχω κάνει και ποτέ – μπορεί να το κάνουν. Εγώ λοιπόν δεν μπορώ να το διαφυλάξω αυτό σήμερα. Τι μπορώ να διαφυλάξω; Την αυτονομία του οργανισμού, αυτόνομη διοίκηση».
Και κλείνοντας δήλωσε: «Οι θεσμικές αλλαγές που προτείνουμε είναι πολύ συγκεκριμένες. Αλλαγή του άρθρου 86. Δεν μπορεί πια, ο κάθε πρωθυπουργός να καλύπτει τους υπουργούς του, όταν έρχονται δικογραφίες στη Βουλή. Αλλαγή τρόπου επιλογής ηγεσίας της Δικαιοσύνης. Δεν μπορεί ο κάθε πρωθυπουργός να επιλέγει τη ηγεσία της Δικαιοσύνης. Τετραετία από την αφυπηρέτηση των δικαστικών, για να μην μπορούν να πάρουν δημόσια θέση, άρα να μην γίνεται «ντιλάρισμα» κάτω από το τραπέζι. Και η επιλογή αυτή που είπα: Ανοιχτός διαγωνισμός. Όποιος Έλληνας θέλει καταθέτει βιογραφικό. Έχουμε αυτόνομους παίκτες, που θα μπορούν να υπηρετήσουν το δημόσιο συμφέρον, πέρα από την εκάστοτε κυβέρνηση. Ζητώ από τον ελληνικό λαό να με εμπιστευτεί γιατί έχω μια πορεία μέχρι σήμερα. Εμένα η πορεία μου δεν έχει ούτε ρουσφέτι, ούτε διαπλοκή, ούτε παιχνίδια με τη Δικαιοσύνη, ούτε με τα media. Αυτοί που τα έκαναν ανήκουν στο κακό παρελθόν της χώρας και αυτό το παρελθόν κάνει ζημιά και σήμερα. Πρέπει να αλλάξουμε. Πρέπει οι αμετανόητοι να μπουν στο χρονοντούλαπο της ιστορίας».",2026,4,29,9
2026-04-28 17:45:00,"Εύλογα ερωτηματικά, που οδηγούν σε καχυποψία και έλλειψη εμπιστοσύνης των πολιτών ως προς την ανεξαρτησία της Δικαιοσύνης δημιουργεί η πρόσφατη απόφαση της δικαιοσύνης να κρατήσειστο αρχείοτηδικογραφίαγια τηνυπόθεση των τηλεφωνικών υποκλοπώνμετά τις παραδοχές της απόφασης του Μονομελούς Πλημμελειοδικείου της Αθήνας, όπως επισημαίνεται σε παρέμβαση της Συντονιστικής Επιτροπής της Ολομέλειας των προέδρων των δικηγορικών Συλλόγων της χώρας.
Η Συντονιστική Επιτροπή που συνεδρίασε εκτάκτως στις 28.4.2026, εξέδωσε την ακόλουθη ανακοίνωση:
Η υπόθεση των τηλεφωνικών υποκλοπών ενδιαφέρει όλη την ελληνική κοινωνία καθότι άπτεται θεμάτων που αφορούν στην εθνική ασφάλεια, στη δημοκρατική λειτουργία και στην προστασία θεμελιωδών ατομικών και κοινωνικών δικαιωμάτων και ελευθεριών.
Η σοβαρότητα της υπόθεσης επιβάλλει την πλήρη διερεύνησή της, σύμφωνα, άλλωστε, και με την πάγια νομολογία του ΕΔΔΑ που απαιτεί να γίνεται πλήρης και ενδελεχής έρευνα των υποθέσεων, πολύ δε περισσότερο όταν πρόκειται για θέματα δημοσίου ενδιαφέροντος.
Αναμέναμε, λοιπόν, μετά και τις παραδοχές της πρόσφατης απόφασης του Μονομελούς Πλημμελειοδικείου Αθηνών, να διαταχθεί νέα έρευνα για την αποκάλυψη της αλήθειας και την απόδοση ευθυνών, όπου ανήκουν.
Η από 27.4.2026 Πράξη του Εισαγγελέα του Αρείου Πάγου, με την οποία δεν ανασύρεται από το αρχείο η υπόθεση των τηλεφωνικών υποκλοπών και ως εκ τούτου, δεν διατάσσεται καμία περαιτέρω έρευνα, παρά τα αναφερόμενα στην άνω απόφαση, δημιουργεί εύλογα ερωτηματικά, οδηγεί σε καχυποψία και έλλειψη εμπιστοσύνης των πολιτών ως προς την ανεξαρτησία της Δικαιοσύνης και δεν συνάδει με την αρχή του Κράτους Δικαίου.
Η προάσπιση του Κράτους Δικαίου αποτελεί αδιαπραγμάτευτο πρόταγμα για το δικηγορικό σώμα, άμεσα συνδεόμενο με το θεσμικό ρόλο, που η ίδια η Πολιτεία επιφύλαξε στους Δικηγορικούς Συλλόγους, ως θεματοφυλάκων των δημοκρατικών θεσμών και του δημοσίου συμφέροντος.",2026,4,28,17
2026-04-28 10:57:00,"Αποκλειστικά στην εκπομπήΚοινωνία Ώρα MEGAμίλησε ο πρόεδρος της Ελληνικής ΛύσηςΚυριάκος Βελόπουλος.Ο πρόεδρος της Ελληνικής Λύσης αρχικά αναφέρθηκε στιςυποκλοπέςκαι την απόφαση του Αρείου Πάγου να την αρχειοθετήσει, τονίζοντας πως  κυβέρνηση προσπαθεί να συγκαλύψει την υπόθεση.
«Στη Βουλή πριν ένα μήνα το είχα ανακοινώσει ότι η κυβέρνηση ψάχνει τρόπο να βρει για να ξεφύγει από την μέγγενη της δικαιοσύνης με την υπόθεση των υποκλοπών. Εμένα με ενοχλεί κάτι άλλο. Μας περνάνε για ηλίθιους και το λέω ωμά. Δηλαδή στην περίπτωση Κοβέσι ‘μη μιλάτε’, βρίζουν, αλλά στην περίπτωση Τζαβέλα ‘μη μιλάτε, η δικαιοσύνη μιλάει’. Στην περίπτωση Κοβέσι η δικαιοσύνη δεν μπορεί να μιλάει. Στην περίπτωση του Τζαβέλα η δικαιοσύνη αποφασίζει. Γι’ αυτό λέω, μας περνάνε για ηλίθιους».
«Θα πέσει την επόμενη μέρα η κυβέρνηση και θα πέσει σύντομα η κυβέρνηση αν συνεχίσουν έτσι να συμπεριφέρονται με αυτή την αντίληψη.Το κράτος δεν είναι λάφυρο. Το είχα πει πριν ένα μήνα και για τον κύριο Τζαβέλα και για την κυβέρνηση ότι θα υπάρξει διάταξη. Ξέρετε, δείχνει και κάτι απλό, ότι ‘εγώ είμαι πάνω από όλους σας, εσείς είστε οι νάνοι. Εσείς οι πολίτες είστε δεύτερης διαλογής’».
Επιπλέον, ο Κυριάκος Βελόπουλος δήλωσε ότιη Ελληνική Λύση θα ψηφίσει υπέρ της πρότασης του προέδρου του ΠΑΣΟΚ Νίκου Ανδρουλάκηγια εξεταστική επιτροπή, προβλέποντας μάλιστα ότι θα περάσει με ευρεία πλειοψηφία.
«Όλοι έχουμε αντιληφθεί ότι ο κος Μητσοτάκης μέσα στον πανικό του και στα στερνά του, γιατί καταλαβαίνει ότι είναι σε αποδρομή, θα κάνει ότι είναι δυνατόν. Λογική καμένης γης, θα κάψει τα πάντα αυτός, δε θα αφήσει τίποτα όρθιο. Και προκειμένου να διασωθεί αυτός και η παρέα του από τις υποκλοπές, γιατί έχει ονοματεπώνυμο η ιστορία των υποκλοπών, είναι το Μέγαρο Μαξίμου. Εδώ μιλάμε για Κόζα Νόστρα, δεν είναι κυβέρνηση αυτό, έτσι λειτουργούν οι μαφιόζοι».
«Εδώ, με την απόφαση Τζαβέλα έχουμε ισοπέδωση της δικαιοσύνης και έχουμε και ένα δεύτερο στοιχείο. Με την απόφαση Τζαβέλα η κατασκοπεία πλέον δεν είναι αδίκημα», συμπλήρωσε.
«Η ωμή παρέμβαση του πρωθυπουργού στη δικαιοσύνη είναι δεδομένη και σε ένα κράτος δικαίου η παρέμβαση από την πλευρά του πρωθυπουργού στη δικαιοσύνη είναι ποινικό αδίκημα. Ο πρωθυπουργός, έμμεσα ή άμεσα υπέπεσε σε κακουργήματα και αυτό πρέπει να το καταλάβουν κάποιοι. Εδώ φτιάχνουν νόμους, νόμους εναντίον επιχειρηματιών για να τους έχουν δεμένους. Δηλαδή είναι απίστευτα αυτά που συμβαίνουν».
«Κι όμως, στο καθεστώς Μητσοτάκη όλα δικαιολογούνται. Για τα Τέμπη εγώ το περίμενα. Δεν πρόκειται να δικαστεί κανένας με Νέα Δημοκρατία. Πρέπει να φύγουν χθες, να έρθει μια κυβέρνηση σοβαρή, όπως η Ελληνική Λύση, για να τους βάλει φυλακή. Μόνο με φυλακή θα σωφρονιστούν όλοι αυτοί. Άντε λεκτικά λες ψέματα, αλλά έχει ξεπεράσει το όριο πραγματικά».
Όσο για την επιστροφή του Αλέξη Τσίπρα στην πολιτική σκηνή είπε:
«Μόνο Ιησούς ανέστησε τον Λάζαρο.Αναστάσεις δεν γίνονται νεκρών, κυρίως πολιτικά νεκρών.  Έκλεισε έναν κύκλο. Πρωθυπουργός, το ανώτατο αξίωμα της χώρας είναι πρωθυπουργός. Τι θέλετε; Καθίστε σπίτια σας. Ας έρθει ένας καινούργιος, κάποιος άλλος, μπας και τα καταφέρει καλύτερα. Αφού αποτύχατε. Και δεν θα πάω σε προσωπικές επιλογές, που δεν με ενδιαφέρουν καν. Αλλά αυτό είναι θράσος. Δηλαδή τι ζητάς τώρα; Ρεβάνς από τι; Από ποιον;».
«Το δημοψήφισμα το αλλοίωσε ο ίδιος, την επιλογή του ελληνικού λαού, για να μη μιλήσω για την προδοσία της Μακεδονίας. Αλλά ειδικά για το δημοψήφισμα, που είναι η βούληση του ελληνικού λαού, η απόφασή του, το γύρισε τούμπα. Τι να συζητήσω με τον κύριο Τσίπρα τώρα; Δεν θέλω πραγματικά. Δεν είναι αντίπαλος μου ο κύριος Τσίπρας. Αντίπαλος μου είναι ο Μητσοτάκης. Εγώ θέλω να ρίξω και θα ρίξω τον Μητσοτάκη».
Ο Κυριάκος Βελόπουλος απέρριψε το ενδεχόμενο συνεργασίας με οποιοδήποτε από τα υπάρχοντα κόμματα, υποστηρίζοντας ότι «η κάλπη γεννάει» κυβερνήσεις.",2026,4,28,10
2026-04-28 09:24:00,"Σε έντονο ύφος απάντησε τοΠΑΣΟΚσε ανάρτηση του υπουργού Υγείας, κ. Γεωργιάδη, με αφορμή την υπόθεση των παρακολουθήσεων μέσω τουPredator.
Σύμφωνα με την ανακοίνωση του κόμματος, «ο κ. Γεωργιάδης, ως στόχος παρακολούθησης του Predator που δεν είχε το θάρρος να υποβάλλει μηνυτήρια αναφοράούτε να συνδράμει τη δικαιοσύνη ενημερώνοντας αν άνοιξε το μολυσμένο μήνυμα, εγκαλεί ως “αντιθεσμικό” τον Πρόεδρο του ΠΑΣΟΚ που αποκάλυψε το σκάνδαλο και έκανε όλες τις απαραίτητες θεσμικές κινήσεις».
Το ΠΑΣΟΚ επισημαίνει ακόμη ότι «είναι ο ίδιος άνθρωπος, που πριν λίγες μέρες ισχυριζόταν ότι υπάρχει απόφαση που ακυρώνει την ανανέωση της θητείας των εντεταλμένων Ελλήνων Ευρωπαίων Εισαγγελέωνκαι χθες με μία θεαματική κυβίσθηση χαρακτήρισε “αναγκαστική” την ανανέωση των θητειών τους».
Με αιχμηρό ύφος, το κόμμα θέτει το ερώτημα «ποιος μπορεί να πάρει στα σοβαρά αυτόν τον πολιτικό κωλοτούμπα;» και διερωτάται «ποια αξιοπιστία έχει ένα πολιτικό πρόσωπο που επιχαίρει που τίθεται στο αρχείο μια υπόθεση που τον αφορά ως θύμα;».
«Του έχει μείνει έστω και λίγη πολιτική αξιοπρέπεια;», καταλήγει η ανακοίνωση του ΠΑΣΟΚ.",2026,4,28,9
2026-04-28 06:09:00,"Απόλυτα συγκρουσιακό πολιτικό πεδίο ανοίγει το σκάνδαλο τωνυποκλοπών,ύστερα από την χθεσινή απόφαση, που αιφνιδίασε πολλούς εντός και εκτός πολιτικής σκηνής, να μείνει στο αρχείο η πολύκροτη υπόθεση και άρα να μην εκκινήσει νέα έρευνα – προκαταρκτική εξέταση. Η χθεσινή εξέλιξη σήκωσεθύελλα αντιδράσεων,ρίχνοντας στα χαρακώματα τη ΝΔ και το ΠΑΣΟΚ, με το κόμμα της αξιωματικής αντιπολίτευσης να ετοιμάζει ήδη τα επόμενα βήματά του σε κοινοβουλευτικό επίπεδο.
Ο εισαγγελέας του Αρείου Πάγου Κωνσταντίνος Τζαβέλλας έκρινε ότι δεν συντρέχει περίπτωση επανεξέτασης της υπόθεσης των τηλεφωνικών παρακολουθήσεων, καθώς τα στοιχεία των οποίων έγινε επίκληση από το Μονομελές Πλημμελειοδικείο Αθηνών (που καταδίκασε τους τέσσερις ιδιώτες) δεν συνιστούν «νέα στοιχεία κατά το άρθρο 43 παρ. 6 ΚΠΔ, ικανά να δικαιολογήσουν την ανάσυρση της δικογραφίας από το αρχείο» και συνεπώς τα συμπεράσματα των πορισμάτων του αντεισαγγελέα του Αρείου Πάγου Αχιλλέα Ζήση «δεν ανατρέπονται».
Ο αρχηγός του ΠΑΣΟΚ Νίκος Ανδρουλάκης, χαρακτηρίζοντας «επικίνδυνο» τον Κυριάκο Μητσοτάκη,μίλησε για ένα ακόμα «επεισόδιο της απαξίωσης του κράτους δικαίου και της διάκρισης των εξουσιών». Και το Μέγαρο Μαξίμου, διά του κυβερνητικού εκπροσώπου, χαρακτήρισε επικίνδυνο «αυτόν που αμφισβητεί τη Δικαιοσύνη και την καταγγέλλει με σφοδρότητα». Ο Παύλος Μαρινάκης υποστήριξε μάλιστα ότι είναι «προβληματική συμπεριφορά» κάθε επίθεση κατά της Δικαιοσύνης.
Αυτή η στάση της κυβέρνησης δείχνει αντιφατική. Διότι από τη μία ισχυρίζεται ότι «δεν σχολιάζουμε αποφάσεις» της Δικαιοσύνης αλλά στην πραγματικότητα γίνεται σχολιασμός με αποστροφές όπως «κρίσεις ανώτατων δικαστών καταλήγουν στα ίδια συμπεράσματα (…) ένας από τους ανώτατους δικαστές που συντάχθηκαν με τη συγκεκριμένη προσέγγιση δεν ήταν διορισμένος από την κυβέρνηση».
Η μεγαλύτερη ανακολουθία ωστόσο προκύπτει από κάτι άλλο. Η κυβέρνηση χρεώνει αποκλειστικά στους πολιτικούς αντίπαλους της ότι επιτίθενται και κριτικάρουν τη Δικαιοσύνη με αμφισβήτηση των αποφάσεών της και ειδικότερα κατηγορεί το ΠΑΣΟΚ ότι η συμπεριφορά του τροφοδοτεί «ακόμα περισσότερες επιθέσεις από τον βούρκο του διαδικτύου και, μάλιστα, προσωπικά σε βάρος του εισαγγελέα του Αρείου Πάγου».
Μόνο που την ίδια ώρα από τις τάξεις της κυβέρνησης εξαπολύονται τις τελευταίες εβδομάδες με ολοένα και μεγαλύτερη ένταση ευθείες ή έμμεσες επιθέσεις είτε προσωπικά στην επικεφαλής της Ευρωπαϊκής Εισαγγελίας είτε σε πρακτικές του ευρωπαϊκού θεσμού.
Ενδεικτικές οι αιχμές που έχουν καταγραφεί και από την κυβερνητική έδρα (ως «εύλογοι προβληματισμοί», όπως παρουσιάζονται) για «σαλαμοποίηση» των δικογραφιών για το σκάνδαλο τουΟΠΕΚΕΠΕή και για «επιλεκτικές διαρροές».
Η πολιτική αντιπαράθεση για τις υποκλοπές, για το κράτος δικαίου, τους θεσμούς και για τη διάκριση εξουσιών είναι σε πλήρη εξέλιξη με το ΠΑΣΟΚ να διαμηνύει σε όλους τους τόνους ότι δεν θα αφήσει στην άκρη αυτό το μείζον θέμα. Ήδη ο Νίκος Ανδρουλακης προανήγγειλε αίτημα για νέα Εξεταστική Επιτροπή στη Βουλή – και μπορεί να βρει σε συνεννόηση με άλλες κοινοβουλευτικές ομάδες τις αναγκαίες υπογραφές. Για παράδειγμαο πρόεδρος του ΣΥΡΙΖΑΣωκράτης Φάμελλοςτόνισε ότι οι δημοκρατικές πολιτικές και κοινωνικές δυνάμεις «οφείλουμε να συνεννοηθούμε το συντομότερο, για να αποκατασταθεί το κράτος δικαίου, που έχει πληγεί βάναυσα από το καθεστώς Μητσοτάκη».
Από την πλευρά της η κυβέρνηση δεν θέλει μια τέτοια εξέλιξη, αντίθετα στόχος της είναι να ανακτήσει τον έλεγχο της πολιτικής ατζέντας και να μην βρίσκεται διαρκώς σε θέση άμυνας από εξελίξεις σε υποθέσεις που τη ζορίζουν πολιτικά και επικοινωνιακά.
Εξ ου και στη ΝΔ, αν και το πιθανότερο είναι να λένε ότι θα περιμένουν να κατατεθεί επίσημα το αίτημα του ΠΑΣΟΚ για να γίνει αξιολόγηση, είναι αρνητικοί στη συγκρότηση νέας Εξεταστικής. Η κυβερνητική πλειοψηφία θα μπορούσε να αποτρέψει την Εξεταστική με επιχείρημα ότι δεν υπάρχουν «νέα στοιχεία» και από τη στιγμή που για την υπόθεση έχει γίνει μια Εξεταστική δεν μπορεί να πραγματοποιηθεί και δεύτερη για το ίδιο θέμα.
Εξάλλου και τον περασμένο Φεβρουάριο – στην εμφατική τότε επαναφορά της υπόθεσης λόγω της ιστορικής απόφασης του Μονομελούς Πρωτοδικείου – η κυβέρνηση κινούταν συντονισμένα στη γραμμή ότι η αντιπολίτευση προσπαθεί να μετατρέψει τη Βουλή και την δημόσια συζήτηση «σε απέραντο δικαστήριο και μια αέναη διαδικασία εξεταστικών και προανακριτικών επιτροπών».",2026,4,28,6
2026-04-27 23:24:00,"Θετικός απέναντι στην πρόταση του ΠΑΣΟΚγια σύσταση Εξεταστικής Επιτροπής για το σκάνδαλο των υποκλοπών, εμφανίζεται ο ΣΥΡΙΖΑ, σύμφωνα με πληροφορίες από κύκλους της Κουμουνδούρου.
Στο πλαίσιο αυτό θα υπάρχει συνεννόηση και συνεργασία των κοινοβουλευτικών ομάδων. Σημειώνεται ότι από νωρίς το μεσημέρι της Δευτέρας, ο Σωκράτης Φάμελλος δήλωσε πως οι δημοκρατικές πολιτικές και κοινωνικές δυνάμεις «οφείλουμε να συνεννοηθούμε το συντομότερο, για να αποκατασταθεί το Κράτος Δικαίου, που έχει πληγεί βάναυσα από το καθεστώς Μητσοτάκη».
Κατά την διάρκεια της ημέρας υπήρξεεπικοινωνία του Σωκράτη Φάμελλου με τον Νίκο Ανδρουλάκη και με την Πέτη Πέρκα, όπου τους ενημέρωσε για τη θέση του ΣΥΡΙΖΑ για ανάκληση της διάταξης Τζαβέλλα.
Από την Κουμουνδούρου υπενθυμίζουν, ότι ο ΣΥΡΙΖΑ έχει προτείνει το τελευταίο διάστημα επιπλέον κοινές πρωτοβουλίες για πρόταση δυσπιστίας, «για να φύγει το συντομότερο αυτή η κυβέρνηση», για κοινή στάση στη συνταγματική αναθεώρηση – και ειδικότερα στο ζήτημα της ανεξαρτησίας της Δικαιοσύνης – και για «συντονισμό των δημοκρατικών και προοδευτικών δυνάμεων απέναντι στο καθεστώς Μητσοτάκη».",2026,4,27,23
2026-04-27 22:45:00,"Σε τηλεφωνική επικοινωνία που πραγματοποιήθηκε μεταξύ τουΝίκου Ανδρουλάκη, τουΣωκράτη Φάμελλουκαι τηςΠέτης Πέρκα(Νέα Αριστερά), με πρωτοβουλία του προέδρου του ΣΥΡΙΖΑ, επιβεβαιώθηκε η συνεννόηση και η συνεργασία των κοινοβουλευτικών ομάδων. Το αντικείμενο της συζήτησης αφορούσε την πρόταση για τη σύστασηεξεταστικής επιτροπήςσχετικά με τοσκάνδαλο των υποκλοπών.
Την ανάληψη πρωτοβουλιών, μετά τηναπόφαση του Αρείου Πάγου να μην προχωρήσει σε επανέλεγχο του σκανδάλου των υποκλοπών, προανήγγειλε ο πρόεδρος του ΠΑΣΟΚ, Νίκος Ανδρουλάκης.
Το παρών στη συνέντευξη Τύπου έδωσαν οι Κώστας Τσουκαλάς, Χρήστος Κακλαμάνης – Μανώλης Βελεγράκης (νομικοί σύμβουλοι προέδρου του ΠΑΣΟΚ), Ζαχαρίας Κεσσές (νομικός εκπρόσωπος του Θανάση Κουκάκη).
«Η ηγεσία του Άρειου Πάγου προσέβαλε και υπονόμευσε το κύρος της ίδιας της δικαιοσύνης. Με την απόφαση αυτή κακοποιείται το αίσθημα δικαίου, στον βωμό παρασκηνιακών διαπραγματεύσεων του Μεγάρου Μαξίμου με το απόστρατο αξιωματικό που εκβιάζει τον πρωθυπουργό. Σήμερα παίχτηκε ένα ακόμα επεισόδιο της απαξίωσης του κράτους δικαίου και της διάκρισης των εξουσιών. Η ηγεσια της δικαιοσύνης αρνήθηκε να κάνει την ελάχιστη ανατρεπτική πράξη. Δεν κάλεσε τον κύριο Ντίλιαν για να προσκομίσει τα στοιχεία στα οποία ο ίδιος αναφέρθηκε. Αρνήθηκαν την έρευνα. Για την ηγεσία του Αρείου Πάγου δεν υπάρχει ζήτημα κατασκοπείας. Ας το αξιολογήσει ο ελληνικός λαός γιατί και κρίνοντες κρίνονται», τόνισε χαρακτηριστικά.
«Ποιο είναι το επόμενο στάδιο; Να αλλάξει ο ποινικός κώδικας, να γίνουν εξαγοράσιμες οι ποινές και να αποφύγουν κάποια την φυλακή; Δεν μας εκπλήσσει τίποτα από ένα βαθιά διεστραμμένο σύστημα εξουσίας και έναν πρωθυπουργό που διαβρώνει τους θεσμούς για να παραμείνει στην εξουσία. Ο κ. Μητσοτάκης είναι επικίνδυνος και πρέπει να φύγει, για να αναπνεύσει η χώρα, η δημοκρατία. Η πολιτική αλλαγή πρέπει να φέρει την κάθαρση και να αποκαταστήσει το κράτος δικαίου.», πρόσθεσε ο πρόεδρος του ΠΑΣΟΚ.
«Γι’ αυτό η κοινοβουλευτική ομάδα του ΠΑΣΟΚ τις συνεχόμενες ημέρες θα πάρει πρωτοβουλία και θα καταθέσει αίτημα για εξεταστική επιτροπή. Καλω τα υπόλοιπα κόμματα της δημοκρατικής αντιπολίτευσης να στηρίξουν το αίτημα. Ο αγώνας μας θα συνεχιστεί όπως έχει συνεχιστεί μέχρι σήμερα και σε ευρωπαϊκό επίπεδο. Η ποιότητα δημοκρατίας για το ΠΑΣΟΚ δεν είναι επιμερούς ζήτημα. Είναι κεντρικό ζήτημα.», τόνισε.
Γι’ αυτό ζητώ να τοποθετηθεί όχι μόνο ο νομικός κόσμος της χώρας, που έχει χρέος να το κάνει άμεσα, αλλά και ίδια η κοινωνία των πολιτών και όλες οι οργανωμένες εκφράσεις της και η τοπική αυτοδιοίκηση. Όλοι έχουν χρέος να το τοποθετηθούν.
Όπως είπε χαρακτηριστικά, «οι επόμενες εκλογές είναι κρίσιμες για τους θεσμούς πρέπει επιτέλους να κοπεί ο ομφάλιος λώρος της ηγεσίας της δικαιοσύνης με τον εκάστοτε πρωθυπουργό. Πρέπει να μπει ένα τέλος στην παρακμή και πρέπει όλοι να αγωνιστούν. Οι επόμενες εκλογές είναι κρίσιμες για τη δημοκρατια. Περιμένω απ’ όλα τα πολιτικά πρόσωπα που στοχοποιήθηκαν που στοχοποιήθηκαν απ’ το λογισμικό του predator να σκεφτούν αυτή τη στιγμή τον όρκο τους και επιτέλους να διαβουν κατώφλι του Αρείου Πάγου».
Απαντώντας σε ερωτήσεις, ο πρόεδρος του ΠΑΣΟΚ τόνισε ότι «θα εξαντλήσουμε όλα τα ένδικα μέσα σε εθνικό και ευρωπαϊκό επίπεδο. Ούτε εκβιάσαμε δικαστές εμείς ούτε οργανώσαμε δολοφονία χαρακτήρα δικαστών πρώην δικαστών που προΐστανται ανεξάρτητων αρχών δεν επιτεθήκαμε στην ευρωπαϊκή εισαγγελία. Κρίναμε όπως έχει δικαίωμα κάθε πολίτης την απόφαση της δικαιοσύνης. Μην ψάχνουν συμψηφισμούς. Ο πρωθυπουργός έχει οργανώσει επιθέσεις σε δικαστές. Δεν χρησιμοποιούμε πρακτικές της Νέας Δημοκρατίας και προηγούμενων κυβερνήσεων”.
«Εχουμε εκτροπή, υπάρχει απειλή καθαρή. Η σημερινή εκτροπή δείχνει ότι δεν έχουμε γίνει Ουγγαρία. Πάμε με βήματα παρακάτω. Οι πρωτοβουλίες πρέπει να είναι ένα διευρυμένο μέτωπο όχι μόνο μεταξύ των κομμάτων».
Ο κ. Ανδρουλάκης σημείωσε ότι «η χώρα χρειάζεται κυβέρνηση πραγματική σταθερή σοβαρή να αντιμετωπίσει όλες τις προκλήσεις. Δεν μιλάμε για ένα απλό θέμα. Η χώρα χρειάζεται άλλη κυβέρνηση που θα σέβεται τον πολίτη τα δικαιώματα του και μόνο τους σωσίβιο είναι η υπονόμευση των θεσμών για να παραμείνουν στην εξουσία. Αν η δικαιοσύνη καλούσε τον κύριο Ντιλιαν να προσκομίσει τα στοιχεία στα οποία αναφέρθηκε, θα υπήρχε την επόμενη μέρα πρωθυπουργός Μητσοτάκης και κυβέρνηση ΝΔ; Αρα έχουμε ένα ακόμα βήμα συγκάλυψης. Οσο μένουν κάνουν ζημιά” και πρόσθεσε σκωπτικά: Στην εξεταστική θα καλέσουμε τον κύριο Ντιλιαν. Να προσκομίσει στοιχεία για όσα ειπε. Η Νέα Δημοκρατία θα δεχθεί;»
Ο κ. Ανδρουλάκης επέμεινε ότι πρέπει να κινητοποιηθεί η κοινωνία των πολιτών σε αυτό το θέμα διότι πρέπει ένα ζήτημα δημοκρατίας τόσο κρίσιμο να παραμείνει στον δημόσιο διάλογο.
«Αν αυτά τα ζητήματα τα αφήσουμε, το μέλλον θα είναι σκοτεινό» είπε ο πρόεδρος του ΠΑΣΟΚ.
Μιλωντας σε δημοσιογράφους μετά το τέλος της συνέντευξης τύπου, ο Νίκος Ανδρουλάκης τόνισε ότι ηπρότασημορφήςείναι ένα εργαλείο που χρησιμοποιείται μια φορά το εξάμηνο και όταν υπάρχει ένα γεγονός. Αν η κυβέρνηση αλλάξει τον ποινικό κώδικα για να μην πάει φυλακή ο κ. Ντίλιαν, αυτό είναι ένα γεγονός.
Στη συνέντευξη Τύπου τοποθετήθηκαν ο γραμματέας του τομέα Δικαιοσύνης του ΠΑΣΟΚΧρήστος Κακλαμάνης,ο δικηγόροςΖαχαρίαςΚεσσέςκαι ο συνήγορος του προέδρου του Κινήματος,ΜανώληςΒελεγράκης.
Θεσμική εκτροπήκατήγγειλε ο δικηγόρος Ζαχαρίας Κεσσές, που εκπροσωπεί 13 θύματα των υποκλοπών.
«Αφιερώνω σε όσους συγκαλύπτουν το 239 του ΠΚ για κατάχρηση εξουσίας, που θα το αντιμετωπίσουν. Αυτοί που είναι η δουλειά τους αντί να διώξουν τους υπαίτιους, να τους υποθάλπουν, θα αντιμετωπίσουν μήνυση στον κατάλληλο χρόνο», συμπλήρωσε, αναφερόμενους στους κ.κ. Τζαβέλλα, Αδειλίνη και Ζήση.
Για τις μηνύσεις που προανήγγειλε εξήγησε πως «η κατάχρηση εξουσίας έχει να κάνει με τις ποινικές ευθύνες που έχουν αυτοί που λόγω της ιδιότητάς τους έχουν ευθύνη να διερευνήσουν και να ασκήσουν διώξεις».
Για τιςμηνύσειςπου ανέφερε στην αίτηση που κατέθεσε την Παρασκευή ξεκαθάρισε πως «οι μηνύσεις έχουν να κάνουν με το Predator, τις παγιδεύσεις και τη σχέση Intellexa με ΕΥΠ. Ο κ. Τζαβέλλας δεν ζήτησε ούτε την εξέταση των κινητών ούτε κάλεσε τα θύματα να καταθέσουν».
«Η σημερινή απόφαση δεν έχει νομικό σκεπτικό. Η προηγούμενη διάταξη Ζήση δεν έχει καμία σκέψη για την κατασκοπεία σημείωσε ο Χρ. Κακλαμάνης και πρόσθεσε πως «μέχρι να ανατραπεί η διάταξη από τις επόμενες δικαστικές αποφάσεις, θα έχουν παραγραφεί τα πλημμελήματα αλλά όχι τα κακουργήματα».
«Προκλητική» χαρακτήρισε τη σημερινή διάταξη ο Μανώλης Βελεγράκης υποστηρίζοντας πως «καταβάλλεται προσπάθεια να εξομοιωθεί η κριτική στη Δικαιοσύνη με επιθέσεις». Κάθε κριτική, είπε, «συνιστά εισφορά στη δικαιοσύνη και όχι επίθεση σε αυτή».",2026,4,27,22
2026-04-27 18:53:00,"Ο πρόεδρος του ΠΑΣΟΚ Νίκος Ανδρουλάκης, στην έκτακτη συνέντευξη Τύπου που παραχώρησε προανήγγειλε ότι το ΠΑΣΟΚθα προχωρήσει στην κατάθεση πρότασης για τη σύσταση Εξεταστικής Επιτροπής στη Βουλή, σχετικά με την υπόθεση των υποκλοπών.
Όπως ανέφερε ο κ. Ανδρουλάκης, «η κοινοβουλευτική ομάδα του ΠΑΣΟΚ τις επόμενες ημέρες θα καταθέσει αίτημα για εξεταστική επιτροπή. Καλω τα υπόλοιπα κόμματα της δημοκρατικής αντιπολίτευσης να στηρίξουν το αίτημα. Ο αγώνας μας θα συνεχιστεί όπως έχει συνεχιστεί μέχρι σήμερα και σε ευρωπαϊκό επίπεδο. Η ποιότητα δημοκρατίας για το ΠΑΣΟΚ δεν είναι επιμέρους ζήτημα. Είναι κεντρικό ζήτημα», τόνισε.
Μετά τη Συνταγματική Αναθεώρηση του 2019, εξεταστική επιτροπή μπορεί να συσταθεί έως δύο φορές σε μία κοινοβουλευτική περίοδο. Για την έγκρισή της απαιτούνται τουλάχιστον 120 ψήφοι, ενώ η πρόταση πρέπει να υπογράφεται από τουλάχιστον 20 βουλευτές.
Στο πλαίσιο αυτό, οΚανονισμός της Βουλήςκαι συγκεκριμένα το (άρθρο 144)  καθορίζει αναλυτικά τη διαδικασία σύστασης και λειτουργίας των εξεταστικών επιτροπών, προβλέποντας τα εξής:
1. H Oλoμέλεια της Boυλής μπoρεί να συνιστά εξεταστικές επιτρoπές από μέλη της για την εξέταση ειδικών ζητημάτων δημόσιoυ ενδιαφέρoντoς.
2. H πρόταση για τη σύσταση της εξεταστικής επιτρoπής πρέπει να υπoγράφεται από τo ένα πέμπτo (1/5) τoυ όλoυ αριθμoύ των Boυλευτών και να καθoρίζει τoυς λόγoυς για τoυς oπoίoυς ζητείται η σύστασή της, καθώς και τo συγκεκριμένo ζήτημα με τo oπoίo θα ασχoληθεί.
3. Mετά την υπoβoλή της, η πρόταση ανακoινώνεται στη Boυλή, τυπώνεται, διανέμεται στoυς Boυλευτές και εγγράφεται στην ημερήσια διάταξη συνεδρίασης κoινoβoυλευτικoύ ελέγχoυ.
4. H συζήτηση της πρότασης αρχίζει με την αγόρευση ενός από τoυς Boυλευτές πoυ oρίζεται με ανάλoγη εφαρμoγή των διατάξεων τoυ άρθρoυ 91 παρ. 5, διεξάγεται κατά τις διατάξεις για γενικευόμενη επερώτηση και τερματίζεται υπoχρεωτικά μέσα σε μία συνεδρίαση.
5. H απόφαση της Oλoμέλειας της Boυλής για τη σύσταση της κατά τo άρθρo 68 παρ. 2 εδ. α΄ τoυ Συντάγματoς εξεταστικής επιτρoπής λαμβάνεται με την απόλυτη πλειoψηφία των παρόντων, η oπoία δεν μπoρεί να είναι κατώτερη από τα δύo πέμπτα (2/5) τoυ όλoυ αριθμoύ των Boυλευτών. Μετά από πρόταση δέκα τουλάχιστον βουλευτών, η Βουλή μπορεί να συνιστά δύο, ανά κοινοβουλευτική περίοδο, εξεταστικές επιτροπές, με απόφαση που λαμβάνεται από τα δύο πέμπτα (2/5) τουλάχιστον του συνόλου των βουλευτών, ανεξαρτήτως πλειοψηφίας, και υπό τηνεπιφύλαξη του δεύτερου εδαφίου της παραγράφου 2 του άρθρου 68 του Συντάγματος.
6. H απόφαση της Oλoμέλειας της Boυλής για την κατά τo άρθρo 68 παρ. 2 εδ. β΄ τoυ Συντάγματoς σύσταση εξεταστικής επιτρoπής για ζητήματα πoυ ανάγoνται στην εξωτερική πoλιτική και την εθνική άμυνα λαμβάνεται με την απόλυτη πλειoψηφία τoυ όλoυ αριθμoύ των Boυλευτών.
7. H απόφαση της Boυλής πρέπει να oρίζει τoν αριθμό των μελών της επιτρoπής και να καθoρίζει την πρoθεσμία υπoβoλής τoυ σχετικoύ πoρίσματoς. H πρoθεσμία αυτή μπoρεί, σε εξαιρετικές περιπτώσεις, να παρατείνεται με ειδικές απoφάσεις της Oλoμέλειας της Boυλής.
8. H συγκρότηση και η λειτoυργία των εξεταστικών επιτρoπών διέπoνται από τις αντίστoιχες διατάξεις πoυ ρυθμίζoυν τη συγκρότηση και τη λειτoυργία των διαρκών επιτρoπών, αν δεν τρoπoπoιoύνται από τις διατάξεις των επόμενων άρθρων.",2026,4,27,18
2026-04-27 17:49:00,"Διεκόπη απότομα η ζωντανή μετάδοση τηςσυνέντευξης του προέδρου του ΠΑΣΟΚ, Νίκου Ανδρουλάκη, για τις υποκλοπές.
Σύμφωνα με το ρεπορτάζ,μία κοπέλα στο κοινό λιποθύμησεαλλά ευτυχώς συνήλθε γρήγορα και είναι καλά.
Η συνέντευξη συνεχίζεται κανονικά.",2026,4,27,17
2026-04-27 17:01:00,"Την ανάληψη πρωτοβουλιών, μετά τηναπόφαση του Αρείου Πάγου να μην προχωρήσει σε επανέλεγχο του σκανδάλου των υποκλοπών, προανήγγειλε ο πρόεδρος του ΠΑΣΟΚ, Νίκος Ανδρουλάκης.
Το παρών στη συνέντευξη Τύπου έδωσαν οι Κώστας Τσουκαλάς, Χρήστος Κακλαμάνης – Μανώλης Βελεγράκης (νομικοί σύμβουλοι προέδρου του ΠΑΣΟΚ), Ζαχαρίας Κεσσές (νομικός εκπρόσωπος του Θανάση Κουκάκη).
Ο κ. Ανδρουλάκης, δήλωσε ότι η ΚΟ του ΠΑΣΟΚ θα καταθέσειαίτημαεξεταστικήςεπιτροπήςκαι ζήτησε από τη δημοκρατική αντιπολίτευση να στηρίξει αυτό το αίτημα.
«Η ηγεσία του Άρειου Πάγου προσέβαλε και υπονόμευσε το κύρος της ίδιας της δικαιοσύνης. Με την απόφαση αυτή κακοποιείται το αίσθημα δικαίου, στον βωμό παρασκηνιακών διαπραγματεύσεων του Μεγάρου Μαξίμου με το απόστρατο αξιωματικό που εκβιάζει τον πρωθυπουργό. Σήμερα παίχτηκε ένα ακόμα επεισόδιο της απαξίωσης του κράτους δικαίου και της διάκρισης των εξουσιών. Η ηγεσια της δικαιοσύνης αρνήθηκε να κάνει την ελάχιστη ανατρεπτική πράξη. Δεν κάλεσε τον κύριο Ντίλιαν για να προσκομίσει τα στοιχεία στα οποία ο ίδιος αναφέρθηκε. Αρνήθηκαν την έρευνα. Για την ηγεσία του Αρείου Πάγου δεν υπάρχει ζήτημα κατασκοπείας. Ας το αξιολογήσει ο ελληνικός λαός γιατί και κρίνοντες κρίνονται», τόνισε χαρακτηριστικά.
«Ποιο είναι το επόμενο στάδιο; Να αλλάξει ο ποινικός κώδικας, να γίνουν εξαγοράσιμες οι ποινές και να αποφύγουν κάποια την φυλακή; Δεν μας εκπλήσσει τίποτα από ένα βαθιά διεστραμμένο σύστημα εξουσίας και έναν πρωθυπουργό που διαβρώνει τους θεσμούς για να παραμείνει στην εξουσία. Ο κ. Μητσοτάκης είναι επικίνδυνος και πρέπει να φύγει, για να αναπνεύσει η χώρα, η δημοκρατία. Η πολιτική αλλαγή πρέπει να φέρει την κάθαρση και να αποκαταστήσει το κράτος δικαίου.», πρόσθεσε ο πρόεδρος του ΠΑΣΟΚ.
«Γι’ αυτό η κοινοβουλευτική ομάδα του ΠΑΣΟΚ τις συνεχόμενες ημέρες θα πάρει πρωτοβουλία και θα καταθέσει αίτημα για εξεταστική επιτροπή. Καλω τα υπόλοιπα κόμματα της δημοκρατικής αντιπολίτευσης να στηρίξουν το αίτημα. Ο αγώνας μας θα συνεχιστεί όπως έχει συνεχιστεί μέχρι σήμερα και σε ευρωπαϊκό επίπεδο. Η ποιότητα δημοκρατίας για το ΠΑΣΟΚ δεν είναι επιμερούς ζήτημα. Είναι κεντρικό ζήτημα.», τόνισε.
Γι’ αυτό ζητώ να τοποθετηθεί όχι μόνο ο νομικός κόσμος της χώρας, που έχει χρέος να το κάνει άμεσα, αλλά και ίδια η κοινωνία των πολιτών και όλες οι οργανωμένες εκφράσεις της και η τοπική αυτοδιοίκηση. Όλοι έχουν χρέος να το τοποθετηθούν.
Όπως είπε χαρακτηριστικά, «οι επόμενες εκλογές είναι κρίσιμες για τους θεσμούς πρέπει επιτέλους να κοπεί ο ομφάλιος λώρος της ηγεσίας της δικαιοσύνης με τον εκάστοτε πρωθυπουργό. Πρέπει να μπει ένα τέλος στην παρακμή και πρέπει όλοι να αγωνιστούν. Οι επόμενες εκλογές είναι κρίσιμες για τη δημοκρατια. Περιμένω απ’ όλα τα πολιτικά πρόσωπα που στοχοποιήθηκαν που στοχοποιήθηκαν απ’ το λογισμικό του predator να σκεφτούν αυτή τη στιγμή τον όρκο τους και επιτέλους να διαβουν κατώφλι του Αρείου Πάγου».
Απαντώντας σε ερωτήσεις, ο πρόεδρος του ΠΑΣΟΚ τόνισε ότι «θα εξαντλήσουμε όλα τα ένδικα μέσα σε εθνικό και ευρωπαϊκό επίπεδο. Ούτε εκβιάσαμε δικαστές εμείς ούτε οργανώσαμε δολοφονία χαρακτήρα δικαστών πρώην δικαστών που προΐστανται ανεξάρτητων αρχών δεν επιτεθήκαμε στην ευρωπαϊκή εισαγγελία. Κρίναμε όπως έχει δικαίωμα κάθε πολίτης την απόφαση της δικαιοσύνης. Μην ψάχνουν συμψηφισμούς. Ο πρωθυπουργός έχει οργανώσει επιθέσεις σε δικαστές. Δεν χρησιμοποιούμε πρακτικές της Νέας Δημοκρατίας και προηγούμενων κυβερνήσεων”.
«Εχουμε εκτροπή, υπάρχει απειλή καθαρή. Η σημερινή εκτροπή δείχνει ότι δεν έχουμε γίνει Ουγγαρία. Πάμε με βήματα παρακάτω. Οι πρωτοβουλίες πρέπει να είναι ένα διευρυμένο μέτωπο όχι μόνο μεταξύ των κομμάτων».
Ο κ. Ανδρουλάκης σημείωσε ότι «η χώρα χρειάζεται κυβέρνηση πραγματική σταθερή σοβαρή να αντιμετωπίσει όλες τις προκλήσεις. Δεν μιλάμε για ένα απλό θέμα. Η χώρα χρειάζεται άλλη κυβέρνηση που θα σέβεται τον πολίτη τα δικαιώματα του και μόνο τους σωσίβιο είναι η υπονόμευση των θεσμών για να παραμείνουν στην εξουσία. Αν η δικαιοσύνη καλούσε τον κύριο Ντιλιαν να προσκομίσει τα στοιχεία στα οποία αναφέρθηκε, θα υπήρχε την επόμενη μέρα πρωθυπουργός Μητσοτάκης και κυβέρνηση ΝΔ; Αρα έχουμε ένα ακόμα βήμα συγκάλυψης. Οσο μένουν κάνουν ζημιά” και πρόσθεσε σκωπτικά: Στην εξεταστική θα καλέσουμε τον κύριο Ντιλιαν. Να προσκομίσει στοιχεία για όσα ειπε. Η Νέα Δημοκρατία θα δεχθεί;»
Ο κ. Ανδρουλάκης επέμεινε ότι πρέπει να κινητοποιηθεί η κοινωνία των πολιτών σε αυτό το θέμα διότι πρέπει ένα ζήτημα δημοκρατίας τόσο κρίσιμο να παραμείνει στον δημόσιο διάλογο.
«Αν αυτά τα ζητήματα τα αφήσουμε, το μέλλον θα είναι σκοτεινό» είπε ο πρόεδρος του ΠΑΣΟΚ.
Μιλωντας σε δημοσιογράφους μετά το τέλος της συνέντευξης τύπου, ο Νίκος Ανδρουλάκης τόνισε ότι ηπρότασημορφήςείναι ένα εργαλείο που χρησιμοποιείται μια φορά το εξάμηνο και όταν υπάρχει ένα γεγονός. Αν η κυβέρνηση αλλάξει τον ποινικό κώδικα για να μην πάει φυλακή ο κ. Ντίλιαν, αυτό είναι ένα γεγονός.
Στη συνέντευξη Τύπου τοποθετήθηκαν ο γραμματέας του τομέα Δικαιοσύνης του ΠΑΣΟΚΧρήστος Κακλαμάνης,ο δικηγόροςΖαχαρίαςΚεσσέςκαι ο συνήγορος του προέδρου του Κινήματος,ΜανώληςΒελεγράκης.
Θεσμική εκτροπήκατήγγειλε ο δικηγόρος Ζαχαρίας Κεσσές, που εκπροσωπεί 13 θύματα των υποκλοπών.
«Αφιερώνω σε όσους συγκαλύπτουν το 239 του ΠΚ για κατάχρηση εξουσίας, που θα το αντιμετωπίσουν. Αυτοί που είναι η δουλειά τους αντί να διώξουν τους υπαίτιους, να τους υποθάλπουν, θα αντιμετωπίσουν μήνυση στον κατάλληλο χρόνο», συμπλήρωσε, αναφερόμενους στους κ.κ. Τζαβέλλα, Αδειλίνη και Ζήση.
Για τις μηνύσεις που προανήγγειλε εξήγησε πως «η κατάχρηση εξουσίας έχει να κάνει με τις ποινικές ευθύνες που έχουν αυτοί που λόγω της ιδιότητάς τους έχουν ευθύνη να διερευνήσουν και να ασκήσουν διώξεις».
Για τιςμηνύσειςπου ανέφερε στην αίτηση που κατέθεσε την Παρασκευή ξεκαθάρισε πως «οι μηνύσεις έχουν να κάνουν με το Predator, τις παγιδεύσεις και τη σχέση Intellexa με ΕΥΠ. Ο κ. Τζαβέλλας δεν ζήτησε ούτε την εξέταση των κινητών ούτε κάλεσε τα θύματα να καταθέσουν».
«Η σημερινή απόφαση δεν έχει νομικό σκεπτικό. Η προηγούμενη διάταξη Ζήση δεν έχει καμία σκέψη για την κατασκοπεία σημείωσε ο Χρ. Κακλαμάνης και πρόσθεσε πως «μέχρι να ανατραπεί η διάταξη από τις επόμενες δικαστικές αποφάσεις, θα έχουν παραγραφεί τα πλημμελήματα αλλά όχι τα κακουργήματα».
«Προκλητική» χαρακτήρισε τη σημερινή διάταξη ο Μανώλης Βελεγράκης υποστηρίζοντας πως «καταβάλλεται προσπάθεια να εξομοιωθεί η κριτική στη Δικαιοσύνη με επιθέσεις». Κάθε κριτική, είπε, «συνιστά εισφορά στη δικαιοσύνη και όχι επίθεση σε αυτή».",2026,4,27,17
2026-04-27 15:43:00,"Δεν ανασύρεται από το αρχείο η υπόθεση των τηλεφωνικών υποκλοπών έπειτα απόαπόφαση του εισαγγελέα του Αρείου Πάγου Κωνσταντίνου Τζαβέλλα,ο οποίος με την από 27-04-2026 Πράξη του, έκρινε ότι δεν συντρέχει περίπτωση ανάσυρσης από το Αρχείο της Εισαγγελίας του Αρείου Πάγου και επανεξέτασης της σχετικής υπόθεσης.
Κατά την κρίση του ανώτατου εισαγγελικού λειτουργού «τα στοιχεία των οποίων έγινε επίκληση από το Μονομελές Πλημμελειοδικείο Αθηνώνδεν συνιστούν νέα στοιχείακατά το άρθρο 43 παρ. 6 ΚΠΔ, ικανά να δικαιολογήσουν την ανάσυρση της δικογραφίας από το Αρχείο. Συνεπώς τα συμπεράσματα των πορισμάτων του Αντεισαγγελέα τουΑρείου ΠάγουΑχιλλέα Ζήση δεν ανατρέπονται».
Κεντρικό σημείο της εισαγγελικής κρίσης αποτέλεσε το ζήτημα των «νέων πραγματικών περιστατικών».Όπως επισημαίνεται, τα στοιχεία που επικαλέστηκε το δικαστήριο – κυρίως μαρτυρικές καταθέσεις και δημοσιογραφικές πληροφορίες – δεν συνιστούν ουσιωδώς νέα δεδομένα, αλλά είχαν ήδη αξιολογηθεί στο πλαίσιο της αρχικής έρευνας. Ως εκ τούτου, δεν δικαιολογούν την ανάσυρση της δικογραφίας από το αρχείο, σύμφωνα με το άρθρο 43 §6 ΚΠΔ.
Ως προς δε τον Α.Κ, τον άνθρωπο από την προπληρωμένη κάρτα του οπίου έφυγαν τα«μολυσμένα» smsπρος τον πρόεδρο του ΠΑΣΟΚΝίκο Ανδρουλάκη, για τον οποίο ο Αρειος Πάγος είχε κρίνει στο πόρισμα Ζήση ότι δεν έχει ουδεμία σχέση με τα καταγγελλόμενα, αφού τρίτος έκανε χρήση της κάρτας, ο κ. Τζαβέλας επιμένει ότι δεν προέκυψαν στοιχεία ικανά που να ανατρέπουν το προηγούμενο πόρισμα.
«Απέναντι σ’ αυτήν, την σαφή και κατηγορηματική απόφανση του πορίσματος του Αντεισαγγελέως του Αρείου Πάγου, Αχιλλέα ΖΗΣΗ, ο Δικαστής του δικάσαντος Μονομελούς Πλημμελειοδικείου Αθηνών, αντί νέου πράγματι στοιχείου, που θα έπρεπε, κατά την Ποινική Δικονομία, να προκύπτει και να αναδεικνύεται, με σαφήνεια, από την ακροαματική διαδικασίακαι μάλιστα, τέτοιου, από το οποίο να δικαιολογείται η ανάσυρση της αρχειοθετηθείσας δικογραφίας προκαταρκτικής εξέτασης, από το αρχείο, προβάλλει την – επί τη βάσει ασθενέστατων ενδείξεων και υπονοιών, ανάγκη, κατά την κρίση και την υπόδειξη και παραγγελία του – να διενεργηθεί και άλλη – τρίτη – έρευνα, με σκοπό την τυχόν ανεύρεση νέων ουσιωδών στοιχείων. Και μόνη, δε, η παραδοχή του ανωτέρω Δικαστή του Μονομελούς Πλημμελειοδικείου Αθηνών, ότι απαιτείται και άλλη, νέα έρευνα, για την εξακρίβωση τυχόν συμμετοχικής δράσης του Α.Κ, αλλά και τυχόν λοιπών τρίτων προσώπων, στις ένδικες αξιόποινες πράξεις, αναδεικνύει,εμφατικά, το γεγονός, ότι, κατά τη διάρκεια της ακροαματικής διαδικασίας, δεν προέκυψαν νεότερα ουσιώδη στοιχεία, ανατρεπτικά του συμπεράσματος του εκδοθέντος εισαγγελικού πορίσματος, η δε συνεχής εμπλοκή της Δικαιοσύνης,σε έναν ατέρμονα κύκλο πανομοιότυπων ερευνών, χωρίς ουσιαστικό λόγο, παρακωλύει και καθυστερεί την απονομή της» λέει χαρακτηριστικά και συμπληρώνει πως η ακροαματική διαδικασία ανέδειξε «νεότερα πραγματικά περιστατικά, πλην όμως, από τη συνεκτίμηση και συναξιολόγηση αυτών, εξακολουθεί να παραμένει, αδύνατη, η ταυτοποίηση του προσώπου του παραμένοντος αγνώστου, κατόχου και χρήστητης ανωτέρω προπληρωμένης κάρτας».
Ιδιαίτερη αναφορά γίνεται στοενδεχόμενο τέλεσης του αδικήματος της κατασκοπείας. Κατά τον εισαγγελέα του Αρείου Πάγουδεν αποδείχθηκε η ύπαρξη κρατικού απορρήτουκατά την έννοια του νόμου. Παρά το γεγονός ότι φέρονται ως στόχοι του Predator υψηλόβαθμοι αξιωματούχοι, όπως υπουργοί και ανώτατοι κρατικοί λειτουργοί, δεν προέκυψε ότι αποκτήθηκαν ή επιχειρήθηκε να αποκτηθούν συγκεκριμένα απόρρητα στοιχεία.Οι σχετικές εκτιμήσεις χαρακτηρίζονται «υποθετικές» και «επισφαλείς».
«Επί του ζητήματος αυτού, το σκεπτικό της εκδοθείσας απόφασης του Μονομελούς Πλημμελειοδικείου Αθηνών πιθανολογεί, ανεπιβεβαίωτα, ότι, λόγω της ιδιότητας ορισμένων, εκ των στόχων του κατασκοπευτικού λογισμικού “PREDATOR”, όπως του Υπουργού Προστασίας του Πολίτη, κ. Μιχαήλ ΧΡΥΣΟΧΟΪΔΗ, του Υπουργού Εξωτερικών, κ. Νικολάου ΔΕΝΔΙΑ, του Αρχηγού Γ.Ε.ΕΘ.Α., Κωνσταντίνου ΦΛΩΡΟΥ, του Αρχηγού της Ελληνικής Αστυνομίας, κ. Μιχαήλ ΚΑΡΑΜΑΛΑΚΗ και άλλων Υπουργών, που χειρίζονταν καίρια χαρτοφυλάκια, με κρατικά απόρρητα και μυστικές πληροφορίες (κατά την έννοια του άρθρου 149 ΠΚ), η στόχευση των εν λόγω προσώπων, με το ανωτέρω κατασκοπευτικό λογισμικό, που είχε δυνατότητα απομακρυσμένης πρόσβασης στα αρχεία καταγραφής, σε συνδυασμό με την έκταση των δεδομένων, που μπορούσαν να αποσπασθούν, με τη χρήση του και με τους αποδέκτες των μηνυμάτων, που περιείχαν συνδέσμους επιμόλυνσης με το ανωτέρω κατασκοπευτικό λογισμικό, είχε, ως αποτέλεσμα, την τετελεσμένη ή εν αποπείρα περιέλευση στην κατοχή ή στη γνώση των καταδικασθέντων, ως χρηστών του εν λόγω λογισμικού, Φ.Μπ, S. A. H., T. J. D., Ι. Λ. και τυχόν τρίτων συμμετόχων τους, των θεωρούμενων, επισφαλώς, ως κρατικών απορρήτων, κατά την έννοια του άρθρου 149 ΠΚ, στοιχείων και τυχόν εγγράφων, που θεωρούνταν πιθανό, ότι περιέχονταν στις συσκευές κινητών τηλεφώνων των ανωτέρω σημαντικών Ελλήνων αξιωματούχων, από μόνο το γεγονός, ότι αυτά, επισφαλώς και υποθετικά, θεωρούνταν, ως περιεχόμενα, στις συσκευές κινητών τηλεφώνων των ανωτέρω προσώπων, χωρίς ποτέ, αυτά (τα ανωτέρω στοιχεία και έγγραφα) να ανιχνευθούν και να εξετασθούν, ώστε να διαπιστωθεί, αν πράγματι επρόκειτο για κρατικά απόρρητα, κατά την προαναλυθείσα έννοια» σημειώνει ο κ. Τζαβέλλας.
Παρόμοια είναι η προσέγγιση και για το ενδεχόμενο τέλεσης του αδικήματος τηςπαράνομης διακίνησης λογισμικούπαρακολούθησης μετά το 2022. Η εισαγγελική αρχή κρίνει ότι δεν υπάρχουν επαρκείς ενδείξεις ότι οι εμπλεκόμενες εταιρείες συνέχισαν τέτοια δραστηριότητα κατά το κρίσιμο χρονικό διάστημα. Οπως αναφέρεται στην πράξη που εξέδωσε ο κ. Τζαβέλας, οι μαρτυρίες που επικαλέστηκε το δικαστήριο κρίθηκαν ότιαφορούν διαφορετικές επιχειρηματικές δραστηριότητες και όχι εμπορία κατασκοπευτικού λογισμικού.
Καταληκτικά,η εισαγγελική διάταξη απορρίπτει την ανάγκη περαιτέρω διερεύνησης, επικαλούμενη το λεγόμενο «οιονεί δεδικασμένο». Όπως επισημαίνεται, η επανεξέταση μιας ήδη αρχειοθετημένης υπόθεσης επιτρέπεται μόνο όταν προκύψουν «ουσιώδη νέα στοιχεία», κάτι που εν προκειμένω δεν διαπιστώνεται. Η θέση αυτή στοχεύει στην αποφυγή ενός «ατέρμονου κύκλου ερευνών» και στη διασφάλιση της «ασφάλειας δικαίου».
Έκτακτη συνέντευξη Τύπου θα παραχωρήσει στις 17:00 σήμερα το απόγευμα (27/4) οΝίκος Ανδρουλάκηςγια το θέμα τωνυποκλοπώνλίγο μετά τη δημοσιοποίηση της απόφασης του Αρείου Πάγου να μην ανασυρθεί από το αρχείο η δικογραφία για το συγκεκριμένο θέμα.
Ο πρόεδρος τουΠΑΣΟΚκατά τη συνάντησή του με την Ομοσπονδία Εργαζομενων Καθαριότητας αναφέρθηκε στην εξέλιξη για τοσκάνδαλο των παράνομων παρακολουθήσεων.
«Σήμερα ο εισαγγελέας του Αρείου Πάγου αποφάνθηκε ότι δεν θα ανασυρθεί από το αρχείο η διάταξη Ζήση.Και επί της ουσίας η διάσταση της κατασκοπείας και η σύνδεση των κρατικών αρχών με το predator, ενταφιάζονται για μια ακόμη φορά»τόνισε ο πρόεδρος του ΠΑΣΟΚ.
Στη συνέχεια πρόσθεσε ότι «επί εβδομάδες μετά την απόφαση του Μονομελούς Πλημμελειοδικείου Αθηνών, ο Άρειος Πάγος παρέμενε σιωπηλός, χωρίς να προβεί ούτε σε στοιχειώδεις ανακριτικές πράξεις. Περιέργως, ο απόστρατος Ισραηλινός αξιωματικός ενώ εκβίαζε σε δημόσια θέα τον Πρωθυπουργό Κυριάκο Μητσοτάκη και μιλούσε ξεκάθαρα για συνεργασία του ίδιου με το κράτος, δεν κλήθηκε καν από τον κ. Τζαβέλα να καταθέσει. Δηλαδή ο άνθρωπος που εκβίαζε τον Έλληνα Πρωθυπουργό δεν κλήθηκε να καταθέσει στην ελληνική δικαιοσύνη»
«Όλα αυτά περιγράφουν την κατάσταση στα ζητήματα του κράτους δικαίου και της διάκρισης των εξουσιών στην Ελλάδα του 2026.Αυτή η Ελλάδα δεν αξίζει στον ελληνικό λαό και για όλα αυτά υπεύθυνος είναι ένας: ο Πρωθυπουργός Κυριάκος Μητσοτάκης.Γι’ αυτό, κάθε δημοκράτης και κάθε δημοκράτισσα πρέπει να αγωνιστούμε αυτοί οι άνθρωποι να γίνουν παρελθόν. Όσο μένουν σε σημαντικές θέσεις εξουσίας είναι επικίνδυνοι για τον τόπο» κατέληξε ο κ. Ανδρούλακης.
Πρώτη αντίδραση τουΜαξίμουυπήρξε μέσα από την ενημέρωση των πολιτικών συντακτών για τησημερινή νέα εξέλιξη στο σκάνδαλο των τηλεφωνικών υποκλοπών. «Είναι επικίνδυνη η λογική διαχωρισμού των δικαστικών αποφάσεων – αυτές που μας αρέσουν και τις αποθεώνουμε και εκείνες που δεν μας αρέσουν και αμφισβητούμε τη δικαιοσύνη» είπε ο Παύλος Μαρινάκης και αναφερόμενος στο ΠΑΣΟΚ σημείωσε ότι «δεν είχε δώσει τέτοια δείγματα γραφής στο παρελθόν. Δεν πρέπει να μιμείται άλλα κόμματα. Πρέπει να πάρει αποστάσεις».
Ο κυβερνητικός πορτ παρόλ υποστήριξε ότι«έχουμε σεβασμό στη δικαιοσύνη, δεν πρόκειται να σχολιάσουμε»– αν και υπήρξαν τελικά ένας σχολιασμός. «Εχει αξία ένα συμπέρασμα: άλλος ένας ανώτατος δικαστής που δεν ήταν ένας διορισμένος από την κυβέρνηση» αποφάνθηκε κάτι είπε ο Μαρινάκης για να καταλήξει ότι «δύο διατάξεις συμφωνούν στα ίδια συμπεράσματα. Αυτο λέει η δικαιοσύνη και οφείλει το πολιτικό σύστημα να το σεβαστεί. Τα υπόλοιπα δεν στέκουν. Είναι διατυπώσεις που στρέφονται ενάντια στη διάκριση εξουσιών.Χρειάζεται αυτοσυγκράτηση».
Από τοΠΑΣΟΚ, ενόψει καιέκτακτης συνέντευξης Τύπου του Νίκου Ανδρουλάκη σήμερα το απόγευμα, λένε ότι η διάταξη δεν συμβάλει στο αίσθημα εμπιστοσύνης των πολιτών στη δικαιοσύνη. Ο εισαγγελέας του Αρείου Πάγου Κωνσταντίνος Τζαβέλλας έκρινε ότι δεν πρέπει να ανασυρθεί από το αρχείο η υπόθεση των τηλεφωνικών υποκλοπών για να επανεξεταστεί και άρα ότι δεν πρέπει να ανατραπούν όσα ανέφερε στο πόρισμά του ο πρώην αντεισαγγελέας του Αρείου Πάγου Αχιλλέας Ζήσης. Ο ανώτατος εισαγγελικός λειτουργός αποφάνθηκε ειδικότερα ότι όσα επικαλέστηκε το Μονομελές Πλημμελειοδικείο Αθηνών (ύστερα από την καταδικαστική απόφαση για τους τέσσερις ιδιώτες) δεν συνιστούν νέα στοιχεία «κατά το άρθρο 43 παρ. 6 ΚΠΔ, ικανά να δικαιολογήσουν την ανάσυρση της δικογραφίας από το αρχείο».
Για τη συνέντευξη Τύπου του προέδρου του ΠΑΣΟΚ, ο Παύλος Μαρινάκηςειρωνικά ανέφερε«μακάρι να μας εκπλήξει ευχάριστα ο κ Ανδρουλάκης και να ακούσουμε ένα κοστολογημένο πρόγραμμα, σχολιάζοντας τελικά ότι στην κυβέρνηση δεν περιμένουν κάτι τέτοιο αλλά περιμένουν από τον αρχηγό της αξιωματικής αντιπολίτευσης «να γίνει κριτής δικαστικών αποφάσεων».
«Η ηγεσία της ελληνικής δικαιοσύνης τα τελευταία χρόνια βρίσκει πάντα τον τρόπο να μας εκπλήσσει με την ταχύτητά της, ιδιαίτερα όταν επίκειται η αποκάλυψη ενός παρα-κρατικού μηχανισμού που παραβίασε βάναυσα το Κράτος Δικαίου», υπογραμμίζει σε δήλωσή του ο πρώην πρωθυπουργός,Αλέξης Τσίπρας,σχολιάζοντας την απόφαση του Αρείου Πάγου να μην ανασυρθεί από το αρχείο η υπόθεση των υποκλοπών.
«Ας έχουν ωστόσο γνώση οι ενδιαφερόμενοι: Ό,τι εύκολα μπαίνει στο αρχείο, το ίδιο εύκολα βγαίνει από το αρχείο», σημειώνει.",2026,4,27,15
2026-04-27 14:16:00,"«Η ηγεσία της ελληνικής δικαιοσύνης τα τελευταία χρόνια βρίσκει πάντα τον τρόπο να μας εκπλήσσει με την ταχύτητά της, ιδιαίτερα όταν επίκειται η αποκάλυψη ενός παρα-κρατικού μηχανισμού που παραβίασε βάναυσα το Κράτος Δικαίου», υπογραμμίζει σε δήλωσή του ο πρώην πρωθυπουργός,Αλέξης Τσίπρας,σχολιάζοντας τηναπόφαση του Αρείου Πάγου να μην ανασυρθεί από το αρχείο η υπόθεση των υποκλοπών.
«Ας έχουν ωστόσο γνώση οι ενδιαφερόμενοι: Ό,τι εύκολα μπαίνει στο αρχείο, το ίδιο εύκολα βγαίνει από το αρχείο», σημειώνει.
Όπως έκρινε ο εισαγγελέας του Αρείου Πάγουδεν ανασύρεται από το αρχείο η δικογραφίαγια την υπόθεση των τηλεφωνικών υποκλοπών παρά το γεγονός ότι το Μονομελές Πλημμελειοδικείο της Αθήνας είχε ζητήσει να ξεκινήσει έρευνα για το αδίκημα της κατασκοπείας ενώ ζητούσε και τη διενέργεια έρευνας για εννέα νέα πρόσωπα για συνέργεια σε πράξεις των ήδη καταδικασμένων επιχειρηματιών.
Συγκεκριμένα με ανακοίνωση της Εισαγγελίας του Αρείου Πάγου αναφέρεται ότι:
Ο Εισαγγελέας του Αρείο Πάγου με την από 27-04-2026 Πράξη του, η οποία εκδόθηκε επί της υπόθεσης των υποκλοπών που του υποβλήθηκε από τον Εισαγγελέα Πρωτοδικών Αθηνών, μετά την έκδοση της σχετικής απόφασης του Μονομελούς Πλημμελειοδικείου Αθηνών, για τυχόν δικές του ενέργειες κατά το άρθρο 43 παρ. 6 του ΚΠΔ, έκρινε, ότι δεν συντρέχει περίπτωση ανάσυρσης από το Αρχείο της Εισαγγελίας του Αρείου Πάγου και επανεξέτασης της σχετικής υπόθεσης.
Αναλυτικότερα τα στοιχεία των οποίων έγινε επίκληση από το Μονομελές Πλημμελειοδικείο Αθηνών, κατά την κρίση του Εισαγγελέα του Αρείου Πάγου, δεν συνιστούν νέα στοιχεία κατά το άρθρο 43 παρ. 6 ΚΠΔ, ικανά να δικαιολογήσουν την ανάσυρση της δικογραφίας από το Αρχείο. Συνεπώς τα συμπεράσματα των πορισμάτων του Αντεισαγγελέα του Αρείου Πάγου Αχιλλέα Ζήση δεν ανατρέπονται.",2026,4,27,14
2026-04-27 12:24:00,"Πρώτη αντίδραση τουΜαξίμουυπήρξε μέσα από την ενημέρωση των πολιτικών συντακτών για τησημερινή νέα εξέλιξη στο σκάνδαλο των τηλεφωνικών υποκλοπών.«Είναι επικίνδυνη η λογική διαχωρισμού των δικαστικών αποφάσεων – αυτές που μας αρέσουν και τις αποθεώνουμε και εκείνες που δεν μας αρέσουν και αμφισβητούμε τη δικαιοσύνη» είπε ο Παύλος Μαρινάκης και αναφερόμενος στο ΠΑΣΟΚ σημείωσε ότι «δεν είχε δώσει τέτοια δείγματα γραφής στο παρελθόν. Δεν πρέπει να μιμείται άλλα κόμματα. Πρέπει να πάρει αποστάσεις».
Ο κυβερνητικός πορτ παρόλ υποστήριξε ότι«έχουμε σεβασμό στη δικαιοσύνη, δεν πρόκειται να σχολιάσουμε»– αν και υπήρξαν τελικά ένας σχολιασμός. «Εχει αξία ένα συμπέρασμα: άλλος ένας ανώτατος δικαστής που δεν ήταν ένας διορισμένος από την κυβέρνηση» αποφάνθηκε κάτι είπε ο Μαρινάκης για να καταλήξει ότι «δύο διατάξεις συμφωνούν στα ίδια συμπεράσματα. Αυτο λέει η δικαιοσύνη και οφείλει το πολιτικό σύστημα να το σεβαστεί. Τα υπόλοιπα δεν στέκουν. Είναι διατυπώσεις που στρέφονται ενάντια στη διάκριση εξουσιών.Χρειάζεται αυτοσυγκράτηση».
Από τοΠΑΣΟΚ, ενόψει καιέκτακτης συνέντευξης Τύπου του Νίκου Ανδρουλάκη σήμερα το απόγευμα, λένε ότι η διάταξη δεν συμβάλει στο αίσθημα εμπιστοσύνης των πολιτών στη δικαιοσύνη. Ο εισαγγελέας του Αρείου Πάγου Κωνσταντίνος Τζαβέλλας έκρινε ότι δεν πρέπει να ανασυρθεί από το αρχείο η υπόθεση των τηλεφωνικών υποκλοπών για να επανεξεταστεί και άρα ότι δεν πρέπει να ανατραπούν όσα ανέφερε στο πόρισμά του ο πρώην αντεισαγγελέας του Αρείου Πάγου Αχιλλέας Ζήσης. Ο ανώτατος εισαγγελικός λειτουργός αποφάνθηκε ειδικότερα ότι όσα επικαλέστηκε το Μονομελές Πλημμελειοδικείο Αθηνών (ύστερα από την καταδικαστική απόφαση για τους τέσσερις ιδιώτες) δεν συνιστούν νέα στοιχεία «κατά το άρθρο 43 παρ. 6 ΚΠΔ, ικανά να δικαιολογήσουν την ανάσυρση της δικογραφίας από το αρχείο».
Για τη συνέντευξη Τύπου του προέδρου του ΠΑΣΟΚ, ο Παύλος Μαρινάκηςειρωνικά ανέφερε«μακάρι να μας εκπλήξει ευχάριστα ο κ Ανδρουλάκης και να ακούσουμε ένα κοστολογημένο πρόγραμμα, σχολιάζοντας τελικά ότι στην κυβέρνηση δεν περιμένουν κάτι τέτοιο αλλά περιμένουν από τον αρχηγό της αξιωματικής αντιπολίτευσης «να γίνει κριτής δικαστικών αποφάσεων».",2026,4,27,12
2026-04-27 12:15:00,"Έκτακτη συνέντευξη Τύπου θα παραχωρήσει στις 17:00 σήμερα το απόγευμα (27/4) οΝίκος Ανδρουλάκηςγια το θέμα τωνυποκλοπώνλίγο μετά τηδημοσιοποίηση της απόφασης του Αρείου Πάγου να μην ανασυρθεί από το αρχείο η δικογραφίαγια το συγκεκριμένο θέμα.
Ο πρόεδρος τουΠΑΣΟΚκατά τη συνάντησή του με την Ομοσπονδία Εργαζομενων Καθαριότητας αναφέρθηκε στην εξέλιξη για τοσκάνδαλο των παράνομων παρακολουθήσεων.
«Σήμερα ο εισαγγελέας του Αρείου Πάγου αποφάνθηκε ότι δεν θα ανασυρθεί από το αρχείο η διάταξη Ζήση.Και επί της ουσίας η διάσταση της κατασκοπείας και η σύνδεση των κρατικών αρχών με το predator, ενταφιάζονται για μια ακόμη φορά»τόνισε ο πρόεδρος του ΠΑΣΟΚ.
Στη συνέχεια πρόσθεσε ότι «επί εβδομάδες μετά την απόφαση του Μονομελούς Πλημμελειοδικείου Αθηνών, ο Άρειος Πάγος παρέμενε σιωπηλός, χωρίς να προβεί ούτε σε στοιχειώδεις ανακριτικές πράξεις. Περιέργως, ο απόστρατος Ισραηλινός αξιωματικός ενώ εκβίαζε σε δημόσια θέα τον Πρωθυπουργό Κυριάκο Μητσοτάκη και μιλούσε ξεκάθαρα για συνεργασία του ίδιου με το κράτος, δεν κλήθηκε καν από τον κ. Τζαβέλα να καταθέσει. Δηλαδή ο άνθρωπος που εκβίαζε τον Έλληνα Πρωθυπουργό δεν κλήθηκε να καταθέσει στην ελληνική δικαιοσύνη»
«Όλα αυτά περιγράφουν την κατάσταση στα ζητήματα του κράτους δικαίου και της διάκρισης των εξουσιών στην Ελλάδα του 2026.Αυτή η Ελλάδα δεν αξίζει στον ελληνικό λαό και για όλα αυτά υπεύθυνος είναι ένας: ο Πρωθυπουργός Κυριάκος Μητσοτάκης.Γι’ αυτό, κάθε δημοκράτης και κάθε δημοκράτισσα πρέπει να αγωνιστούμε αυτοί οι άνθρωποι να γίνουν παρελθόν. Όσο μένουν σε σημαντικές θέσεις εξουσίας είναι επικίνδυνοι για τον τόπο» κατέληξε ο κ. Ανδρούλακης.
Όπως έκρινε ο εισαγγελέας του Αρείου Πάγου δεν ανασύρεται από το αρχείο η δικογραφία για την υπόθεση των τηλεφωνικών υποκλοπών παρά το γεγονός ότι το Μονομελές Πλημμελειοδικείο της Αθήνας είχε ζητήσει να ξεκινήσει έρευνα για το αδίκημα της κατασκοπείας ενώ ζητούσε και τη διενέργεια έρευνας για εννέα νέα πρόσωπα για συνέργεια σε πράξεις των ήδη καταδικασμένων επιχειρηματιών.
Όπως ανέφερεσε ρεπoρτάζ της για tanea.gr η Μίνα Μουστάκα,επί της ουσίας χωρίς τη διενέργεια προκαταρκτικής εξέτασης κρίθηκε ότι οι πράξεις που είχε να προηγηθεί σε προηγούμενο στάδιο είχαν διερευνήσει όλα τα ζητήματα και ως εκ τούτου δεν συντρέχει λόγος για τη διενέργεια νέου κύκλου ερευνών, κλήση μαρτύρων, συγκέντρωση επιπρόσθετων εγγράφων και κλήση σε παροχή εξηγήσεων τυχόν υπόπτων.
Συγκεκριμένα με ανακοίνωση της Εισαγγελίας του Αρείου Πάγου αναφέρεται ότι:
Ο Εισαγγελέας του Αρείου Πάγου με την από 27-04-2026 Πράξη του, η οποία εκδόθηκε επί της υπόθεσης των υποκλοπών που του υποβλήθηκε από τον Εισαγγελέα Πρωτοδικών Αθηνών, μετά την έκδοση της σχετικής απόφασης του Μονομελούς Πλημμελειοδικείου Αθηνών, για τυχόν δικές του ενέργειες κατά το άρθρο 43 παρ. 6 του ΚΠΔ, έκρινε, ότι δεν συντρέχει περίπτωση ανάσυρσης από το Αρχείο της Εισαγγελίας του Αρείου Πάγου και επανεξέτασης της σχετικής υπόθεσης.
Αναλυτικότερα τα στοιχεία των οποίων έγινε επίκληση από το Μονομελές Πλημμελειοδικείο Αθηνών, κατά την κρίση του Εισαγγελέα του Αρείου Πάγου, δεν συνιστούν νέα στοιχεία κατά το άρθρο 43 παρ. 6 ΚΠΔ, ικανά να δικαιολογήσουν την ανάσυρση της δικογραφίας από το Αρχείο. Συνεπώς τα συμπεράσματα των πορισμάτων του Αντεισαγγελέα του Αρείου Πάγου Αχιλλέα Ζήση δεν ανατρέπονται.
Κεντρικό σημείο της εισαγγελικής κρίσης αποτέλεσε το ζήτημα των «νέων πραγματικών περιστατικών».Όπως επισημαίνεται, τα στοιχεία που επικαλέστηκε το δικαστήριο – κυρίως μαρτυρικές καταθέσεις και δημοσιογραφικές πληροφορίες – δεν συνιστούν ουσιωδώς νέα δεδομένα, αλλά είχαν ήδη αξιολογηθεί στο πλαίσιο της αρχικής έρευνας. Ως εκ τούτου, δεν δικαιολογούν την ανάσυρση της δικογραφίας από το αρχείο, σύμφωνα με το άρθρο 43 §6 ΚΠΔ.
«Απέναντι σ’ αυτήν, την σαφή και κατηγορηματική απόφανση του πορίσματος του Αντεισαγγελέως του Αρείου Πάγου, Αχιλλέα ΖΗΣΗ, ο Δικαστής του δικάσαντος Μονομελούς Πλημμελειοδικείου Αθηνών, αντί νέου πράγματι στοιχείου, που θα έπρεπε, κατά την Ποινική Δικονομία, να προκύπτει και να αναδεικνύεται, με σαφήνεια, από την ακροαματική διαδικασίακαι μάλιστα, τέτοιου, από το οποίο να δικαιολογείται η ανάσυρση της αρχειοθετηθείσας δικογραφίας προκαταρκτικής εξέτασης, από το αρχείο, προβάλλει την – επί τη βάσει ασθενέστατων ενδείξεων και υπονοιών, ανάγκη, κατά την κρίση και την υπόδειξη και παραγγελία του – να διενεργηθεί και άλλη – τρίτη – έρευνα, με σκοπό την τυχόν ανεύρεση νέων ουσιωδών στοιχείων. Και μόνη, δε, η παραδοχή του ανωτέρω Δικαστή του Μονομελούς Πλημμελειοδικείου Αθηνών, ότι απαιτείται και άλλη, νέα έρευνα, για την εξακρίβωση τυχόν συμμετοχικής δράσης του Α.Κ, αλλά και τυχόν λοιπών τρίτων προσώπων, στις ένδικες αξιόποινες πράξεις, αναδεικνύει,εμφατικά, το γεγονός, ότι, κατά τη διάρκεια της ακροαματικής διαδικασίας, δεν προέκυψαν νεότερα ουσιώδη στοιχεία, ανατρεπτικά του συμπεράσματος του εκδοθέντος εισαγγελικού πορίσματος, η δε συνεχής εμπλοκή της Δικαιοσύνης,σε έναν ατέρμονα κύκλο πανομοιότυπων ερευνών, χωρίς ουσιαστικό λόγο, παρακωλύει και καθυστερεί την απονομή της» λέει χαρακτηριστικά και συμπληρώνει πως η ακροαματική διαδικασία ανέδειξε «νεότερα πραγματικά περιστατικά, πλην όμως, από τη συνεκτίμηση και συναξιολόγηση αυτών, εξακολουθεί να παραμένει, αδύνατη, η ταυτοποίηση του προσώπου του παραμένοντος αγνώστου, κατόχου και χρήστητης ανωτέρω προπληρωμένης κάρτας».
Ιδιαίτερη αναφορά γίνεται στοενδεχόμενο τέλεσης του αδικήματος της κατασκοπείας. Κατά τον εισαγγελέα του Αρείου Πάγουδεν αποδείχθηκε η ύπαρξη κρατικού απορρήτουκατά την έννοια του νόμου. Παρά το γεγονός ότι φέρονται ως στόχοι του Predator υψηλόβαθμοι αξιωματούχοι, όπως υπουργοί και ανώτατοι κρατικοί λειτουργοί, δεν προέκυψε ότι αποκτήθηκαν ή επιχειρήθηκε να αποκτηθούν συγκεκριμένα απόρρητα στοιχεία.Οι σχετικές εκτιμήσεις χαρακτηρίζονται «υποθετικές» και «επισφαλείς».
Παρόμοια είναι η προσέγγιση και για τοενδεχόμενο τέλεσης του αδικήματος της παράνομης διακίνησης λογισμικούπαρακολούθησης μετά το 2022. Η εισαγγελική αρχή κρίνει ότι δεν υπάρχουν επαρκείς ενδείξεις ότι οι εμπλεκόμενες εταιρείες συνέχισαν τέτοια δραστηριότητα κατά το κρίσιμο χρονικό διάστημα. Οπως αναφέρεται στην πράξη που εξέδωσε ο κ. Τζαβέλας, οι μαρτυρίες που επικαλέστηκε το δικαστήριο κρίθηκαν ότι αφορούν διαφορετικές επιχειρηματικές δραστηριότητες και όχι εμπορία κατασκοπευτικού λογισμικού.
Καταληκτικά, η εισαγγελική διάταξη απορρίπτει την ανάγκη περαιτέρω διερεύνησης, επικαλούμενη το λεγόμενο«οιονεί δεδικασμένο». Όπως επισημαίνεται, η επανεξέταση μιας ήδη αρχειοθετημένης υπόθεσης επιτρέπεται μόνο όταν προκύψουν «ουσιώδη νέα στοιχεία», κάτι που εν προκειμένω δεν διαπιστώνεται. Η θέση αυτή στοχεύει στην αποφυγή ενός «ατέρμονου κύκλου ερευνών» και στη διασφάλιση της «ασφάλειας δικαίου».
Πρώτη αντίδραση του Μαξίμου υπήρξε μέσα από την ενημέρωση των πολιτικών συντακτών για τη σημερινή νέα εξέλιξη στο σκάνδαλο των τηλεφωνικών υποκλοπών. «Είναι επικίνδυνη η λογική διαχωρισμού των δικαστικών αποφάσεων – αυτές που μας αρέσουν και τις αποθεώνουμε και εκείνες που δεν μας αρέσουν και αμφισβητούμε τη δικαιοσύνη» είπε οΠαύλος Μαρινάκηςκαι αναφερόμενος στο ΠΑΣΟΚ σημείωσε ότι «δεν είχε δώσει τέτοια δείγματα γραφής στο παρελθόν. Δεν πρέπει να μιμείται άλλα κόμματα. Πρέπει να πάρει αποστάσεις».
Ο κυβερνητικός πορτ παρόλ υποστήριξε ότι «έχουμε σεβασμό στη δικαιοσύνη, δεν πρόκειται να σχολιάσουμε» – αν και υπήρξαν τελικά ένας σχολιασμός. «Εχει αξία ένα συμπέρασμα: άλλος ένας ανώτατος δικαστής που δεν ήταν ένας διορισμένος από την κυβέρνηση» αποφάνθηκε κάτι είπε ο Μαρινάκης για να καταλήξει ότι «δύο διατάξεις συμφωνούν στα ίδια συμπεράσματα. Αυτο λέει η δικαιοσύνη και οφείλει το πολιτικό σύστημα να το σεβαστεί. Τα υπόλοιπα δεν στέκουν. Είναι διατυπώσεις που στρέφονται ενάντια στη διάκριση εξουσιών. Χρειάζεται αυτοσυγκράτηση».
Από το ΠΑΣΟΚ, ενόψει και έκτακτης συνέντευξης Τύπου του Νίκου Ανδρουλάκη σήμερα το απόγευμα, λένε ότιη διάταξη δεν συμβάλει στο αίσθημα εμπιστοσύνης των πολιτών στη δικαιοσύνη. Ο εισαγγελέας του Αρείου Πάγου Κωνσταντίνος Τζαβέλλας έκρινε ότι δεν πρέπει να ανασυρθεί από το αρχείο η υπόθεση των τηλεφωνικών υποκλοπών για να επανεξεταστεί και άρα ότι δεν πρέπει να ανατραπούν όσα ανέφερε στο πόρισμά του ο πρώην αντεισαγγελέας του Αρείου Πάγου Αχιλλέας Ζήσης. Ο ανώτατος εισαγγελικός λειτουργός αποφάνθηκε ειδικότερα ότι όσα επικαλέστηκε τοΜονομελές Πλημμελειοδικείο Αθηνών(ύστερα από την καταδικαστική απόφαση για τους τέσσερις ιδιώτες) δεν συνιστούν νέα στοιχεία «κατά το άρθρο 43 παρ. 6 ΚΠΔ, ικανά να δικαιολογήσουν την ανάσυρση της δικογραφίας από το αρχείο».
Για τη συνέντευξη Τύπου του προέδρου του ΠΑΣΟΚ, ο Παύλος Μαρινάκηςειρωνικά ανέφερε «μακάρι να μας εκπλήξει ευχάριστα ο κ Ανδρουλάκης και να ακούσουμε ένα κοστολογημένο πρόγραμμα, σχολιάζοντας τελικά ότι στην κυβέρνηση δεν περιμένουν κάτι τέτοιο αλλά περιμένουν από τον αρχηγό της αξιωματικής αντιπολίτευσης «να γίνει κριτής δικαστικών αποφάσεων».",2026,4,27,12
2026-04-27 10:44:00,"Δεν ανασύρεται από το αρχείο η υπόθεση των τηλεφωνικών υποκλοπών έπειτα απόαπόφαση του εισαγγελέα του Αρείου Πάγου Κωνσταντίνου Τζαβέλλα,ο οποίος με την από 27-04-2026 Πράξη του, έκρινε ότι δεν συντρέχει περίπτωση ανάσυρσης από το Αρχείο της Εισαγγελίας του Αρείου Πάγου και επανεξέτασης της σχετικής υπόθεσης.
Κατά την κρίση του ανώτατου εισαγγελικού λειτουργού «τα στοιχεία των οποίων έγινε επίκληση από το Μονομελές Πλημμελειοδικείο Αθηνώνδεν συνιστούν νέα στοιχείακατά το άρθρο 43 παρ. 6 ΚΠΔ, ικανά να δικαιολογήσουν την ανάσυρση της δικογραφίας από το Αρχείο. Συνεπώς τα συμπεράσματα των πορισμάτων του Αντεισαγγελέα τουΑρείου ΠάγουΑχιλλέα Ζήση δεν ανατρέπονται».
Κεντρικό σημείο της εισαγγελικής κρίσης αποτέλεσε το ζήτημα των «νέων πραγματικών περιστατικών».Όπως επισημαίνεται, τα στοιχεία που επικαλέστηκε το δικαστήριο – κυρίως μαρτυρικές καταθέσεις και δημοσιογραφικές πληροφορίες – δεν συνιστούν ουσιωδώς νέα δεδομένα, αλλά είχαν ήδη αξιολογηθεί στο πλαίσιο της αρχικής έρευνας. Ως εκ τούτου, δεν δικαιολογούν την ανάσυρση της δικογραφίας από το αρχείο, σύμφωνα με το άρθρο 43 §6 ΚΠΔ.
Ως προς δε τον Α.Κ, τον άνθρωπο από την προπληρωμένη κάρτα του οπίου έφυγαν τα«μολυσμένα» smsπρος τον πρόεδρο του ΠΑΣΟΚΝίκο Ανδρουλάκη, για τον οποίο ο Αρειος Πάγος είχε κρίνει στο πόρισμα Ζήση ότι δεν έχει ουδεμία σχέση με τα καταγγελλόμενα, αφού τρίτος έκανε χρήση της κάρτας, ο κ. Τζαβέλας επιμένει ότι δεν προέκυψαν στοιχεία ικανά που να ανατρέπουν το προηγούμενο πόρισμα.
«Απέναντι σ’ αυτήν, την σαφή και κατηγορηματική απόφανση του πορίσματος του Αντεισαγγελέως του Αρείου Πάγου, Αχιλλέα ΖΗΣΗ, ο Δικαστής του δικάσαντος Μονομελούς Πλημμελειοδικείου Αθηνών, αντί νέου πράγματι στοιχείου, που θα έπρεπε, κατά την Ποινική Δικονομία, να προκύπτει και να αναδεικνύεται, με σαφήνεια, από την ακροαματική διαδικασίακαι μάλιστα, τέτοιου, από το οποίο να δικαιολογείται η ανάσυρση της αρχειοθετηθείσας δικογραφίας προκαταρκτικής εξέτασης, από το αρχείο, προβάλλει την – επί τη βάσει ασθενέστατων ενδείξεων και υπονοιών, ανάγκη, κατά την κρίση και την υπόδειξη και παραγγελία του – να διενεργηθεί και άλλη – τρίτη – έρευνα, με σκοπό την τυχόν ανεύρεση νέων ουσιωδών στοιχείων. Και μόνη, δε, η παραδοχή του ανωτέρω Δικαστή του Μονομελούς Πλημμελειοδικείου Αθηνών, ότι απαιτείται και άλλη, νέα έρευνα, για την εξακρίβωση τυχόν συμμετοχικής δράσης του Α.Κ, αλλά και τυχόν λοιπών τρίτων προσώπων, στις ένδικες αξιόποινες πράξεις, αναδεικνύει,εμφατικά, το γεγονός, ότι, κατά τη διάρκεια της ακροαματικής διαδικασίας, δεν προέκυψαν νεότερα ουσιώδη στοιχεία, ανατρεπτικά του συμπεράσματος του εκδοθέντος εισαγγελικού πορίσματος, η δε συνεχής εμπλοκή της Δικαιοσύνης,σε έναν ατέρμονα κύκλο πανομοιότυπων ερευνών, χωρίς ουσιαστικό λόγο, παρακωλύει και καθυστερεί την απονομή της» λέει χαρακτηριστικά και συμπληρώνει πως η ακροαματική διαδικασία ανέδειξε «νεότερα πραγματικά περιστατικά, πλην όμως, από τη συνεκτίμηση και συναξιολόγηση αυτών, εξακολουθεί να παραμένει, αδύνατη, η ταυτοποίηση του προσώπου του παραμένοντος αγνώστου, κατόχου και χρήστητης ανωτέρω προπληρωμένης κάρτας».
Ιδιαίτερη αναφορά γίνεται στοενδεχόμενο τέλεσης του αδικήματος της κατασκοπείας. Κατά τον εισαγγελέα του Αρείου Πάγουδεν αποδείχθηκε η ύπαρξη κρατικού απορρήτουκατά την έννοια του νόμου. Παρά το γεγονός ότι φέρονται ως στόχοι του Predator υψηλόβαθμοι αξιωματούχοι, όπως υπουργοί και ανώτατοι κρατικοί λειτουργοί, δεν προέκυψε ότι αποκτήθηκαν ή επιχειρήθηκε να αποκτηθούν συγκεκριμένα απόρρητα στοιχεία.Οι σχετικές εκτιμήσεις χαρακτηρίζονται «υποθετικές» και «επισφαλείς».
«Επί του ζητήματος αυτού, το σκεπτικό της εκδοθείσας απόφασης του Μονομελούς Πλημμελειοδικείου Αθηνών πιθανολογεί, ανεπιβεβαίωτα, ότι, λόγω της ιδιότητας ορισμένων, εκ των στόχων του κατασκοπευτικού λογισμικού “PREDATOR”, όπως του Υπουργού Προστασίας του Πολίτη, κ. Μιχαήλ ΧΡΥΣΟΧΟΪΔΗ, του Υπουργού Εξωτερικών, κ. Νικολάου ΔΕΝΔΙΑ, του Αρχηγού Γ.Ε.ΕΘ.Α., Κωνσταντίνου ΦΛΩΡΟΥ, του Αρχηγού της Ελληνικής Αστυνομίας, κ. Μιχαήλ ΚΑΡΑΜΑΛΑΚΗ και άλλων Υπουργών, που χειρίζονταν καίρια χαρτοφυλάκια, με κρατικά απόρρητα και μυστικές πληροφορίες (κατά την έννοια του άρθρου 149 ΠΚ), η στόχευση των εν λόγω προσώπων, με το ανωτέρω κατασκοπευτικό λογισμικό, που είχε δυνατότητα απομακρυσμένης πρόσβασης στα αρχεία καταγραφής, σε συνδυασμό με την έκταση των δεδομένων, που μπορούσαν να αποσπασθούν, με τη χρήση του και με τους αποδέκτες των μηνυμάτων, που περιείχαν συνδέσμους επιμόλυνσης με το ανωτέρω κατασκοπευτικό λογισμικό, είχε, ως αποτέλεσμα, την τετελεσμένη ή εν αποπείρα περιέλευση στην κατοχή ή στη γνώση των καταδικασθέντων, ως χρηστών του εν λόγω λογισμικού, Φ.Μπ, S. A. H., T. J. D., Ι. Λ. και τυχόν τρίτων συμμετόχων τους, των θεωρούμενων, επισφαλώς, ως κρατικών απορρήτων, κατά την έννοια του άρθρου 149 ΠΚ, στοιχείων και τυχόν εγγράφων, που θεωρούνταν πιθανό, ότι περιέχονταν στις συσκευές κινητών τηλεφώνων των ανωτέρω σημαντικών Ελλήνων αξιωματούχων, από μόνο το γεγονός, ότι αυτά, επισφαλώς και υποθετικά, θεωρούνταν, ως περιεχόμενα, στις συσκευές κινητών τηλεφώνων των ανωτέρω προσώπων, χωρίς ποτέ, αυτά (τα ανωτέρω στοιχεία και έγγραφα) να ανιχνευθούν και να εξετασθούν, ώστε να διαπιστωθεί, αν πράγματι επρόκειτο για κρατικά απόρρητα, κατά την προαναλυθείσα έννοια» σημειώνει ο κ. Τζαβέλλας.
Παρόμοια είναι η προσέγγιση και για το ενδεχόμενο τέλεσης του αδικήματος τηςπαράνομης διακίνησης λογισμικούπαρακολούθησης μετά το 2022. Η εισαγγελική αρχή κρίνει ότι δεν υπάρχουν επαρκείς ενδείξεις ότι οι εμπλεκόμενες εταιρείες συνέχισαν τέτοια δραστηριότητα κατά το κρίσιμο χρονικό διάστημα. Οπως αναφέρεται στην πράξη που εξέδωσε ο κ. Τζαβέλας, οι μαρτυρίες που επικαλέστηκε το δικαστήριο κρίθηκαν ότιαφορούν διαφορετικές επιχειρηματικές δραστηριότητες και όχι εμπορία κατασκοπευτικού λογισμικού.
Καταληκτικά,η εισαγγελική διάταξη απορρίπτει την ανάγκη περαιτέρω διερεύνησης, επικαλούμενη το λεγόμενο «οιονεί δεδικασμένο». Όπως επισημαίνεται, η επανεξέταση μιας ήδη αρχειοθετημένης υπόθεσης επιτρέπεται μόνο όταν προκύψουν «ουσιώδη νέα στοιχεία», κάτι που εν προκειμένω δεν διαπιστώνεται. Η θέση αυτή στοχεύει στην αποφυγή ενός «ατέρμονου κύκλου ερευνών» και στη διασφάλιση της «ασφάλειας δικαίου».",2026,4,27,10
2026-04-27 09:37:00,"Δεν ανασύρεται από το αρχείο η δικογραφία για τηνυπόθεση των τηλεφωνικώνυποκλοπώνόπως έκρινε ο εισαγγελέας του Αρείου Πάγου παρά το γεγονός ότι το Μονομελές Πλημμελειοδικείο της Αθήναςείχε ζητήσει να ξεκινήσει έρευνα για το αδίκημα της κατασκοπείαςενώ ζητούσε και τη διενέργεια έρευνας για εννέα νέα πρόσωπα για συνέργεια σε πράξεις των ήδη καταδικασμένων επιχειρηματιών .
Επί της ουσίας χωρίς τη διενέργεια προκαταρκτικής εξέτασης κρίθηκε ότι οι πράξεις που είχε να προηγηθεί σε προηγούμενο στάδιο είχαν διερευνήσει όλα τα ζητήματα και ως εκ τούτου δεν συντρέχει λόγος για τη διενέργεια νέου κύκλου ερευνών,  κλήση μαρτύρων, συγκέντρωση επιπρόσθετων εγγράφων και κλήση σε παροχή εξηγήσεων τυχόν υπόπτων.
Ο Εισαγγελέας τουΑρείου Πάγουμε την από 27-04-2026 Πράξη του, η οποία εκδόθηκε επί της υπόθεσης των υποκλοπών που του υποβλήθηκε από τον Εισαγγελέα Πρωτοδικών Αθηνών, μετά την έκδοση της σχετικής απόφασης του Μονομελούς Πλημμελειοδικείου Αθηνών, για τυχόν δικές του ενέργειες κατά το άρθρο 43 παρ. 6 του ΚΠΔ, έκρινε, ότι δεν συντρέχει περίπτωση ανάσυρσης από το Αρχείο της Εισαγγελίας του Αρείου Πάγου και επανεξέτασης της σχετικής υπόθεσης.
Αναλυτικότερα τα στοιχεία των οποίων έγινε επίκληση από το Μονομελές Πλημμελειοδικείο Αθηνών, κατά την κρίση του Εισαγγελέα του Αρείου Πάγου, δεν συνιστούν νέα στοιχεία κατά το άρθρο 43 παρ. 6 ΚΠΔ, ικανά να δικαιολογήσουν την ανάσυρση της δικογραφίας από το Αρχείο. Συνεπώς τα συμπεράσματα των πορισμάτων του Αντεισαγγελέα του Αρείου Πάγου Αχιλλέα Ζήση δεν ανατρέπονται.",2026,4,27,9
2026-04-25 10:20:00,"Σε ανακοίνωση τουΓραφείου Τύπου τουΣΥΡΙΖΑ-ΠΣστις 25 Απριλίου 2026, το κόμμα επανέρχεται στο ζήτημα τωνυποκλοπώνκαι της εμπλοκής της εταιρείας Intellexa, κάνοντας λόγο για σοβαρά ερωτήματα προς την κυβέρνηση.
Η ανακοίνωση, με τίτλο«Υποκλοπές: Όταν η Intellexa διαφημιζόταν ως “one stop shop” για κράτη και πλάσαρε “profiling” των στόχων», αναφέρεται στο πρόσφατο δημοσίευμα του in.gr σχετικά με την εταιρεία του καταδικασμένου για τις υποκλοπές Ντίλιαν. Σύμφωνα με το κείμενο, ο Ντίλιαν φέρεται να απειλεί τον πρωθυπουργό ότι θα έχει την τύχη του Νίξον, όταν προσπάθησε να συγκαλύψει το σκάνδαλο Watergate.
Ο ΣΥΡΙΖΑ-ΠΣ υποστηρίζει ότι, με βάση τα στοιχεία που αποκαλύπτονται καθημερινά, ο κλοιός γύρω από το Μέγαρο Μαξίμου «στενεύει επικίνδυνα». Παράλληλα, θέτει σειρά ερωτημάτων για τις σχέσεις του Δημοσίου με την εταιρεία.
Μεταξύ άλλων, το κόμμα ζητά να διευκρινιστεί ποια κρατική υπηρεσία αγόρασε υπηρεσίες από το «one stop shop» του κ. Ντίλιαν, ποια είναι η σχέση των απευθείας αναθέσεων εκατομμυρίων ευρώ από το Δημόσιο με την εταιρεία που, όπως αναφέρει, συνδέεται με τους καταδικασμένους για τις υποκλοπές, και ποιος έχει σήμερα στην κατοχή του τα δεδομένα από το «profiling» κρατικών λειτουργών-στόχων.
Η ανακοίνωση καταλήγει με το ερώτημα αν ο πρωθυπουργόςΚυριάκος Μητσοτάκηςσκοπεύει να σχολιάσει τις αποκαλύψεις, σημειώνοντας χαρακτηριστικά:«Πόσο καιρό θα κάνει τον ψόφιο κοριό;»",2026,4,25,10
2026-04-24 12:36:00,"Νέα στοιχεία έρχονται να προστεθούν για τη συνεργασία τηςIntellexaμε «Αρχές επιβολής του νόμου», πέραν των πολλαπλών παραδοχών του ιδρυτή της, Ταλ Ντίλιαν, που ταρακούνησαν το πολιτικό σκηνικό στη χώρα και έθεσαν, για ακόμη μια φορά, το Μέγαρο Μαξίμου και τον Κυριάκο Μητσοτάκη στο επίκεντρο για το σκάνδαλο των παράνομων παρακολουθήσεων.
Επιπλέον τεκμήρια προκύπτουν από δύο εταιρικά φυλλάδια που αποδίδονται στην Intellexa, που διαφημίζουν τα προϊόντα της με σαφή στόχευση προς «αρχές επιβολής του νόμου» καθώς και φορείς ασφάλειας και πληροφοριών.
Σύμφωνα με υλικό που έχει στη διάθεσή του τοin, το πρώτο θεματικό έντυπο εκτυπώθηκε τον Ιούνιο του 2021 από γραφιστική εταιρεία με έδρα το Μαρούσι, στο πλαίσιο της συμμετοχής της Intellexa στο συνέδριο ISS World. Το δεύτερο αφορά την παρουσίαση του κατασκοπευτικού λογισμικού Helios -παραλλαγή του Predator- και εκτυπώθηκε από εταιρεία με έδρα το Παλαιό Φάληρο, η οποία δραστηριοποιείται, μεταξύ άλλων, στον γραφιστικό σχεδιασμό. Με την τελευταία εταιρεία η Intellexa Limited BVI (που έδρευε στις Βρετανικές Παρθένες Νήσους) είχε συνάψει και σύμβαση εμπιστευτικότητας. Και τα δύο έντυπα είναι στην αγγλική γλώσσα.
Σημειώνεται ότι σύμφωνα με τις τεχνικές προδιαγραφές του Helios, η συλλογή δεδομένων για τον χειριστή ήταν διαρκής και πραγματοποιούνταν κρυφά -χωρίς να γίνεται αντιληπτή από τον κάτοχο της συσκευής- για εβδομάδες ή και μήνες. Παράλληλα, το λογισμικό ήταν ανθεκτικό σε reboot και reset του κινητού τηλεφώνου, ενώ παρείχε τη δυνατότητα υποστήριξης εκατοντάδων συσκευών κινητής τηλεφωνίας με λειτουργικό σύστημα τόσο με iOS όσο και με Android.
Στο πρώτο έντυπο αναφέρεται ότι οι βασικές εγκαταστάσεις της Intellexa βρίσκονται σε Αθήνα και Παρίσι. Υπενθυμίζεται ότι στη γαλλική πρωτεύουσα δραστηριοποιήθηκε η εταιρεία Nexa, η οποία έχει κατηγορηθεί για πωλήσεις συστημάτων παρακολούθησης σε αυταρχικά καθεστώτα και έχει χαρακτηριστεί, σύμφωνα με ρεπορτάζ των Reporters United, ως «αναντικατάστατος συνεργάτης» του Ταλ Ντίλιαν.
Ωστόσο, στην παρουσίαση του συστήματος Helios γίνεται αναφορά σε κύρια έδρα της Intellexa στην Αθήνα, χωρίς καμία μνεία στο Παρίσι, όπως προκύπτει και από το σχετικό έγγραφο που παρουσιάζει τοin.
Στον μαύρο κύκλο η αναφορά για τη βάση της Intellexa στην Αθήνα από την παρουσίαση του Helios
Στο πρώτο έντυπο περιλαμβάνεται συνοπτική παρουσίαση των προϊόντων της Intellexa, τα οποία -όπως αναφέρεται- εκτείνονται από εργαλεία συλλογής και ανάλυσης δεδομένων έως πλατφόρμες διαχείρισης υποθέσεων και ερευνών, αξιοποιώντας, μεταξύ άλλων, τεχνολογίες τεχνητής νοημοσύνης και υπηρεσίες κυβερνοάμυνας.
Κομβικό στοιχείο των αναφορών αποτελεί η σαφής στόχευση προς αρχές επιβολής του νόμου. Όπως αναφέρεται στο «η Intellexa παρέχει ολοκληρωμένες τεχνολογικές λύσεις αιχμής, με επίκεντρο τις επιχειρήσεις, για την κάλυψη των αναγκών των Υπηρεσιών Πληροφοριών», διευκρινίζοντας ότι «από τη συλλογή μαζικών δεδομένων σε εθνικό επίπεδο έως τις στοχευμένες κυβερνοεπιχειρήσεις, το ευρύ χαρτοφυλάκιο προϊόντων μας υποστηρίζει τους οργανισμούς πληροφοριών στην εκπλήρωση της αποστολής τους, μέσω μιας υπερσύγχρονης πλατφόρμας ερευνών και εργαλείων συλλογής και ανάλυσης».
Στην ίδια παρουσίαση γίνεται λόγος για «κορυφαία συμμαχία στον τομέα των πληροφοριών», με ολοκληρωμένο χαρτοφυλάκιο τεχνολογιών και λύσεων που απευθύνονται σε υπηρεσίες πληροφοριών και αρχές επιβολής του νόμου διεθνώς. Αντίστοιχη κατεύθυνση αποτυπώνεται και στο έντυπο για το σύστημα Helios, όπου υπογραμμίζεται η παροχή «υψηλής ποιότητας, υπερσύγχρονων λύσεων πληροφοριών» προς τις υπηρεσίες επιβολής του νόμου σε παγκόσμιο επίπεδο.
Ιδιαίτερη βαρύτητα έχει και η αναφορά στο πρώτο έντυπο περί «νόμιμων υποκλοπών». Το συγκεκριμένο στοιχείο ενισχύει περαιτέρω την εικόνα συνεργασίας με κρατικές αρχές, δεδομένου ότι… ιδιώτες δεν μπορούν να πραγματοποιήσουν «νόμιμες υποκλοπές».
«Η Intellexa παρέχει στρατηγικούς αισθητήρες εθνικής εμβέλειας για τη συλλογή μαζικών δεδομένων και την ανάλυση όλων των επικοινωνιών των συνδρομητών. Οι λύσεις περιλαμβάνουν μια πλατφόρμα στοχευμένων νόμιμων υποκλοπών, συμβατών με όλους τους τύπους παρόχων δικτύου, μαζί με έναν ανιχνευτή IP υψηλής χωρητικότητας για τη μαζική ανάλυση της κίνησης του δικτύου», σημειώνεται χαρακτηριστικά.",2026,4,24,12
2026-04-24 11:09:00,"«Σύμφωνα με όσααποκαλύπτει το in.grκαι ο δημοσιογράφος Πάνος Τσίκαλας σε δύο εταιρικά φυλλάδια που αποδίδονται στηνIntellexa, διαφημίζονται τα προϊόντα της εταιρείας με σαφή στόχευση προς “αρχές επιβολής του νόμου”, καθώς και φορείς ασφάλειας και πληροφοριών», αναφέρει τοΠΑΣΟΚ-Κίνημα Αλλαγήςσε ανακοίνωσή του.
Τονίζει ότι «σε συνέχεια δηλαδή των δημόσιων δηλώσεων του Ισραηλινού απόστρατου, Ταλ Ντίλιαν, ότι συνεργάζεται μόνο με κυβερνήσεις και κρατικές αρχές, έρχονται προς επίρρωση και τα διαφημιστικά έντυπα της εταιρείας του» και ρωτά: «Ούτε και τώρα η κυβέρνηση θα βγει να διαψεύσει ευθαρσώς τον κ. Ντίλιαν;».",2026,4,24,11
2026-04-16 13:41:00,"Σφοδρήεπίθεση κατά της κυβέρνησηςκαι τουπρωθυπουργούΚυριάκου Μητσοτάκηεξαπέλυσε ο πρόεδρος του ΣΥΡΙΖΑ-ΠΣ, κατά την προ ημερησίας διατάξεως συζήτηση στη Βουλή για τοκράτος δικαίου. Ο Σωκράτης Φάμελλος κατηγόρησε τον πρωθυπουργό λέγοντας:«Κύριε Μητσοτάκη, είστε ένας εκβιαζόμενος και διαπλεκόμενος πρωθυπουργός».
Ξεκινώντας την ομιλία του, οΣωκράτης Φάμελλοςευχήθηκε ταχεία ανάρρωση στον Γιώργο Μυλωνάκη και χαρακτήρισε τη συζήτηση στη Βουλή «αναγκαία». Όπως σημείωσε,«είναι θέμα Δημοκρατίας», υποστηρίζοντας ότι η συζήτηση δεν αφορά τη βελτίωση του κράτους δικαίου, αλλά –όπως είπε– τη «σχεδιασμένη και βαρύτατη καταπάτησή του» από τον ίδιο τον πρωθυπουργό. Αναφέρθηκε ακόμη σε «παραβίαση του Συντάγματος, περιορισμό δημοκρατικών δικαιωμάτων» και «επίθεση της ΝΔ στους θεσμούς και στις ανεξάρτητες αρχές».
Απαντώντας στον πρωθυπουργό, ο πρόεδρος τουΣΥΡΙΖΑ-ΠΣδήλωσε:«Έχουμε μία διεφθαρμένη κυβέρνηση, πουκαλύπτει απατεώνες και κλέφτες των χρημάτωντης χώρας και της ΕΕ». Κατηγόρησε την κυβέρνηση ότι «ευθύνεται για σκάνδαλα» και ότι «όλα ξεκινούν και τελειώνουν στο Μέγαρο Μαξίμου». Ανέφερε χαρακτηριστικά:«Όποια πέτρα και αν σηκώσεις θα βρεις Πάτσηδες, Φραπέδες και Λαζαρίδηδες».
Κλιμακώνοντας την επίθεσή του, οΣωκράτης Φάμελλοςυποστήριξε πως«μόνη λύση είναι η παραίτηση της κυβέρνησης»και ζήτησε «να αναλάβει μία δημοκρατική, προοδευτική κυβέρνηση το καθήκον της αναγέννησης της πατρίδας». Στο πλαίσιο αυτό, έκανε ειδική αναφορά στον Μακάριο Λαζαρίδη, χαρακτηρίζοντάς τον«σήμα κατατεθέν της διεφθαρμένης κυβέρνησης Μητσοτάκη»και ρώτησε:«Πόσο ακόμα θα τον κρατάτε στην κυβέρνηση; Ή μήπως σας κρατάει αυτός;».
Απευθυνόμενος προσωπικά στον πρωθυπουργό, ανέφερε ότι «είναι υπεύθυνος για την επιλογή Λαζαρίδη», υπενθυμίζοντας πως ο ίδιος τον είχε ορίσει διευθυντή του γραφείου Τύπου της ΝΔ το 2016 και προσωπικό σύμβουλο επικοινωνίας το 2017. Παράλληλα, κατηγόρησε τον Κυριάκο Μητσοτάκη για «ατιμωρησία και φωτογραφική νομοθέτηση» που, όπως είπε, αποσκοπούν στη συγκάλυψη σκανδάλων, κάνοντας αναφορά σε υποκλοπές, τα Τέμπη, τον ΟΠΕΚΕΠΕ και την «στοχοποίηση ανεξάρτητων αρχών και δημοσιογράφων».
Ο πρόεδρος του ΣΥΡΙΖΑ-ΠΣ επανήλθε στο σκάνδαλο των υποκλοπών, κάνοντας λόγο για «παρακράτος που στήθηκε» και σημείωσε ότι ο πρωθυπουργός «εκτέθηκε από την απόφαση του πλημμελειοδικείου και τις απειλές Ντίλιαν». Τόνισε ότι ο Κυριάκος Μητσοτάκης είχε θέσει την ΕΥΠ υπό την εποπτεία του και είχε αλλάξει τη νομοθεσία για να τοποθετήσει τον Παναγιώτη Κοντολέοντα στη θέση του διοικητή, «αν και δεν διέθετε τα απαραίτητα προσόντα».
Στη συνέχεια, αναφέρθηκε στην απόφαση του Μονομελούς Πλημμελειοδικείου, ρωτώντας:«Θα αφήσετε τη Δικαιοσύνη να ερευνήσει ή θα μεθοδευτεί η παραγραφή των αδικημάτων;». Επικαλέστηκε επίσης δημοσιογραφικές αποκαλύψεις, υποστηρίζοντας ότι το λογισμικόPredator«δεν είναι υπόθεση ιδιωτών», αλλά «σκάνδαλο που ενορχηστρώθηκε στο Μαξίμου με ευθύνη Μητσοτάκη».
Ο Σωκράτης Φάμελλος στάθηκε και στην τραγωδία των Τεμπών, σημειώνοντας ότι, παρά τις δηλώσεις του πρωθυπουργού για «άπλετο φως», υπήρξαν «παρεμβάσεις, μπάζωμα και συγκάλυψη». Επισήμανε ότι, κατά την έναρξη της δίκης, «η Πολιτεία επιφύλαξε ακόμη μια προσβολή προς τους συγγενείς και τους δικηγόρους» λόγω των συνθηκών στο ακροατήριο.
Ο πρόεδρος του ΣΥΡΙΖΑ-ΠΣ υποστήριξε ότι οΟΠΕΚΕΠΕείναι «η κορυφή του παγόβουνου» και επανέλαβε την ανάγκη παραίτησης της κυβέρνησης. Τόνισε ότι τίθεται «ζήτημα δεδηλωμένης» όταν, όπως είπε, «μέρος της κοινοβουλευτικής ομάδας της ΝΔ βρίσκεται σε δικογραφίες της Ευρωπαίας εισαγγελέως».
Απευθυνόμενος εκ νέου στον πρωθυπουργό, δήλωσε:«Κύριε Μητσοτάκη, οφείλετε να παραιτηθείτε, γιατί έχετε ακέραιη την πολιτική ευθύνη για τα σκάνδαλα της κυβέρνησής σας». Κατηγόρησε τον ίδιο ότι «είναι το βαθύ κράτος» και ότι το «επιτελικό κράτος» λειτούργησε ως μηχανισμός εξυπηρέτησης των λίγων και ισχυρών. «Η σημερινή συζήτηση δεν αρκεί», πρόσθεσε, καλώντας σε «παραίτηση της κυβέρνησης και εκλογές».
Κλείνοντας, απευθύνθηκε στο ΠΑΣΟΚ, επισημαίνοντας ότι «είναι σήμερα αξιωματική αντιπολίτευση, παρότι δεν το εξέλεξε ο λαός σε αυτή τη θέση». Ρώτησε αν θα αξιοποιήσει τον ρόλο του ή θα περιοριστεί «σε δηλώσεις και καταγγελίες». Τέλος, υπογράμμισε ότι ο ΣΥΡΙΖΑ-ΠΣ «θα στηρίξει κάθε κοινοβουλευτικό μέσο που θα φέρει την πολιτική αλλαγή που έχει ανάγκη ο τόπος για να ανασάνει».",2026,4,16,13
2026-04-16 07:22:00,"Με τιςυποκλοπέςνα έχουν μπει στο κεντρικό κάδρο της αντιπαράθεσης μεταξύ κυβέρνησης και αντιπολίτευσης, οΚυριάκος Μητσοτάκηςκαι οΝίκος Ανδρουλάκηςπροσέρχονται στην σημερινή συζήτηση στην Βουλή για τοκράτος δικαίουμε διαφορετικά πλάνα: ο πρώτος φιλοδοξεί να κρατήσει το πλαίσιο της συνεδρίασης σε θεσμικά όρια, αξιοποιώντας τους ανοδικούς ευρωπαϊκούς δείκτες, ενώ ο δεύτερος ζητάει απαντήσεις για το σκάνδαλο των υποκλοπών, θεωρώντας ηθικό υπεύθυνο τον ίδιο τον πρωθυπουργό.
Από την μεριά του, ο Μητσοτάκης μοιάζει έτοιμος να κρατήσει την κουβέντα σε συγκεκριμένη ατζέντα, τις θεσμικές αλλαγές και τις μεταρρυθμίσεις πάνω στις οποίες ζητά από τους αντιπάλους του να τοποθετηθούν. Η συγκυρία, σε κάθε περίπτωση, δεν είναι ευνοϊκή, καθώς το Μέγαρο Μαξίμου βρίσκεται πια αντιμέτωπο και με σοβαρές εσωκομματικές αναταράξεις στην κοινοβουλευτική πλειοψηφία, που αφορούν και την διαχείριση των δικογραφιών τουΟΠΕΚΕΠΕ.
Στην αξιωματική αντιπολίτευση, από την άλλη, ο Νίκος Ανδρουλάκης θα σκιαγραφήσει την κυβέρνηση τηςΝΔκαι το πρωθυπουργικό γραφείο ως ένα σύστημα που «χειραγωγεί τους θεσμούς, χρησιμοποιεί ως λάφυρο το κράτος και το δημόσιο χρήμα και καταστρατηγεί τη διαφάνεια και την καλή νομοθέτηση». Μετά και τις τελευταίες δηλώσεις του καταδικασθέντα για την υπόθεση των παράνομων υποκλοπών,Ταλ Ντίλιαντης εταιρείαςIntellexa(στις οποίες βάζει στο κάδρο την ΕΥΠ και επαναλαμβάνει κάτι που τονίζει τουλάχιστον πως το Predator παρέχεται «νόμιμα αποκλειστικά σε εξουσιοδοτημένες κυβερνητικές αρχές και αρχές επιβολής του νόμου»), ο Ανδρουλάκης αναμένεται να περιγράψει επίσης τον Μητσοτάκη ως «εκβιαζόμενο πρωθυπουργό» και να ζητήσει την όσο το δυνατόν πιο άμεση προσφυγή στις κάλπες.
Αυτό, σε κάθε περίπτωση,δεν σημαίνει πως ο Ανδρουλάκης θα καταθέσει πρόταση δυσπιστίας απέναντι στην κυβέρνηση-προσπαθώντας να μην της δοθεί η δυνατότητα συσπείρωσης. Σε αυτό το σημείο παρατηρείται διάσταση απόψεων με την υπόλοιπη προοδευτική αντιπολίτευση, που εμφανίζεται πιο έτοιμη αλλά μόνη της (ΣΥΡΙΖΑ, Νέα Αριστερά και Πλεύση Ελευθερίας) δεν διαθέτουν τον απαιτούμενο αριθμό των 50 υπογραφών. Γι’ αυτό, ο πρόεδρος του ΣΥΡΙΖΑ, Σωκράτης Φάμελλος σύμφωνα με πληροφορίες αναμένεται να αναφερθεί από το βήμα σε δυσπιστία, σε μια ύστατη προσπάθεια θεσμικής συνεννόησης.
Και ενώ το κλίμα μεταξύ κυβέρνησης και αντιπολίτευσης είναι όντως βαρύ, μια κίνηση πολιτικού πολιτισμού του Ανδρουλάκη στο άκουσμα της είδησης τηςπεριπέτειας της υγείας του υφυπουργού στον πρωθυπουργό, Γιώργου Μυλωνάκη,εκτιμήθηκε από το Μέγαρο Μαξίμου. Όπως επιβεβαιώνεται, ο πρόεδρος του ΠΑΣΟΚ πήρε τηλέφωνο τον πρόεδρο της Βουλής, Νικήτα Κακλαμάνη, για να του πει πως αν κρίνεται απαραίτητο λόγω της κρισιμότητας της κατάστασης Μυλωνάκη η συζήτηση να μετατεθεί σε μεταγενέστερο χρόνο, ο ίδιος και το ΠΑΣΟΚ δεν θα αντιδράσουν. Η διάθεση αυτή μεταφέρθηκε από τον Κακλαμάνη στο Μέγαρο Μαξίμου και φαίνεται πως εκτιμήθηκε, όμως ο Μητσοτάκης επέλεξε η συνεδρίαση να γίνει κανονικά.",2026,4,16,7
2026-04-14 10:06:00,"Από το δημοσίευμα της εφημερίδας «Το Βήμα» προκύπτει πως είχε υπογραφεί μνημόνιο συνεργασίας μεταξύ της Intellexa και του Κέντρου Τεχνολογικής Υποστήριξης, Ανάπτυξης και Καινοτομίας της ΕΥΠ, αναφέρει σε ανακοίνωσή του ο Εκπρόσωπος Τύπου του ΠΑΣΟΚ Κώστας Τσουκαλάς.
Τώρα εξηγείται γιατί τοΜέγαρο Μαξίμουεδώ και μέρες αρνείται να απαντήσει στην απλή ερώτηση που απευθύνουμε αν η κυβέρνηση ή άλλος κρατικός φορέας έχει αγοράσει το Predator από τον κ. Ντίλιαν. Γιατί γνωρίζει ότι υπάρχουν στοιχεία που δεν της επιτρέπουν να πει ψέματα όπως έκανε στο παρελθόν. Γι’ αυτό και επιλέγει να πετάει τη μπάλα στην εξέδρα και να απαντά με υπεκφυγές και μισόλογα.
Ο Κυβερνητικός Εκπρόσωπος την προηγούμενη Δευτέρα απάντησε πως το προσύμφωνο ενδέχεται να αφορά «ευρύτερη δραστηριότητα στον χώρο της πληροφορικής». Αυτή η τοποθέτηση έρχεται σε απόλυτη αντίθεση με την πρόσφατη απόφαση του Μονομελούς Πλημμελειοδικείου που αναφέρει πως « η Intellexa δραστηριοποιείται αποκλειστικά στον τομέα απόσπασης, συλλογής και διαχείρισης δεδομένων μέσω κατασκοπευτικού λογισμικού».
Τα σκάνδαλα των υποκλοπών και τουΟΠΕΚΕΠΕδεν είναι σκάνδαλα κάποιου απρόσωπου «βαθέος κράτους» όπως επιχειρεί να πείσει ο μηχανισμός προπαγάνδας της Νέας Δημοκρατίας. Είναι σκάνδαλα μιας προσωποπαγούς δομής εξουσίας που οικοδομήθηκε εξαρχής για να εξυπηρετήσει τα ιδιοτελή πολιτικά   συμφέροντα του Κυριάκου Μητσοτάκη.
Έλαβαν χώρα στην προσπάθεια να ιδρυθεί ένα ιδιότυπο μονοκομμματικό  προσωπικό κράτος.
Η κυβέρνηση αντιλαμβάνεται πως έρχεται η ώρα της αλήθειας. Ο Πρωθυπουργός και η κυβέρνηση δεν  θα αποφύγουν  να λογοδοτήσουν.",2026,4,14,10
2026-04-09 20:55:00,"Για τις 11 Δεκεμβρίου ορίστηκε η ημερομηνία διεξαγωγής της δίκης σε δεύτερο βαθμό των τεσσάρων προσώπων που βρέθηκαν κατηγορούμενοικαι καταδικάστηκαν από το Μονομελές Πλημμελειοδικείο σε αθροιστικά 126 χρόνια για την παρακολούθηση πολιτικών και δημοσιογράφων με το παράνομο λογισμικό Predator.
Διαβάστε ακόμα: Υποκλοπές: Επιχείρηση παραγραφής – Τα 13 βήµατα στο παρασκήνιο
Τα «Νέα» στο πρωτοσέλιδό τους αποκαλύπτουν την επιχείρηση παραγραφής που είναι σε εξέλιξη και για το «πώς η κυβέρνηση ‘’παίρνει τα μέτρα της’’ για να μην βρεθεί πάλι προ εκπλήξεως», όπως συνέβη με την απόφαση της δίκης σε πρώτο βαθμό.
Το «Στίγμα» του Γιώργου Παπαχρήστου περιγράφει τα 13 βήματα που γίνονται στο παρασκήνιο με στόχο, όπως σημειώνει η στήλη «να φύγουν από το κατηγορητήριο δια της παραγραφής σειρά αδικημάτων και για τα οποία πρέπει να ελεγχθούν από την Εισαγγελία και οι 9 ελεγχόμενοι συνεργοί, όπως ο κρεοπώλης κάτοχος της κάρτας που πληρώθηκαν τα μολυσμένα sms και ο φίλος του συνεργάτης της ΕΥΠ».
Οι καθυστερήσεις αρχίζουν από τη στιγμή που το Μονομελές Πλημμελειοδικείο παρέδωσε καθαρογραμμένη την απόφαση και με το διατακτικό της νέας έρευνας στην Εισαγγελία Πρωτοδικών στις 20 Μαρτίου.
Διαβάστε ακόμα: Αντώνης Σαμαράς για ΟΠΕΚΕΠΕ και υποκλοπές: «Συνώνυμο της διαφθοράς» η κυβέρνηση Μητσοτάκη
Πέρασαν 3 εβδομάδες και αφού τα δικαστήρια έκλεισαν για τις εορτές του Πάσχα όταν η Εισαγγελία πήρε τελικά την απόφαση στις 7 Απριλίου να παραδώσει τη δικογραφία στην Εισαγγελία του Αρείου Πάγου και συγκεκριμένα στον κ. Τζαβέλλα, τον εισαγγελέα που επόπτευε το 2021 την ΕΥΠ και είχε υπογράψει μεταξύ άλλων την παρακολούθηση του τηλεφώνου του δημοσιογράφου Θανάση Κουκάκη που ήδη παρακολουθούνταν και από το Predator.
Το ερώτημα που βάζει το «Στίγμα» των «Νέων» αλλά και ο νομικός κόσμος είναι για πόσο θα κρατήσει την υπόθεση ο εισαγγελέα του Αρείου Πάγου την ώρα που ο ισραηλινός ιδρυτής της Intellexa, της εταιρείας που έφερε το Predator στην Ελλάδα, έχει ήδη αρχίσει τις αποκαλύψεις και δύο φορές μέσω του MEGA έχει ξεκαθαρίσει ότι πουλά το λογισμικό παρακολούθησης μόνο σε κράτη και ότι ο ίδιος δεν το λειτούργησε πότε στην Ελλάδα.
Σε κάθε περίπτωση οι 4 ιδιώτες κατά την κυβέρνηση δύσκολα θα ανατρέψουν την πρωτόδικη απόφαση στο Εφετείο που θα αρχίσει να εκδικάζει την υπόθεση στο τέλος του 2026.
﻿</p><p>",2026,4,9,20
2026-04-09 12:55:00,"Στοεδώλιοτου Τριμελούς Πλημμελειοδικείου της Αθήναςθα καθίσουν στις 11 Δεκεμβρίου2026 οιτέσσερις επιχειρηματίες που καταδικάστηκανσε πρώτο βαθμό σε πολυετείς ποινές φυλάκισης για τηνυπόθεση των τηλεφωνικών παρακολουθήσεων.
Δέκα μήνες μετά την πρωτόδικη καταδίκη τους με βάση την ιστορική απόφαση του Μονομελούς Πλημμελειοδικείου της Αθήνας και ενώ έχει ανοίξει η βεντάλια νέων ερευνών , οι τέσσερις κατηγορούμενοι, οι οποίοι άσκησαν έφεση κατά της καταδικαστικής απόφασης θα ξαναβρούν αντιμέτωποι με την ελληνική δικαιοσύνη για ταπλημμελήματα για τα οποία έχουν κηρυχθεί ένοχοι.
Η δευτεροβάθμια δίκη θα διεξαχθεί όμωςμε βάση τα νέα στοιχεία που προέκυψαν στη διάρκεια της πολύμηνης και ενδελεχούς διαδικασίαςπου διεξήχθη με πρόεδρο τον Νίκο Ασκιανάκη και εισαγγελέα τον Δημήτρη Παυλίδη, που οδήγησε στηνκαταδίκητων κατηγορουμένων χωρίς την αναγνώριση ελαφρυντικού, οι οποίοιαρνούνται ότι έχουν οποιαδήποτε σχέση με τη υπόθεση των υποκλοπών.
Ωστόσο, μέχρι τότε ο προβολέας της δικαιοσύνης εστιάζει στην ίδια υπόθεση τόσο για την έρευνα του σκέλους που αφορά τοαδίκημα της κατασκοπείαςόσο και για το σκέλος που αφορά στουςεννέα φερόμενους ως συνεργούς των επιχειρηματιώνστα πλημμελήματα για τα οποία έχουν καταδικαστεί πρωτοδίκως.
Όπως μάλιστα έχει επισημανθεί απο την πλευρά της υποστήριξης της κατηγορίας οι έρευνες αυτές πρέπει να ολοκληρωθούν το συντομότερο δυνατό,καθώς κάθε μέρα που περνά και μια πράξη πέφτει στην «τρύπα» της παραγραφής.
Και ακριβώς επειδή πρόκειται για μία τόσο σοβαρή υπόθεση που συνδέεται με τη λειτουργία του κράτους δικαίου και τους θεσμούς, η δικαιοσύνη οφείλει, όπως επισημαίνετσι σε όλους τόνους, να ολοκληρώσει το έργο της πριν οι ερευνώμενες πράξεις σκεπαστούν με το «πέπλο» της παραγραφής.
Τέλος, αξίζει να σημειωθεί ότι με βάση την πρωτοβάθμια απόφαση οικατηγορούμενοι έχουν καταδικαστεί σε φυλάκιση 126 ετών ο καθένας , με εκτιτέα ποινή τα 8 χρόνια λόγω του πλημμεληματικού χαρακτήρα των πράξεων. Ποινή που σύμφωνα με το σκεπτικό του Μονομελούς Πλημμελειοδικείου αν επικυρωθεί σε δεύτερο βαθμό θα πρέπει και να εκτιθεί από όσους τυχόν κριθούνένοχοικαι από το Τριμελές Πλημμελειοδικείο της Αθήνας.",2026,4,9,12
2026-04-07 14:47:00,"Σε δύο «κομμάτια»… σπάει ηδικογραφία για τιςτηλεφωνικές υποκλοπέςμε την βασικότερη έρευνα γιατο αδίκημα της κατασκοπείας να οδηγείται ξανά στην Εισαγγελία του Αρείου Πάγου,που είχε διενεργήσει και το πρώτο μέρος της προκαταρκτικής εξέτασης πριν από την έκδοση της ιστορικής απόφασης του Μονομελούς Πλημμελειοδικείου της Αθήνας.
Η εισαγγελία πρωτοδικών μελέτησε την πολυσέλιδη απόφαση του δικαστηρίου που κατέληγε στηναναγκαιότητα της διενέργειας τεσσάρων διαφορετικών ερευνώνγια να μην μείνει καμιά σκιά στη σοβαρή αυτή υπόθεση που ακουμπά τη λειτουργία του κράτους δικαίου.
Όπως είναι γνωστό το Μονομελές Πλημμελειοδικείο της Αθήνας (πρόεδρος Νίκος Ασκιανάκης και εισαγγελέας Δημήτρης Παυλίδης) μετά από ενδελεχή αποδεικτική διαδικασία κατέληξε στην  απόφαση ότιπρέπει η δικαιοσύνη να ελέγξει και άλλες πτυχές της υπόθεσης των υποκλοπώνπου μέχρι σήμερα δεν είχαν ερευνηθεί, βάζοντας στο στόχαστρο όχι μόνο τους τέσσερις τους κατηγορουμένους που καταδικάστηκαν σε πολυετείς ποινές φυλάκισης, αλλάκαι πρόσωπα που είχαν μείνει εκτός του ποινικού «κάδρου».
Η κορωνίδα των ερευνών που διέταξε το πρωτοβάθμιο δικαστήριο, αφορά στο αδίκημα της κατασκοπείας. Οτρόπος λειτουργίας του κατασκοπευτικού λογισμικού Predator, ηδυνατότητα απομακρυσμένης πρόσβασης στα αρχεία καταγραφήςκαι ηέκταση των δεδομένων που μπορεί να αποσπαστούν, σε συνδυασμό με τιςιδιότητες των θυμάτωνπου κατείχαν νευραλγικές θέσεις με πρόσβαση σε ευαίσθητες ή απόρρητες πληροφορίες, είχαν ως αποτέλεσμα η «πυξίδα» του δικαστηρίου να στραφεί για πρώτη φορά προς αυτή την κατεύθυνση. Αξίζει να σημειωθεί ότι κρατικοί αξιωματούχοι, στελέχη των Ενόπλων Δυνάμεων και άλλα υψηλά ιστάμενα πρόσωπα που ήταν στόχοι του Predator, δεν κλήθηκαν να καταθέσουν μέχρι τώρα, γι’ αυτο και με ενδιαφέρον αναμένεται η απόφασης της δικαιοσύνης σε ανώτατο κλιμάκιο για την κλήτευση των συγκεκριμένων μαρτύρων προκειμένου να απαντήσουν στο κομβικό ερώτημα,αν πάτησαν ή όχι τον «σύνδεσμο» με το μολυσμένο μήνυμα.
Και ενώτις επόμενες μέρες αναμένεται να οριστεί ο ανώτατος εισαγγελικός λειτουργόςπου θα αναλάβει την υπόθεση αυτή, σύμφωνα με όσα έχουν δει το φως της δημοσιότητας, πολλοί από τους στόχους του Predator, που μέχρι τώρα δεν είχαν προσφύγει στη δικαιοσύνη ετοιμάζονται να καταθέσουν μηνύσεις παραθέτοντας συγκεκριμένα παραστατικά περιστατικά για το ερευνώμενο αδίκημα της κατασκοπείας.
Εξίσου σημαντική είναι και η δεύτερη πτυχή της έρευνας που διέταξε το δικαστήριο γιασημαίνοντα στελέχη των εξεταζόμενων εταιρειών, τα οποία, όπως χαρακτηριστικά αναφέρεται, «δεν αποτελούσαν απλά εκτελεστικά όργανα των κατηγορουμένων, αλλά είχαν εξίσου πλήρη εικόνα καθώς και αποφασιστικές αρμοδιότητες επί των επιχειρήσεων».
Αυτό πρακτικά σημαίνει ότι όλα τα πρόσωπα που αφορά η πτυχή της συγκεκριμένης έρευνας θα ελεγχθούν και αν τελικά παραπεμφθούν στο εδώλιο θα δικαστούν για τα ίδια αδικήματα για τα οποία έχουν καταδικαστεί οι εργοδότες τους. Η έρευνα για τα πρόσωπα αυτά μάλιστα θα πρέπει να ολοκληρωθεί το συντομότερο δυνατό για νααποφευχθεί ο κίνδυνος της παραγραφής.
«Η απόφαση της Εισαγγελίας Πρωτοδικών Αθηνών να διαβιβάσει στον Άρειο Πάγο και να μην επεξεργαστεί το κομμάτι που αφορά τις πλημμεληματικές πράξεις 9 συνεργών των ήδη πρωτοδίκως καταδικασθέντων είναι υψηλού ρίσκου, καθώς βρισκόμαστε ήδη σε καθεστώς παραγραφής. Σε κάθε περίπτωση το κύρος της Δικαιοσύνης οφείλει να προστατευτεί. Θα είναι απαράδεκτο να μην λογοδοτήσουν κάποιοι για σοβαρότατες πράξεις λόγω καθυστέρησης των Εισαγγελικών Αρχών», επισημαίνει σε δήλωσή του ο δικηγόρος Ζαχαρίας Κεσσές.
Παράλληλα με τις έρευνες που, αν δεν κριθεί διαφορετικά, θα μείνουν στην Εισαγγελία του Αρείου Πάγου, ηεισαγγελία πρωτοδικών θα διερευνήσει το κομμάτι της ψευδορκίαςγια όσα ο τότε εμφανιζόμενος ως νόμιμος εκπρόσωπος της εταιρείας Krikel,Σταμάτης Τρίμπαληςείχε καταθέσει στη Βουλή που ερευνούσε το σκάνδαλο των υποκλοπών. Ο ίδιος καταθέτοντας στο δικαστήριο είχε αποκαλύψει ότι ήταν «αχυράνθρωπος» και ότι ενεργούσε για λογαριασμό του επιχειρηματίαΓιάννη Λαβράνου, ο οποίος επίσης πρωτοδίκως καταδικάστηκε και με βάση την απόφαση ζητείται να ελεγχθεί για ηθική αυτουργία στην ψευδορκία.
Επιπλέον, εισαγγελέας πρωτοδικών θα αναζητήσει και την ενδεχόμενη ψευδορκία με αφορμή όσα είπε στο δικαστήριο ο κάτοχος από την προπληρωμένη κάρτα του οποίου εστάλη το μολυσμένο μήνυμα, με αποδέκτη τονπρόεδρο του ΠΑΣΟΚ Νίκο Ανδρουλάκηυπό το φως και των κινήσεων της επίμαχης κάρτας που ζήτησε το δικαστήριο και της αποκάλυψης της ταυτότητας του υπαλλήλου σε κατάστημα κινητής τηλεφωνίας και της σχέσης του με την ΕΥΠ.",2026,4,7,14
2026-04-05 15:45:00,"Σφοδρέςαντιδράσειςαπό τηναντιπολίτευσηπροκαλούν οινέες αποκαλύψεις γύρω από τοσκάνδαλο των υποκλοπών, με την κυβέρνηση να δέχεται έντονη πίεση.
ΠΑΣΟΚ και ΣΥΡΙΖΑ σχολιάζουν δημοσίευμα του «Βήματος της Κυριακής», με την υπογραφή του Βασίλη Λαμπρόπουλου, στο οποίο αναφέρεται ότιη Intellexa είχε εισαχθεί στην Ελλάδα με κρατική χρηματοδότηση περίπου έναν χρόνο πριν ξεσπάσει η υπόθεση των υποκλοπών.
Σύμφωνα με το ίδιο ρεπορτάζ, στο οποίο παρουσιάζονται και σχετικά έγγραφα, η ισραηλινή εταιρεία – που συνδέεται με το παράνομο λογισμικό Predator – είχε ενταχθεί σε κοινοπραξία «σχηματισμών καινοτομίας». Για τη συγκεκριμένη πρωτοβουλία, φέρεται να είχε προηγηθεί διαδικασία εξασφάλισης ευρωπαϊκής χρηματοδότησης ύψους περίπου τριών εκατομμυρίων ευρώ, μέσω του Κέντρου Μελετών Ασφάλειας (ΚΕΜΕΑ) της ΕΛΑΣ.
Ο ΣΥΡΙΖΑ σε ανακοίνωσή του ανεβάζει τους τόνους για το σκάνδαλο των υποκλοπών.
«Το δημοσίευμα της εφημερίδας Το Βήμα της Κυριακής σχετικά με τη χρηματοδότηση της Intellexa από κρατικά και ευρωπαϊκά κονδύλια, που υπογράφει ο δημοσιογράφος Β. Λαμπρόπουλος, αποτελεί ακόμα ένα ισχυρό τεκμήριο, το οποίο καταρρίπτει τους αστείους ισχυρισμούς του κ. Μητσοτάκη περί «υπόθεσης ιδιωτών».
Σύμφωνα με τα έγγραφα που φέρνει στη δημοσιότητα το ρεπορτάζ, η Intellexa είχε ενταχθεί σε κοινοπραξία εταιρειών AI και big data, με σκοπό να χρηματοδοτηθεί με περίπου 3 εκατ. ευρώ, μέσω του Κέντρου Μελετών Ασφαλείας (ΚΕΜΕΑ), υπηρεσίας που υπάγεται στο υπουργείο Προστασίας του Πολίτη. Μάλιστα, σύμφωνα πάντα με το ρεπορτάζ, η συγκεκριμένη πρόταση για χρηματοδότηση υποβλήθηκε στη Γενική Γραμματεία Έρευνας και Καινοτομίας τον Μάρτιο του 2021. Επιπλέον, το δημοσίευμα επικαλείται πληροφορίες από στελέχη του ΚΕΜΕΑ, σύμφωνα με τα οποία υπήρχε «έντονο ενδιαφέρον υπουργών» για την προώθηση του συγκεκριμένου cluster και την ένταξη της Intellexa σε αυτό.
Το δημοσίευμα αναφέρει, επίσης, ότι για το συγκεκριμένο σχέδιο έγιναν συναντήσεις της κοινοπραξίας με τον Λαβράνο, στελέχη της Intellexa και κυβερνητικά στελέχη στα γραφεία του KETYAK της ΕΥΠ στην Αγία Παρασκευή, όπου, σύμφωνα με τη δικαστική απόφαση, βρίσκονταν οι χειριστές του Predator».
Ο κ. Μητσοτάκης – συνεχίζει η ανακοίνωση του ΣΥΡΙΖΑ – «ο πολιτικός προϊστάμενος της ΕΥΠ, να δώσει μια πειστική εξήγηση για όλα τα παραπάνω. Σε κάθε περίπτωση, οφείλουμε να παραδεχτούμε πως η συγκεκριμένη κυβέρνηση έχει ιδιαίτερη επινοητικότητα στην αφαίμαξη κονδυλίων, που προορίζονται για το δημόσιο συμφέρον. Μόνο η κυβέρνηση του κ. Μητσοτάκη θα μπορούσε να βαφτίσει ως «έρευνα και καινοτομία» ένα εργαλείο υποκλοπών. Πάλι καλά που η συγκεκριμένη χρηματοδότηση σκόνταψε στην αποκάλυψη του σκανδάλου, γι’ αυτό και δεν προχώρησε.
Σε άλλη ανακοίνωση του ΣΥΡΙΖΑ για το κυριακάτικο μήνυμα του πρωθυπουργού Κυριάκου Μητσοτάκη, τονίζεται ότι δεν λέει ούτε λέξει για το δημοσίευμα. Για το δημοσίευμα της εφημερίδας «Το Βήμα της Κυριακής» σχετικά με τη χρηματοδότηση της Intellexa από κρατικά και ευρωπαϊκά κονδύλια, που υπογράφει ο δημοσιογράφος Β. Λαμπρόπουλος ο κ. Μητσοτάκης δεν λέει ούτε λέξη. Επικαλείται το «δικαίωμα της σιωπής». Το δημοσίευμα αποτελεί ακόμα ένα ισχυρό τεκμήριο, το οποίο καταρρίπτει τους ισχυρισμούς του κ. Μητσοτάκη περί «υπόθεσης ιδιωτών».
Αναφορά στο θέμα έκανε και οεκπρόσωπος Τύπου του ΠΑΣΟΚ Κώστας Τσουκαλάς. «Ο πρωθυπουργός και σήμερα δεν απάντησε αν η κυβέρνηση του ή άλλη κρατική υπηρεσία αγόρασαν το Predator από τον απόστρατο Ισραηλινό. Δεν έχει το πολιτικό θάρρος ούτε να κατακεραυνώσει αυτόν που τον εκβιάζει αποκαλώντας τον “Νίξον”» σημείωσε.
Επίσης, σε ανακοίνωση προχώρησε το Γραφείο Τύπου του ΠΑΣΟΚ.
«Επί μέρες η κυβέρνηση σιωπά και επιλέγει να μην διαψεύδει τον προμηθευτή του predator ο οποίος υποστηρίζει ότι συνεργάστηκε με κρατικές υπηρεσίες και δεν έδρασε μόνος.
Σήμερα η εφημερίδα «Το Βήμα» αποκαλύπτει δημόσιο έγγραφο που δείχνει ότι η Intellexa υπήρξε σε προσύμφωνο συνεργασίας αντισυμβαλλόμενη με το Κέντρο Μελετών Ασφάλειας του Υπουργείου Προστασίας του Πολίτη.
Μάλιστα περιγράφεται και ένα μέρος των «δυνατοτήτων» του predator στην πρόταση χρηματοδότησης που υποβλήθηκε στην Γραμματεία Έρευνας και Καινοτομίας.
Μήπως τώρα η κυβέρνηση και τα αρμόδια Υπουργεία, υπηρεσίες των οποίων συμβάλλονται με την εταιρεία του predator, θα φιλοτιμηθούν να απαντήσουν;
Χρησιμοποίησε το κράτος το predator;
Ποιοι Υπουργοί και υψηλά ιστάμενοι -όπως γράφει «Το Βήμα»- είχαν ζωηρό ενδιαφέρον να προχωρήσει η χρηματοδότηση της εταιρείας;
Κάθε μέρα που περνάει, η δυσωδία από το απόστημα που έχει σπάσει για τα καλά, θα πνίγει το παρακράτος του Μαξίμου».",2026,4,5,15
2026-04-03 00:35:00,"Παρών στις πολιτικές εξελίξεις δήλωσε ο πρώην ΠρωθυπουργόςΑλέξης Τσίπραςο οποίος στη συνέντευξη του στον Ant1 και στον Νίκο Χατζηνικολάου  ανέφερε ότι το κόμμα του θα είναι έτοιμο τον Σεπτέμβριο αλλά αν χρειαστεί και νωρίτερα.
Ανέφερε ακόμη: «Όλοι όσοι θέλουν και συμφωνούν θα έρθουν αλλά χωρίς όρους και προϋποθέσεις, χωρίς προκρατημένη θέση».
Συνεχίζοντας είπε: «Δεν θα γίνει στην Βουλή αλλά στην κοινωνία, δεν θα έχει κοινοβουλευτική ομάδα». Για το θέμα των υποκλοπών ανέφερε: «Αφού ο Μητσοτάκης ισχυρίζεται ότι δεν φταίει για τις υποκλοπές να υποδείξει ποιοι το έκαναν».
‘Αφησε αιχμές για το ΠΑΣΟΚ και τη ΝΔ λέγοντας ότι δεν χρωστάνε στις τράπεζες, ανήκουν στις τράπεζες, λόγω του υψηλού χρέους τους.
Επιχειρηματολογώντας για το πολιτικό του εγχείρημα, ανέφερε ότι δεν μπορεί να μένει η ΝΔ και μάλιστα αυτή η ΝΔ δίχως αντίπαλο, το χρειάζονται η χώρα, το πολιτικό σύστημα, η δημοκρατία.
Συνεχίζοντας, υποστήριξε ότι τοΠΑΣΟΚδεν μπορεί να είναι η εναλλακτική και πρόσθεσε: «Δεν φταίει ο Ανδρουλάκης στο ΠΑΣΟΚ. Εδώ η εικόνα που υπάρχει στην ελληνική κοινωνία είναι ότι υπάρχει μια ταύτιση. Υπάρχει μια όσμωση, αν θέλετε, όταν το μισό υπουργικό συμβούλιο είναι στελέχη του ΠΑΣΟΚ. Όταν βλέπει κανείς, ας πούμε, ότι υπάρχει αυτή η λογική της περιστρεφόμενης πόρτας, ο κόσμος δεν μπορεί να εμπιστευθεί ένα κόμμα που γεννήθηκε για να είναι εναλλακτικός πόλος απέναντι στη Δεξιά από τον Ανδρέα Παπανδρέου».
Για την ίδρυση του κόμματος του ανέφερε ακόμη: «Τα κόμματα δεν είναι start up, ούτε καφετέριες να ανοίξουν ούτε ιδρύονται στο διαδίκτυο. Το ραντεβού σου με την Ιστορία πρέπει να γίνει στην ώρα του. Ούτε να πας και να σε στήσει, ούτε πολύ πιο πριν. Νομίζω θα γίνει στην ώρα του. Νομίζω ότι οι διεργασίες πρέπει να επιταχυνθούν μετά από αυτό το διάστημα. Δεν υπάρχει αμφιβολία. Εάν τα πράγματα κυλήσουν ομαλά, νομίζω ότι δεν θα δείτε κάποιον αιφνιδιασμό το επόμενο διάστημα. Και θα γίνει όταν θα είμαστε έτοιμοι. Όταν οι διαδικασίες οι οργανωτικές θα έχουν πληθύνει. Όταν θα έχουν βρεθεί τα πρόσωπα, οι διακηρύξεις, οι θέσεις. Γιατί θέλουμε να έχουμε μια εναλλακτική πρόταση για τη διακυβέρνηση του τόπου. Μπορεί να είναι προς τον Σεπτέμβριο γιατί λογικό είναι αυτό. Αλλά οι πολιτικές εξελίξεις, όπως βλέπετε, μας προλαβαίνουν. Άρα, με αυτή την έννοια λέω ότι εμείς ετοιμαζόμαστε».
Για το πολιτικό στίγμα του νέου κόμματος ανέφερε: «Θέλουμε να αποτελέσουμε πεδίο σύγκλισης τριών διαφορετικών πολιτικών ρευμάτων, ιστορικών: της ριζοσπαστικής αριστεράς, της σοσιαλδημοκρατίας, της πολιτικής οικολογίας. Θέλουμε να έχουμε όραμα και πρόταση για την επόμενη μέρα, αλλά και προτάσεις ρεαλιστικές και αιχμηρές».
Επιτέθηκε στονΚυριάκο Μητσοτάκημε έμφαση τα σκάνδαλα: «Υπό κανονικές συνθήκες ο κύριος Μητσοτάκης θα έπρεπε ήδη να έχει προκηρύξει εκλογές. Μπορεί να κρατηθεί μια κυβέρνηση η οποία έχει ήδη σαράντα στον αριθμό κυβερνητικά στελέχη, υπουργούς, βουλευτές, οι οποίοι έχουν παραιτηθεί από τις θέσεις τους για διάφορα σκάνδαλα, μικρά ή μεγαλύτερα στην επταετή θητεία; Μπορεί να κρατηθεί μια κυβέρνηση της οποίας η σχέση της με την Ευρώπη είναι η σχέση της με την Ευρωπαϊκή Εισαγγελία;».
Αναφέρθηκε και στις υποκλοπές λέγοντας: «ο Νίξον στις Ηνωμένες Πολιτείες παραιτήθηκε. Πότε παραιτήθηκε; Όχι όταν αποκαλύφθηκε γιατί κάνει υποκλοπές πολιτικών αντιπάλων, αλλά όταν αποκαλύφθηκε ότι επιχειρεί να χειραγωγήσει την αμερικανική δικαιοσύνη, να συγκαλύψει το έγκλημα. Εγώ αν με ρωτάτε έτσι με βαθιά ειλικρίνεια θα σας πω αν ήμουν στη θέση του Κυριάκου Μητσοτάκη, με τόσα μέτωπα, με τις δικογραφίες στη Βουλή να έρχονται η μία μετά την άλλη, με το θέμα των υποκλοπών να έχει ξανανοίξει, διότι ο κύριος που είπατε, ο κ. Ντίλιαν έρχεται και εκβιάζει, ουσιαστικά δεν θα μπορούσα να κοιμηθώ εύκολα. Και θαρρώ ότι δεν έχει πολλούς δρόμους μπροστά του να επιλέξει. Ο μόνος δρόμος για τον πρωθυπουργό, κατά τη γνώμη μου, είναι ο δρόμος ο θαρραλέος. Εάν ο ίδιος ισχυρίζεται ότι δεν έχει σχέση με όλα αυτά, να βγει και να υποδείξει ποιοι έχουν σχέση με αυτό. Και να τους οδηγήσει στη δικαιοσύνη. Αλλιώς έχω την αίσθηση ότι πολύ δύσκολα θα μπορέσει ο ίδιος να αποφύγει τη λογοδοσία».",2026,4,3,0
2026-04-02 13:47:00,"Η Ελλάδα είναι η μόνη χώρα που τον ανασχηματισμό ανακοινώνει η Ευρωπαϊκή Εισαγγελία, τόνισε από το βήμα της Βουλής οΝίκος Ανδρουλάκης.Ζήτησε εκλογές για να «μπει τέλος στην ατιμωρησία». «Η κυβερνητική πλειοψηφία δεν είναι απλώς πολιτικά εκτεθειμένη. Είναι μια πλειοψηφία που στηρίζεται σε πρόσωπα υπό δικαστική διερεύνηση, πρόσωπα που ελέγχονται για βαριές ποινικές υποθέσεις» υπογράμμισε
Ο πρόεδρος του ΠΑΣΟΚ αναφερόμενος στιςυποκλοπέςείπε ότι τις 4 Μαρτίου κατέθεσε αίτημα διεξαγωγής προ ημερησίας διατάξεως συζήτησης για το κράτος δικαίου σύμφωνα με το άρθρο 143 του Κανονισμού της Βουλής, που προβλέπει ρητά ότι η συζήτηση γίνεται μέσα σε ένα μήνα.
Στη συνέχεια κατήγγειλε ότι: «έρχεστε στην εκπνοή της προθεσμίας να δραπετεύσετε παραβιάζοντας με τον πιο εξόφθαλμο τροπο τον Κανονισμό της Βουλής.Δεν σας φρενάρει τίποτα μπροστά στον πανικό σας για τις αποκαλύψεις που πυροδότησε η δικαστική απόφαση του μονομελούς πλημμελειοδικείου. Μπροστά στον δημόσιο εκβιασμό του Πρωθυπουργού από έναν απόστρατο Ισραηλινό. Τι φοβάστε; Ποιος σας κρατάει; Διαπραγματεύεστε στο παρασκήνιο και χρειάζεστε τόσο απεγνωσμένα χρόνο που δεν διστάζετε να κάνετε τον Κανονισμό κουρελόχαρτο;».
«Είστε ένα σύστημα εξουσίας αδίστακτο, χωρίς κανέναν ηθικό και αξιακό φραγμό» είπε απευθυνόμενος προς τα κυβερνητικά έδρανα.
«Και έρχεται ο Πρόεδρος της Βουλής και αντί να προστατεύσει το κύρος του Κοινοβουλίου, συναινεί σε τέτοιες μεθοδεύσεις και προσπαθεί να δικαιολογήσει τα αδικαιολόγητα. Ακούσαμε ως επιχείρημα ότι μας κάνατε τη χάρη να μην ορίσετε τη συζήτηση την ημέρα διεξαγωγής του συνεδρίου μας.
Δηλαδή από τις 29 μέρες του μήνα, μόνο αυτή ήταν διαθέσιμη για τον Πρωθυπουργό;
Και θέλετε να σας πιστέψουμε ότι ο κ. Μητσοτάκης που στις 25 του μήνα άκουγε σε πανελλήνια μετάδοση τον κ. Ντίλιαν να τον απειλεί ως «Νίξον», θα ερχόταν δυο μέρες μετά, στις 27 Μαρτίου, με …πολλή χαρά στη Βουλή να απολογηθεί! Μας πείσατε» είπε.
«Εδώ δεν βρήκατε δυο λέξεις να κατακεραυνώσετε αυτόν που εκβιάζει δημόσια τον Πρωθυπουργό της χώρας!
Δεν έχετε το σθένος να βγείτε δημόσια και να πείτε κατηγορηματικά ότι ουδέποτε το κράτος προμηθεύτηκε και χρησιμοποίησε το παράνομο αυτό λογισμικό.
Γι’ αυτό σας το λέω καθαρά: μπορεί ο «Νίξον» του Μαξίμου να αναζητά καταφύγιο και να κρύβεται από όσους τον εκβιάζουν δημοσίως αλλά από τη Βουλή και τον ελληνικό λαό δεν θα κρυφτεί», συμπλήρωσε.
«Μιλάμε για ένα επαναλαμβανόμενο μοτίβο θεσμικής υποχώρησης» είπε στη συνέχεια αναφέροντας τα εξής:
-Εξεταστικές Επιτροπές που λειτουργούν ως παρωδίες, με την άρνηση της πλειοψηφίας να καλέσει κρίσιμους μάρτυρες και με προαποφασισμένα συμπεράσματα.
Ακόμη και με στημένες, προσυνεννοημένες ερωτήσεις σε μάρτυρες από βουλευτές της Νέας Δημοκρατίας.
-Νομοθετικές παρεμβάσεις της τελευταίας στιγμής, νυχτερινές τροπολογίες και φωτογραφικές ρυθμίσεις που καταστρατηγούν τη διαδικασία και κρίνονται αντισυνταγματικές.
-Παρεμβάσεις σε Ανεξάρτητες Αρχές, με αλλαγές στη σύνθεσή τους και προσπάθεια ελέγχου της λειτουργίας τους.
-Η άρνηση της, ευρισκόμενης υπό την εποπτεία του Πρωθυπουργού, ΕΥΠ να συμμορφωθεί με αποφάσεις της Δικαιοσύνης και να χορηγήσει πλήρη στοιχεία για τις παρακολουθήσεις.
-Συνεχείς περιπτώσεις καταστρατήγησης του Συντάγματος, με χαρακτηριστικό παράδειγμα το άρθρο 86 του Συντάγματος για την ποινική ευθύνη των Υπουργών, με μεθοδεύσεις που αποσκοπούν στη συγκάλυψη ευθυνών, είτε στην τραγωδία των Τεμπών είτε στο σκάνδαλο του ΟΠΕΚΕΠΕ.
-Υποκλοπές
«Υπονόμευσαν το κράτος δικαίου, την ποιότητα της δημοκρατίας και παραβίασαν τα ανθρώπινα δικαιώματα ανέφερε. Είναι βαρύτατα εκτεθειμένοι γιατί έθεσαν σε κίνδυνο την εθνική ασφάλεια επιτρέποντας την παρακολούθηση της μισής κυβέρνησης, της ηγεσίας των ενόπλων δυνάμεων, της Αστυνομίας και άλλων αξιωματούχων από παρακρατικούς μηχανισμούς με την εμπλοκή ιδιωτών τρίτων χωρών.
Και ήρθε η πρόσφατη απόφαση του Μονομελούς Πλημμελειοδικείου Αθηνών να επιβεβαιώσει, με τον πιο κατηγορηματικό τρόπο, τη σοβαρότητα της υπόθεσης. Πρόκειται για ένα ιστορικό θεσμικό γεγονός. Καταδικάζει πρόσωπα για τη χρήση του κατασκοπευτικού λογισμικού Predator με βαριές ποινές. Και, το κυριότερο, ανοίγει τον δρόμο για περαιτέρω διερεύνηση ακόμη και για αδικήματα όπως η κατασκοπεία.
Με άλλα λόγια, καταρρέει οριστικά το κυβερνητικό αφήγημα ότι πρόκειται για μια «αμιγώς ιδιωτική υπόθεση». Καταρρέει η προσπάθεια αποποίησης των ευθυνών. Και αναδεικνύεται ότι το ζήτημα είναι βαθιά πολιτικό και θεσμικό.
«Απευθύνθηκα δημόσια, με ανοιχτή επιστολή, σε όλους τους δημόσιους αξιωματούχους που υπήρξαν στόχοι των υποκλοπών και του Predator. Τους κάλεσα να μην σιωπήσουν. Τους κάλεσα να σταθούν στο ύψος της ευθύνης τους. Τους κάλεσα να συμβάλουν ώστε να αποκαλυφθεί όλη η αλήθεια. Αυτή η σιωπή δεν είναι ουδετερότητα. Είναι πολιτική επιλογή υπεκφυγής. Είναι μια συνειδητή στάση αποφυγής της λογοδοσίας».
Για το σκάνδαλο στον ΟΠΕΚΕΠΕ, είπε ότι: «Επενδύατε όλους αυτούς τους μήνες στο αφήγημα του συμψηφισμού και των διαχρονικών και διακομματικών ευθυνών. Συνεχίζετε να το υποστηρίζετε;
Με μια δικογραφία που βάζει στο κάδρο 11 βουλευτές σας, τον Γραμματέα της Νέας Δημοκρατίας και εν ενεργεία μέλη του υπουργικού συμβουλίου; Ορίσατε τον κ. Τσιάρα να εξυγιάνει τον ΟΠΕΚΕΠΕ και σήμερα καλούμαστε να άρουμε την ασυλία του για παρανομίες σχετικά με τη λειτουργία του οργανισμού. Βάλατε δηλαδή τον λύκο να φυλάει τα πρόβατα! Μπορεί να είμαστε ουραγοί στην κατά κεφαλήν αγοραστική δύναμη, αλλά πρωταθλητές στις κατά κεφαλήν δικογραφίες της Νέας Δημοκρατίες.
Πριν λίγες εβδομάδες η πλειοψηφία της Νέας Δημοκρατίας έβγαλε πόρισμα για να απαλλάξει τους υπουργούς και τα στελέχη σας από αυτό το πάρτι διαφθοράς. Και σήμερα παραλαμβάνουμε 2η δικογραφία -πάλι με εμπλοκή στελεχών σας-. Και αναμένουμε και 3η δικογραφία. Σας ρωτώ: είστε περήφανοι για το πόρισμα σας»; κατέληξε.
Ο κ. Ανδρουλάκης είπε ότι η μόνη λύση είναι οι εκλογές. «Η κυβερνητική πλειοψηφία δεν είναι απλώς πολιτικά εκτεθειμένη. Είναι μια πλειοψηφία που στηρίζεται σε πρόσωπα υπό δικαστική διερεύνηση, πρόσωπα που ελέγχονται για βαριές ποινικές υποθέσεις. Και αυτό δεν είναι μόνο πολιτικό ζήτημα.
Αποκαλύπτει τον θεσμικό κατήφορο της κυβέρνησης Μητσοτάκη, έναν κατήφορο που δεν θα επιτρέψουμε να γίνει κατήφορος της χώρας. Η κυβέρνηση δεν στέκεται πολιτικά.
Είναι μονόδρομος για τον κ. Μητσοτάκη η αποπομπή των Υπουργών και Υφυπουργών από το κυβερνητικό σχήμα. Οτιδήποτε λιγότερο θα συνιστά άλλη μια συνειδητή επιλογή συγκάλυψης.
Δεν πρόκειται όμως για «ακόμη ένα σκάνδαλο». Είναι κάτι βαθύτερο.
Η διαφθορά βρίσκεται στον πυρήνα της Νέας Δημοκρατίας. Στην καρδιά του Μαξίμου, γι’ αυτό κανένας ανασχηματισμός δεν μπορεί να ξεριζώσει τη ρίζα του προβλήματος. Η πατρίδα μας θα φύγει από αυτή την δυστοπία μόνο με εκλογές. Μόνη λύση είναι οι εκλογές για να έρθει αέρας δημοκρατίας και δικαιοσύνης. Μόνο ο λαός μπορεί να δώσει διέξοδο στη βαθιά παρακμή» κατέληξε.
Ο Νίκος Ανδρουλάκης είπε ότι «θέλω άμεση εφαρμογή της απόφασης του Συμβουλίου της Επικρατείας αν σέβεστε την Δικαιοσύνη».
Εμείς δεν επιτρέπουμε σε κάθε «Δημητριάδη και σε κάθε Μητσοτάκη να κάνει αυτά τα πράγματα» συμπλήρωσε για τις τηλεφωνικές υποκλοπές.
Λέτε ψέματα, ουδέποτε στο {ΠΑΣΟΚ προιτάθηκε 27 Μαρτίου να γίνει στη Βουλή συζήτηση στη ΒΟυλή για το κράτος Δικαίου. Είστε ψέυτης» είπε μιλώντας προς τον υπουργό Χατζηδάκι.
«Για τον ΟΠΕΚΕΠΕ μας ζήτησαν να τους πούμε και μπράβο» είπε ο Νίκος Ανδρουλάκης απευθυνόμενος προς τον κ. Χατζηδάκη. «Εσείς που καταστρέψατε τους αγρότες και τους κτηνοτρόφους» είπε.",2026,4,2,13
2026-03-31 15:57:00,"Η προ ημερήσιας συζήτηση στηΒουλήγια το Κράτος Δικαίου θα γίνει, σύμφωνα με πληροφορίες, μετά τοΠάσχακαι όχι την Παρασκευή 3 Απριλίου όπως ήταν η μέρα στην οποία φέρεται ότι είχε συμφωνήσει και το ΠΑΣΟΚ. Η μέρα που κλείδωσε είναι η17η Απριλίου.
Πρόκειται για τοαίτημα που έχει καταθέσει εδώ και λίγες εβδομάδες οΝίκος Ανδρουλάκης– και για το οποίο ο Κυριάκος Μητσοτάκης προκαλούσε τον αρχηγό του ΠΑΣΟΚ προαναγγέλλοντας ότι θα κάνει δεκτό το αίτημα – αυτό πάντως προτού η υπόθεση τωντηλεφωνικών υποκλοπώνπάρει νέα τροπή ύστερα από την καταδικαστικήαπόφαση του Μονομελούς Πλημμελειοδικείουτης Αθήνας για τους τέσσερις επιχειρηματίες αλλά και τη δρομολόγηση νέου κύκλου ερευνών, ανάμεσα τους και έρευνα για κατασκοπεία.
Υπενθυμίζεται ότι το σχετικό αίτημα κατατέθηκε στις4 Μαρτίουαπό τον πρόεδρο του ΠΑΣΟΚ. Στην επιστολή του ο κ. Ανδρουλάκης ανέφερε μεταξύ άλλων: «H πρόσφατη απόφαση του Μονομελούς Πλημμελειοδικείου Αθηνών είναι το πλέον πρόσφατο από μια σειρά γεγονότων πουαναδεικνύουν εμφατικά τις θεσμικές εκτροπές και την καταρράκωση του Κράτους Δικαίουστην χώρα μας. Το σκάνδαλο των παράνομων παρακολουθήσεων πολιτικών προσώπων, δημοσιογράφων, επιχειρηματιών, ανώτατων δικαστικών, του Αρχηγού των Ενόπλων Δυνάμεων και του Αρχηγού της ΕΛ.ΑΣ., μέσω του λογισμικού Predator αλλά και ευθέως από την υπαγόμενη στο Γραφείο Πρωθυπουργού Εθνική Υπηρεσία Πληροφοριών (ΕΥΠ),συνιστά βαρύ πλήγμα στη δημοκρατική λειτουργία. Η αποκάλυψη της υπόθεσης, το 2022, οδήγησε, άλλωστε, σε παραίτηση τον τότε Διοικητή της ΕΥΠ και τον τότε Γενικό Γραμματέα του Πρωθυπουργού και ανιψιό του. Ωστόσο, αντί για πλήρη διαλεύκανση, ακολούθησε μια διαρκής προσπάθεια συγκάλυψης των κυβερνητικών ευθυνών, η οποία συνεχίζεται έως σήμερα».
Ακολουθεί η επιστολή
Αξιότιμε Κύριε Πρόεδρε,
Στο κρίσιμο γεωπολιτικό και διεθνές περιβάλλον, ιδίως εν όψει της ανάδυσης ακραίων και αναθεωρητικών δυνάμεων, η εύρυθμη λειτουργία των δημοκρατικών θεσμών και η ενίσχυση των δεσμών εμπιστοσύνης μεταξύ πολιτών και πολιτείας αποκτούν ολοένα και μεγαλύτερη σημασία ως συντελεστές ισχύος κάθε χώρας. Ως εκ τούτου, η ενίσχυση των δημοκρατικών θεσμών και του κράτους δικαίου και η ποιοτική λειτουργία της Δημοκρατίας μας δεν είναι πολυτέλεια. Αποτελεί ασπίδα προστασίας και προϋπόθεση αναπτυξιακής και ηθικής προόδου της χώρας.
Μετά από μια δεκαετία βαθιάς οικονομικής κρίσης, οι πολίτες ανέμεναν και αξίωναν ένα διαφορετικό υπόδειγμα διακυβέρνησης, με διαφάνεια, λογοδοσία, αξιοκρατία και δικαιοσύνη. Είναι κοινός τόπος ότι οι ισχυροί θεσμοί και το στιβαρό κράτος δικαίου αποτελούν θεμέλιο πραγματικής ανάπτυξης και κοινωνικής ευημερίας. Δεν είναι άλλωστε τυχαίο ότι χώρες που ήρθαν αντιμέτωπες με εξίσου βαθιά οικονομική κρίση κατάφεραν να ορθοποδήσουν γρηγορότερα λόγω της ανθεκτικότητας και της ακεραιότητας των θεσμών τους, ενώ χώρες με ισχυρή θεσμική λειτουργία βρίσκονται διαχρονικά ψηλά στους δείκτες ανταγωνιστικότητας και ευημερίας.
Ωστόσο, παρά τη μέχρι σήμερα πρόοδο, η εύρυθμη λειτουργία των δημοκρατικών και δικαιοκρατικών θεσμών στη χώρα μας, την Ελλάδα, παραμένει ακόμη, εν πολλοίς, ζητούμενο. H πρόσφατη απόφαση του Μονομελούς Πλημμελειοδικείου Αθηνών είναι το πλέον πρόσφατο από μια σειρά γεγονότων που αναδεικνύουν εμφατικά τις θεσμικές εκτροπές και την καταρράκωση του Κράτους Δικαίου στην χώρα μας. Το σκάνδαλο των παράνομων παρακολουθήσεων πολιτικών προσώπων, δημοσιογράφων, επιχειρηματιών, ανώτατων δικαστικών, του Αρχηγού των Ενόπλων Δυνάμεων και του Αρχηγού της ΕΛ.ΑΣ., μέσω του λογισμικού Predator αλλά και ευθέως από την υπαγόμενη στο Γραφείο Πρωθυπουργού Εθνική Υπηρεσία Πληροφοριών (ΕΥΠ),συνιστά βαρύ πλήγμα στη δημοκρατική λειτουργία.
Η αποκάλυψη της υπόθεσης, το 2022, οδήγησε, άλλωστε, σε παραίτηση τον τότε Διοικητή της ΕΥΠ και τον τότε Γενικό Γραμματέα του Πρωθυπουργού και ανιψιό του. Ωστόσο, αντί για πλήρη διαλεύκανση, ακολούθησε μια διαρκής προσπάθεια συγκάλυψης των κυβερνητικών ευθυνών, η οποία συνεχίζεται έως σήμερα.
Χαρακτηριστικά αναφέρω:
Την Εξεταστική Επιτροπή – φιάσκο, στην οποία η κυβερνητική πλειοψηφία αρνήθηκε να καλέσει μια σειρά από βασικούς μάρτυρες ώστε στη συνέχεια να προβεί στην προαποφασισμένη απαλλαγή όλων των εμπλεκόμενων πολιτικών προσώπων από τις ευθύνες τους, σε πλήρη αντίθεση με τα στοιχεία της υπόθεσης, καθώς και τα αντίστοιχα συμπεράσματα της Επιτροπής PEGA του Ευρωπαϊκού Κοινοβουλίου για τη διερεύνηση της χρήσης λογισμικών παρακολουθήσεων.
Την αλλαγή του νομοθετικού πλαισίου από την κυβερνητική πλειοψηφία με «νυχτερινή» διάταξη που τέθηκε στο τέλος ενός άσχετου νομοσχεδίου εκατοντάδων σελίδων που προέβλεπε… μέτρα κατά του COVID (!)-χωρίς επαρκή αιτιολογία και παραπλανώντας τη Βουλή- και με την οποία επιβλήθηκε καθολική απαγόρευση ενημέρωσης των παρακολουθούμενων προσώπων για τους λόγους παρακολούθησής τους, με τη σχετική διάταξη να έχει ήδη κριθεί αντισυνταγματική από το Συμβούλιο της Επικρατείας.
Την άρνηση της ευρισκόμενης υπό την εποπτεία του Πρωθυπουργού ΕΥΠ να συμμορφωθεί με την ανωτέρω απόφαση του Συμβουλίου της Επικρατείας και να μου χορηγήσει πλήρες αντίγραφο του φακέλου της παρακολούθησής μου.
Την εντελώς τυπική έρευνα, στην οποία προέβη η Εθνική Αρχή Διαφάνειας στις εμπλεκόμενες εταιρείες και στην ΕΥΠ, όπου κατά παραδοχή της προϊσταμένης της απλά ελέγχθηκαν οι συμβάσεις για το… αν αυτές αναφέρονται σε πώληση παράνομου κατασκοπευτικού λογισμικού!
Την αντισυνταγματική, χωρίς την απαιτούμενη πλειοψηφία και με την απολύτως αναγκαία και χωρίς προσχήματα συμβολή της Ελληνικής Λύσης, αλλαγή της σύνθεσης της Ολομέλειας της ΑΔΑΕ, ώστε να ελεγχθεί πλήρως η Ανεξάρτητη αυτή Αρχή και η έρευνά της.
Τις σε κάθε περίπτωση τραγικά καθυστερημένες (μετά από εβδομάδες ή και μήνες), κατόπιν ραντεβού και ενίοτε προσυνεννοημένες, όπως προέκυψε από καταθέσεις στο Δικαστήριο στην ως άνω δίκη των υποκλοπών, έρευνες των Αρχών σε στενούς συνεργάτες των κατηγορουμένων και τις εμπλεκόμενες εταιρείες, οι οποίες στο μεταξύ είχαν εκκενώσει τα γραφεία και τις εγκαταστάσεις τους.
Τη στρεβλή, παράτυπη και αντίθετη στον σκοπό της λειτουργία της Εξεταστικής Επιτροπής της Βουλής για τη διερεύνηση του σκανδάλου των παράνομων παρακολουθήσεων. Σε αυτήν τη διαδικασία, σύμφωνα με κατάθεση μάρτυρα στη δίκη ενώπιον των υποκλοπών – η οποία δεν έχει απαντηθεί ή διαψευσθεί από την Κυβέρνηση ή την κοινοβουλευτική πλειοψηφία – όταν ο ίδιος είχε προσέλθει ως μάρτυρας ενώπιον της Επιτροπής, του υποβλήθηκαν από βουλευτές της πλειοψηφίας ερωτήσεις εκ των προτέρων γνωστές στον ίδιο.
Η πρόσφατη απόφαση του Μονομελούς Πλημμελειοδικείου Αθηνών συνιστά καίριο θεσμικό γεγονός. Η καταδίκη τεσσάρων προσώπων για την παράνομη χρήση του κατασκοπευτικού λογισμικού «Predator» και η ρητή αναφορά σε ενδεχόμενη διερεύνηση περαιτέρω αξιόποινων πράξεων, μεταξύ των οποίων και αυτού της κατασκοπείας, διαψεύδει οριστικά το κυβερνητικό αφήγημα περί «αμιγώς ιδιωτικής υπόθεσης» και την αποποίηση των κυβερνητικών ευθυνών. Καταρρίπτει δε πλήρως και το περίφημο «πόρισμα» του Αντεισαγγελέα του Αρείου Πάγου, στον οποίο είχε ανατεθεί η δικογραφία μετά από αφαίρεσή της από τους Εισαγγελείς Πρωτοδικών και ο οποίος μεταξύ άλλων είχε απορρίψει και κάθε ένδειξη τέλεσης του αδικήματος της κατασκοπείας.
Όταν αποδεικνύεται η ύπαρξη οργανωμένου μηχανισμού παρακολούθησης σε βάρος δεκάδων πολιτικών, δικαστικών και στρατιωτικών προσώπων, η σιωπή του Πρωθυπουργού δεν μπορεί να εκληφθεί ως ουδετερότητα, αλλά ως πολιτική υπεκφυγή, εγείροντας ταυτόχρονα αμείλικτα ερωτήματα, στα οποία η Κυβέρνηση οφείλει να απαντήσει: πώς είναι δυνατόν πρόσωπα που σήμερα καταδικάστηκαν να δρούσαν ανενόχλητα, να απολάμβαναν κρατική προστασία, να συμμετείχαν σε επίσημες κρατικές αποστολές και να εξασφάλιζαν άδειες εξαγωγής κατασκοπευτικού λογισμικού από την Κυβέρνηση της Νέας Δημοκρατίας;
Ομοίως ανεξήγητη είναι και η σιωπή των πολυάριθμων υπουργών της σημερινής κυβέρνησης, οι οποίοι ουδέν έχουν πράξει για να συνδράμουν την Δικαιοσύνη ώστε να διερευνήσει τι συνέβη με την παγίδευση ή απόπειρα παγίδευσης των τηλεφώνων τους και αν αυτή προήλθε από το εσωτερικό ή το εξωτερικό.
Όλα τα παραπάνω σχηματίζουν μία εικόνα βαθιάς θεσμικής παρακμής, που δεν αξίζει στην Ελλάδα και στον ελληνικό λαό.
Τα τελευταία επτά χρόνια, με ευθύνη της κυβέρνησης της Νέας Δημοκρατίας, διαμορφώνεται ένα επαναλαμβανόμενο μοτίβο σοβαρής θεσμικής υποχώρησης, το οποίο χαρακτηρίζεται από υποθέσεις που πλήττουν τη θεσμική τάξη, παραβιάσεις του Συντάγματος και του Κανονισμού της Βουλής, απόπειρες περιορισμού της διαφάνειας και λογοδοσίας και επιθέσεις σε Ανεξάρτητες Αρχές και ευρωπαϊκούς θεσμούς, όπως η Ευρωπαϊκή Εισαγγελία. Ενδεικτικά:
1) Συνεχείς περιπτώσεις παραβίασης ή καταστρατήγησης του Συντάγματος, με χαρακτηριστικό παράδειγμα το άρθρο 86 του Συντάγματος για την ποινική ευθύνη των Υπουργών. Παραβιάσεις και μεθοδεύσεις με στόχο τη συγκάλυψη των κυβερνητικών ευθυνών τόσο στο πλαίσιο του εγκληματικού δυστυχήματος των Τεμπών όσο και, πιο πρόσφατα, στο σκάνδαλο του ΟΠΕΚΕΠΕ, με αποκορύφωμα την πρωτοφανή μεθόδευση της κατάχρησης της επιστολικής ψήφου των βουλευτών για τον έλεγχο της ψηφοφορίας για τη διερεύνηση ποινικών ευθυνών των κ.κ. Βορίδη και Αυγενάκη.
2) Συνεχείς παραβιάσεις του Κανονισμού της Βουλής, με την εισαγωγή πλήθους άσχετων τροπολογιών της τελευταίας στιγμής, δίχως να προηγηθεί οποιαδήποτε δημόσια διαβούλευση, συζήτηση στις αρμόδιες κοινοβουλευτικές επιτροπές ή ακρόαση φορέων και με παραβίαση των διατάξεων που αφορούν στην επιστολική ψήφο και τη μυστικότητα της ψήφου.
3) Ανεπίτρεπτες παρεμβάσεις στη λειτουργία και το έργο Ανεξάρτητων Αρχών: Καθ’ όλη τη διάρκεια της διακυβέρνησης της Νέας Δημοκρατίας, γίναμε μάρτυρες μιας συντονισμένης επίθεσης στις ανεξάρτητες αρχές και στον ρόλο τους όποτε η άσκηση των ελεγκτικών τους αρμοδιοτήτων μπορούσε να απειλήσει την παντοδυναμία της Κυβέρνησης και να τη φέρει προ των ευθυνών της. Η υποστελέχωση κρίσιμων αρχών, όπως η Επιτροπή Ανταγωνισμού, οι αλλαγές στη σύνθεσή τους χωρίς την απαιτούμενη συνταγματική πλειοψηφία, όπως στην περίπτωση της Αρχής Διασφάλισης Απορρήτου Επικοινωνιών, καθώς και οι επανειλημμένες επιχειρήσεις στοχοποίησης μελών τους δημιουργούν εύλογα ερωτήματα ως προς τον σεβασμό της συνταγματικά ή νομοθετικά κατοχυρωμένης ανεξαρτησίας τους.
4) «Επιτελικές» αποτυχίες του Επιτελικού Κράτους: Οι πολυδιαφηµισµένες νοµοθετικές πρωτοβουλίες, όπως το επιτελικό κράτος και το νέο σύστηµα επιλογής των διοικήσεων δηµοσίων φορέων, οδήγησαν στην πρωτοφανή συγκέντρωση εξουσιών στο Μέγαρο Μαξίμου και στην ουσιαστική κομματικοποίηση της ανώτερης δημόσιας διοίκησης. Το σύστημα επιλογής διοικήσεων δημοσίων φορέων κατέστησε τη στελέχωση κρίσιμων θέσεων αντικείμενο στενού κυβερνητικού ελέγχου, αναιρώντας την αξιοκρατία και υπονομεύοντας τη διαφάνεια στη διαχείριση των δημόσιων πόρων.
Τα ανωτέρω δεν συνιστούν μεμονωμένα περιστατικά, αλλά εκφάνσεις μιας ευρύτερης θεσμικής διολίσθησης και μιας νοοτροπίας που βλέπει το κράτος ως λάφυρο. Η εικόνα αυτή αποτυπώνεται και στους διεθνείς δείκτες: σύμφωνα με τον Δείκτη Κράτους Δικαίου 2025 του World Justice Project, η Ελλάδα κατατάσσεται στην 48η θέση μεταξύ 143 χωρών, υποχωρώντας σε σχέση με το προηγούμενο έτος, ενώ βρίσκεται στην 29ηθέση από τις συνολικά 31 χώρες της Ευρώπης, της Ευρωπαϊκής Ζώνης Ελεύθερων Συναλλαγών (EFTA) και της Βόρειας Αμερικής, ξεπερνώντας μόνο τη Βουλγαρία και την Ουγγαρία.
Η Μεταπολίτευση οικοδόμησε ένα πλαίσιο δημοκρατικής σταθερότητας που άντεξε ακόμη και στις σφοδρότερες οικονομικές και κοινωνικές δοκιμασίες. Σήμερα, όμως, αντί να ενισχύεται, αποδυναμώνεται. Η λογοδοσία περιορίζεται, η θεσμική ισορροπία διαταράσσεται και η διαφάνεια υποχωρεί. Η αυξανόμενη δυσπιστία των πολιτών απέναντι στους θεσμούς δεν είναι συγκυριακή αλλά αποτέλεσμα συγκεκριμένων πολιτικών επιλογών της Κυβέρνησης. Σύμφωνα με το Ευρωβαρόμετρο (τέλη 2024), μόλις το 32% των πολιτών δηλώνει εμπιστοσύνη στην προστασία του κράτους δικαίου, επίδοση που κατατάσσει την Ελλάδα στην τελευταία θέση στην Ευρωπαϊκή Ένωση. Η χώρα δεν αντέχει έναν νέο κύκλο απαξίωσης των θεσμών και διάρρηξης της εμπιστοσύνης των πολιτών στη Δημοκρατία.
Το ΠΑΣΟΚ έχει διαχρονικά ταυτιστεί με τη θεσμική θωράκιση της Δημοκρατίας. Οι Ανεξάρτητες Αρχές, το ΑΣΕΠ, η Διαύγεια, η Ανοιχτή Διακυβέρνηση και η αιρετή Αυτοδιοίκηση αποτελούν συγκεκριμένες θεσμικές τομές που ενίσχυσαν τη διαφάνεια, τη λογοδοσία και τον έλεγχο της εξουσίας.
Για τους λόγους αυτούς, ζητώ, σύμφωνα με το άρθρο 143 ΚτΒ, να διενεργηθεί άμεσα προ ημερησίας διατάξεως συζήτηση στην Ολομέλεια της Βουλής για την κατάσταση του Κράτους Δικαίου, των Θεσμών και της λειτουργίας του Κοινοβουλίου στην Ελλάδα.
Με εκτίμηση,
Πρόεδρος Κ.Ο. ΠΑΣΟΚ-Κίνημα Αλλαγής
Νικόλαος Ανδρουλάκης
Σε δήλωσή του, ο Εκπρόσωπος Τύπου του ΠΑΣΟΚ-Κινήματος Αλλαγής, Κώστας Τσουκαλάς, κατηγορεί ευθέως τον Πρωθυπουργό Κυριάκο Μητσοτάκη ότι «παραβιάζει τον Κανονισμό της Βουλής και το άρθρο 143», καθώς –όπως υποστηρίζει– αρνείται τη διεξαγωγή της συζήτησης εντός της προβλεπόμενης προθεσμίας, η οποία λήγει στις 4 Απριλίου.
Από έναν Πρωθυπουργό που έστησε με την αυλή του έναν παρακρατικό μηχανισμό, θέτοντας σε κίνδυνο την εθνική ασφάλεια και καταπατώντας κάθε αρχή κράτους δικαίου, δεν περιμέναμε τίποτα λιγότερο.
Βουτηγμένος στη διαφθορά και αμετανόητος, ο κ. Μητσοτάκης παραβιάζει τον Κανονισμό της Βουλής και το άρθρο 143, αρνείται τη διεξαγωγή της προ ημερησίας διατάξεως συζήτησης για τους θεσμούς και το κράτος δικαίου, εντός της προθεσμίας που ρητά ορίζεται και η οποία εκπνέει στις 4 Απριλίου.
Αντιθέτως, προ ολίγου ενημέρωσε τον Πρόεδρο της Βουλής ότι η συζήτηση θα γίνει μετά το Πάσχα.
Έντρομος μπροστά στη δημόσια λογοδοσία, πανικόβλητος από τις ευθείες απειλές του Ταλ Ντίλιαν, ο «Νίξον» του Μαξίμου δραπετεύει. Αν νομίζει ότι θα βρει καταφύγιο στη … λήθη ελέω Πάσχα, είναι γελασμένος.
Το ΠΑΣΟΚ και ο Πρόεδρος του δεν θα δεχτούν την παραβίαση του Κανονισμού. Ο κ. Κακλαμάνης είναι βαρύτατα εκτεθειμένος για αυτές τις πρωτοφανείς μεθοδεύσεις.
Η Βουλή και ο Κανονισμός της δεν θα γίνουν κουρελόχαρτο στα χέρια του κ. Μητσοτάκη και της κυβέρνησης του.",2026,3,31,15
2026-03-30 14:03:00,"«Μάλλον κάτι πολύ καλό έγινε στο συνέδριο τουΠΑΣΟΚ. Δεν εξηγούνται αλλιώς οι λεκτικές πιρουέτες του κ.Μαρινάκηκαι το άγχος που τον διακατείχε στη σημερινή ενημέρωση των πολιτικών συντακτών. Το διακύβευμα των επόμενων εκλογών, κ. Μαρινάκη, θα είναι ένα και σαφές» τονίζει σε ανακοίνωσή του του ΠΑΣΟΚ συνεχίζοντας ως εξής:
Ή παραμένει η κυβέρνηση της Νέας Δημοκρατίας:
-που επί των ημερών της οι πολίτες έφτασαν να έχουν την τελευταία στην Ευρώπη αγοραστική δύναμη,
-που μετά το τέλος του Ταμείου Ανάκαμψης η οικονομία θα μπει στην κατάψυξη,
-που «διέπρεψε» στην παραγωγή διαφθοράς, σκανδάλων και παρακρατικών πρακτικών
ή θα γίνει πράξη η πολιτική αλλαγή που φέρνει ένα άλλο ήθος διακυβέρνησης και ένα νέο σχέδιο για τη χώρα με ψήφο στο ΠΑΣΟΚ.
«Οι, δε, διαβεβαιώσεις του Κυβερνητικού Εκπροσώπου ότι η Νέα Δημοκρατία, που βλέπει την αυτοδυναμία με το κιάλι, δεν συνεργάζεται με την ακροδεξιά, προκαλούν θυμηδία. Με ένα μέρος της ακροδεξιάς κάθεστε στα ίδια υπουργικά έδρανα, ενώ στις δύσκολες στιγμές της κυβέρνησης σας προσφέρει σωσίβιο και το υπόλοιπο μέρος της ακροδεξιάς. Χαρακτηριστικό παράδειγμα η συνεργασία μας με τον Βελόπουλο για να αλλάξει η σύνθεση της ΑΔΑΕ εν μέσω του σκανδάλου των υποκλοπών καθώς και οι πανηγυρισμοί της Νέας Δημοκρατίας όταν υπερψήφισαν τον προϋπολογισμό τα «ορφανά» της Χρυσής Αυγής. Θυμόμαστε τις διθυραμβικές κυβερνητικές διαρροές!» υπογραμμίζεται.
«Και κάτι τελευταίο:Τι φοβάται το Μέγαρο Μαξίμου και δεν διαψεύδει τον ιδιοκτήτη της Intellexa, που εμπλέκει την κυβέρνηση με τοpredator;Πώς ανέχεται ο κ. Μητσοτάκης να τον υπονοεί ως “Νίξον” ο κ. Ντίλιαν;Τα υπόλοιπα, την Παρασκευή στη Βουλή» καταλήγει η ανακοίνωση.",2026,3,30,14
2026-03-29 11:24:00,"Αρχικά ο κ. Γεωργιάδης εξέφρασε τα συλλυπητήριά του για τηναπώλεια της σπουδαίας ερμηνεύτριας Μαρινέλλας.
«Πριν οτιδήποτε άλλο θέλω να πω δημοσίως συλλυπητήρια στην οικογένεια της Μαρινέλλας. Δεν υπάρχει Έλληνας και Ελληνίδα να μην πενθεί. Από χθες έδωσε μεγάλη μάχη, πολύ μεγάλο διάστημα μετά από το εγκεφαλικό, με πολύ μεγάλη αξιοπρέπεια και αυτή και όλη της η οικογένεια. Και θέλω να τους πω πραγματικά συλλυπητήρια», είπε.
Αναφορικά με τον πόλεμο στηνΜέση Ανατολήκαι τον αντίκτυπο στην ελληνική οικονομία ανέφερε: «Εδώ έχουμε μπει σε ένα σημείο που λέγεται αχαρτογράφητα νερά. Κανείς πραγματικά στον πλανήτη Γη δεν ξέρει τίποτα να συμβεί. Διάβαζα χθες μια μελέτη από την JP Morgan που είχε δύο σενάρια. Το ένα με ειρήνη, στο οποίο πάμε σε πετρέλαιο 40 δολάρια και παγκόσμια ανάπτυξη. Το άλλο με συνέχεια του πολέμου με πετρέλαιο στα 150 δολάρια και παγκόσμια ύφεση. Για την Ελλάδα τώρα πρέπει οι κινήσεις μας να είναι προσεκτικές. Άρα και μέτρα πρέπει να παίρνουμε, αλλά και πρέπει να κρατάμε δυνάμεις, γιατί δεν ξέρουμε τι θα χρειαστούμε στην επόμενη στροφή. Νομίζω η κυβέρνηση προσπαθεί να κάνει μια ισορροπία σε μια πραγματικά πολύ περίεργη στιγμή για την ανθρωπότητα».
Για το ΕΣΥ και τον προγραμματισμό του υπουργείου για τα νησιά: «όσον αφορά στην στελέχωση από γιατρούς στα κέντρα υγείας και στα περιφερειακά ιατρεία των νησιών: μεταξύ του 24 και του 25, επειδή έβγαλα την ΚΥΑ με τα άγονα και δώσαμε τα 600 ευρώ το μήνα σε επτά ειδικότητες για τις άγονες περιοχές, είχαμε πολύ μεγάλη πρόοδο. Έμενε όμως ένας σκληρός πυρήνας, που δεν είχε καλυφθεί ποτέ την τελευταία 15ετία. Φέτος έχουμε ένα επιπλέον εργαλείο. Τη δωρεά του Στέλιου Χατζηιωάννου, με τα 1500 ευρώ καθαρά το μήνα για κάθε γιατρό, όπου η πρόσκληση θα γίνει τώρα αρχές Απριλίου, θα έχει και αυτά τα 1500 ευρώ μέσα. Άρα πιστεύω ότι με τα 600 ευρώ που δίνουμε εμείς συν 1500 ευρώ από τη δωρεά Χατζηιωάννου, συν τα σπίτια που δίνουν οι περισσότεροι Δήμοι, ένας γιατρός θα πάει σε ένα μικρό νησί, θα έχει περίπου 3.000 όφελος τον μήνα. Επίσης, έχουμε πια ωριμάσει έργα με κατοικίες γιατρών σε διάφορα νησιά, όπως παραδείγματος χάρη στα Ψαρρά. Έχουμε χτίσει σπίτια στη Σάμο. Χτίζουμε σπίτια στη Σαντορίνη. Στη Μύκονο εγκαινιάσαμε πέρυσι και κάλυψαν γρήγορα τα μέσα. Στη Σαντορίνη δεν μπορούσαν με τίποτα οι γιατροί μας να βρουν κατοικίες και αυτό ανέβαζε πολύ και τον κόστος και αποθάρρυναν να πάνε. Δεχτήκαμε μια σημαντική δωρεά από ένα σημαντικό δωρητή τον κ. Ρούσσο εκεί και προχωρήσαμε στην οικοδόμηση σπιτιών. Θα είναι έτοιμα του χρόνου».
Για την ανακοίνωση της ΕΙΝΑΠ που λέει ότι υπάρχει μια σοβαρή επιδείνωση της κατάστασης στα δημόσια νοσοκομεία της Αττικής λόγω του συστήματος των εφημεριών: «Αυτή είναι μια σημαντική διαφωνία που έχουμε με την ΕΙΝΑΠ από πέρυσι. Πράγματι, πέρυσι αλλάξαμε τον τρόπο της συνεφημέρευσης στο νοσοκομείο και βάλαμε πολλά νοσοκομεία στη λεγόμενη πρωινή εφημερία. Αύξησαν δηλαδή τις ώρες της εφημερίας. Με ποιο σκοπό; Να έχουν περισσότερο διαθέσιμο χρόνο οι ασθενείς να πάνε σε ένα νοσοκομείο και άρα να σπάει ο κόσμος κατά τη διάρκεια της μέρας σε μεγαλύτερο χρονικό διάστημα. Το νέο σύστημα συνεφημέρευσης οδήγησε σε μείωση μέση μείωση της αναμονής περίπου 17%. Δεν είναι μικρή η μείωση αυτή. Προφανώς στην εφαρμογή του έχει κάποια προβλήματα και πράγματι και εγώ επανεξετάζω ορισμένα σημεία αυτής της συνεφημέρευσης για το πως θα το κάνουμε λίγο πιο λειτουργικό. Ενδεχομένως μετά το Πάσχα να έχουμε κάποιες αποφάσεις για αυτό».
Για τα επεισόδια στο Γενικό Κρατικό Νίκαιας και για την ανάρτησή του στην οποία αναφέρεται στην «συμμορία της μιζέριας» ο κ. Γεωργιάδης είπε: «Ανέβασα σε κάρτα που αναφέρει το ποσοστό συμμετοχής στην απεργία που κήρυξε η ΟΕΓΕ και η ΕΙΝΑΠ στη Νίκαια. Στους 526 γιατρούς έκαναν απεργία οι 6. Στα κανάλια από τη Νίκαια έβγαιναν και με βρίζανε περισσότεροι από 6. Γίνεται το επεισόδιο που είδατε αυτός ο χαμός εκεί, το ξύλο, τα φτυσίματα και τα υπόλοιπα. Βγήκε ο εν λόγω γιατρός και είπε “κάναμε μια φιλειρηνική διαδήλωση”. Αυτό που είδαμε λέγεται φιλειρηνική διαδήλωση; Η «συμμορία της μιζέριας» δεν είναι οι γιατροί και οι νοσηλευτές. Είναι το 1,6 των γιατρών και των νοσηλευτών. Άλλο πράγμα είναι να αντιδράσεις γιατί έχεις κάποια αιτήματα που πολύ λογικό είναι και να αντιδράς και να τα θέσεις και να τα θέσεις και δυναμικά. Άλλο πράγμα να κάνεις επεισόδια. Άλλο πράγμα να μην αναγνωρίζεις καμία πρόοδο, σε οτιδήποτε και να συμβαίνει. Στη Νίκαια κάνουμε έργα 30 εκ. ευρώ».
«Ήρθε το Ταμείο Ανάκαμψης, μας έδωσε μια τεράστια ευκαιρία να αλλάξουμε τις υποδομές μας. Από το εν δυνάμει στο ενεργεία το διάλειμμα μεταξύ των δύο είναι η δουλειά που κάναμε εμείς. Και καταφέραμε ως υπουργείο Υγείας να έχουμε τη μεγαλύτερη απορρόφηση πόρων από Ταμεία Ανάκαμψης από όλα τα υπουργεία της ελληνικής δημοκρατίας. Πιστεύω ότι ο Παύλος Πολάκης είναι πια ντεμοντέ, για να απαντάω γι αυτόν. Ο κύριος Τσίπρας αποφάσισε να κάνει κόμμα. Η γνώμη μου γι’ αυτό είναι η εξής: Ας το κάνει, έχει αρχίσει να κουράζει, όσο το αργεί γίνεται λίγο σούπα», συνέχισε.
Για τιςυποκλοπέςκαι τις νέες δηλώσεις τουΤαλ Ντίλιαν, επικεφαλής της Intellexaμίλησε στην συνέχεια ο Άδωνις Γεωργιάδης.
«Ένας καταδικασθείς βγαίνει και λέει ότι νομίζει την υπερασπιστική του γραμμή. Τώρα φαντάζεστε η κυβέρνηση όποτε κάποιος καταδικασθείς λέει κάτι, βγαίνει και του κάνει μήνυση; Εγώ στο θέμα των παρακολουθήσεων έχω πει την άποψή μου. Όχι τώρα. Τον Αύγουστο του 22. Αν με ρωτήσετε ποιο θεωρώ λάθος κυβερνητικό χειρισμό στην υπόθεση είναι ότι «παρασηκώσαμε» το θέμα και το «παραδραματοποιήσαμε». Είναι κάτι πάρα πολύ σύνηθες στον δυτικό κόσμο. Εγώ προσωπικά δεν έχω κανένα πρόβλημα που με παρακολουθούσαν. Δεν συνηθίζω να κάνω παράνομες πράξεις. Δεν βλέπω να έχουν βγει κάτι σπουδαίο. Εμπιστεύομαι την ελληνική δικαιοσύνη. Ας αφήσουμε την ελληνική δικαιοσύνη να ολοκληρώσει την έρευνά της. Και εδώ είμαστε. Η ιστορία με την Cricel και όλα αυτά τα συστήματα, η πρώτη κυβέρνηση που αντιμετώπισαν του ΣΥΡΙΖΑ και θυμάμαι τα δημοσιεύματα όπου στην εταιρεία Cricel είχε πιάσει δουλειά και ο γιος του τότε υπουργού Δημοσίας Τάξης, του κυρίου Τόσκα. Αυτή η εταιρεία που καταδικάστηκε στο δικαστήριο, το λέω γιατί να παρουσιαζόμαστε τώρα στην Ελλάδα ότι έπεσαν από τα σύννεφα και είναι όλες μωρές παρθένες. Και ξαφνικά εμφανίστηκε ο Μητσοτάκης ο διεφθαρμένος… λίγο ψυχραιμία».
Για το πρόγραμμα «Προλαμβάνω»: «Από όλα όσα έχω κάνει σε όλες μου τις υπουργικές θητείες, τίποτα δεν είναι τόσο σημαντικό όσο το «Προλαμβάνω». Γιατί με την κυρία Ειρήνη Αγαπηδάκη σχεδιάσαμε ένα πρόγραμμα το οποίο πάει πια πάρα πολύ καλά. Έχουν κάνει χρήση του Προλαμβάνω ήδη 5,7 εκατομμύρια συμπολίτες μας. Έχουμε καταγράψει όλους αυτούς τους ανθρώπους για μια σειρά νοσημάτων, από καρκίνο του μαστού, του τραχήλου της μήτρας, του καρκίνου του παχέος εντέρου, καρδιαγγειακά νοσήματα και τώρα κάνουμε το μεγάλο screening για τη νεφρική δυσλειτουργία. Όσοι έχετε το My Health App μπορείτε να κλείσετε απευθείας ραντεβού από εδώ αυτόματα για να πάτε να κάνετε τις προληπτικές σας εξετάσεις. Όταν πας σε ένα διαγνωστικό κέντρο, είτε δημόσιο είτε ιδιωτικό, μόλις κάνεις την εξέταση, αυτομάτως αυτό ανεβαίνει εδώ στον Εθνικό Εργατικό Φάκελο Υγείας. Άρα το Υπουργείο Υγείας μπορεί με αλγορίθμους να κάνει να σε επιλέξει για μελλοντικά προγράμματα, να έρθουν μετά από ένα, δύο, τρία χρόνια να σου ξαναστείλει με δωρεάν εξέταση».
Για το αλκοόλ και τα καπνικά για ανήλικους: «Εμείς έχουμε φτιάξει ένα σύστημα που επιτρέπει πια στην αστυνομία που θα κάνει τον έλεγχο σε αυτόν που θα κάνει τον έλεγχο να μην μπορεί να πει «δεν κατάλαβα». Είπαμε θέλουμε να γίνεται πάντα έλεγχος ταυτότητας του ανηλίκου. Όμως ετέθη ένα ζήτημα: Φτιάξαμε ένα σήμα στο οποίο μπορεί να κάνει την ταυτοποίηση της ανηλικότητας ο πωλητής χωρίς να έχει πρόσβαση στα προσωπικά δεδομένα του ανηλίκου. Του δίνει το κινητό και σκανάρει και ανώνυμα το κινητό του λέει είναι ανήλικος, είναι ενήλικας. Μάλιστα, χωρίς να ξέρει το ονοματεπώνυμό του, τη διεύθυνσή του, πού μένει, το τηλέφωνό του».
Για τις εκλογές: «Δεν έχω αρμοδιότητα επί των εκλογών. Γενικά πιστεύω στις σταθερές τετραετίες και δεν πιστεύω στους εκλογικούς αιφνιδιασμούς καθόλου. Υπό την έννοια αυτή νομίζω το σωστό για την Ελλάδα είναι να πάμε όπως έχουμε πει την άνοιξη του 27».",2026,3,29,11
2026-03-28 21:52:00,"Ηπολιτική αντιπαράθεσηγια τοσκάνδαλο των υποκλοπώνβρίσκεται στο «κόκκινο», μετά τη συνέντευξη του Ταλ Ντίλιαν στο MEGA STORIES.
Ο ιδιοκτήτης της Intellexa – της εταιρείας που έφερε το παράνομο λογισμικό Predator στην Ελλάδα – δήλωσε ότι αρνείται να γίνει «αποδιοπομπαίος τράγος», αφήνοντας αιχμές για κυβερνητικές ευθύνες, έχει προκαλέσει πολιτικό σεισμό. Το Μέγαρο Μαξίμου παραπέμπει τη συζήτηση στη Δικαιοσύνη, ενώ η αντιπολίτευση ανεβάζει τους τόνους, κάνοντας λόγο για παρακράτος.
Η πρόσφατη απόφαση του Μονομελούς Πλημμελειοδικείου της Αθήνας φαίνεται να άνοιξε τον ασκό του Αιόλου, με το Μέγαρο Μαξίμου να επισημαίνει ότι «οι δίκες γίνονται στις δικαστικές αίθουσες». Η αντιπαράθεση αποκτά πλέον και θεσμικές διαστάσεις. «Το απόστημα έσπασε», δήλωσε χαρακτηριστικά ο Νίκος Ανδρουλάκης, εξαπολύοντας προσωπική επίθεση κατά του πρωθυπουργού.
Τα κόμματα της αντιπολίτευσης «σφυροκοπούν» την κυβέρνηση, ζητώντας πλήρη διαλεύκανση της υπόθεσης. «Μου είναι αδιανόητο να χαρακτηρίζεται ως “τοξικό” το θέμα των υποκλοπών. Ξαφνικά τέσσερις ιδιώτες αποφάσισαν να παρακολουθήσουν ανώτατους δικαστικούς, στρατιωτικούς, υπουργούς, είναι δυνατόν;», ανέφερε στο MEGA ο βουλευτής του ΣΥΡΙΖΑ, Βασίλης Κόκκαλης, θέτοντας ζήτημα θεσμικής αξιοπιστίας.
«Είναι επιτακτική η άμεση κλήση του Ταλ Ντίλιαν από την Εισαγγελία Πρωτοδικών», υπογράμμισε στα «Νέα Σαββατοκύριακο»ο Ευάγγελος Βενιζέλος, ο οποίος σχολίασε και το περιεχόμενο των δηλώσεων του επιχειρηματία. «Το ότι το σύστημα εγκαταστάθηκε και λειτούργησε είναι πλήρως τεκμηριωμένο. Το ζήτημα που θέτουν οι δηλώσεις του κ. Ντίλιαν, είναι ο διαχωρισμός μεταξύ ιδιώτη αλλοδαπού προμηθευτή και εγχώριου κατόχου, που κατά τη δήλωση Ντίλιαν είναι κρατική υπηρεσία, καθώς μόνο τέτοια ήθελε ο κ. Ντίλιαν να έχει ως αντισυμβαλλόμενη, όπως ισχυρίζεται. Το πεδίο της εισαγγελικής έρευνας είναι πολύ συγκεκριμένο και απλό», σημείωσε ο Ευάγγελος Βενιζέλος.
Το θέμα των υποκλοπών φτάνει και στις Βρυξέλλες, καθώς η Κομισιόν θα το εξετάσει ύστερα από ερώτηση του ευρωβουλευτή του ΚΚΕ, Λευτέρη Αλαβάνου, σχετικά με τις ευθύνες της Ευρωπαϊκής Ένωσης.",2026,3,28,21
2026-03-28 11:02:00,"Σε περιβάλλον εξωγενών πιέσεων, τις οποίες δέχεται από τον συνεχιζόμενο πόλεμο στηΜέση Ανατολή,η κυβέρνηση πασχίζει να «εξαφανίσει», ή έστω να βγάλει από το πρώτο πλάνο, τους ανοιχτούς λογαριασμούς στο εσωτερικό σκηνικό. Μόνο που αυτοί δεν κλείνουν, αντίθετα απειλούν το κυβερνών κόμμα – ξανά – με απώλεια ελέγχου της δημόσιας ατζέντας. Σε υποθέσεις με δικαστικό υπόβαθρο αλλά και με έντονο πολιτικό αποτύπωμα, όπως είναι οιυποκλοπέςκαι οΟΠΕΚΕΠΕ, αναμένονται νέες εξελίξεις ή αυτές ήδη καταγράφονται (στην υπόθεση των τηλεφωνικών παρακολουθήσεων, π.χ), προκαλώντας αμηχανία στα γαλάζια στελέχη.
Στη ΝΔ ανησυχούν, όπως προκύπτει από τις κατ’ ιδίαν συζητήσεις τους, για τυχόν συσσώρευση αρνητικών εξελίξεων και ενδεχόμενη αναποτελεσματική διαχείριση τους από τα κεντρικά. Πρόκειται άλλωστε για μέτωπα που έχουν πλήξει την κυβερνητική εικόνα στο προηγούμενο διάστημα, ανοίγοντάς της (δημοσκοπικά) μικρά ή μεγαλύτερα τραύματα. Και, σήμερα, τα μέτωπα αυτά δείχνουν να διευρύνονται, αναγκάζοντας το Μέγαρο Μαξίμου να εφεύρει νέες γραμμές άμυνας για να ξεγλιστρήσει πολιτικά και επικοινωνιακά από τη στενωπό.
Στο Μαξίμου φαίνεται να επιλέγουν προς το παρόν την τακτική τηςυποτίμησης αλλά και επίθεσης στους πολιτικούς αντίπαλουςγια να μην δείξουν ότι σύρονται σε θέση άμυνας. Δεν είναι μόνο το γεγονός ότι ο Κυριάκος Μητσοτάκης ρίχνει συνεχώς το «χαρτί» της διεθνούς αστάθειας για να το συνδέσει με την ανάγκη εσωτερικής «συνοχής» και «σταθερότητας».
Κάνοντας ένα βήμα παραπέρα, επιχειρεί να αποδώσει στους αντιπάλους του δημιουργία κλίματος πολιτικών εντάσεων και «τοξικότητας». Μοιάζει με προσπάθεια να κρατήσει προκαταβολικά εκτός της πρώτης γραμμής την ουσία των όποιων εξελίξεων (και άρα τις απαντήσεις που ζητούνται πιεστικά), ρίχνοντάς τα στην αντιπολίτευση για το βαρύ κλίμα και προτάσσοντας τη μεγάλη εικόνα των θεμάτων οικονομίας και εξωτερικής πολιτικής.
Δείχνει πολλά για την τακτική της κυβέρνησης (και για τις αγωνίες της) η αποστροφή του πρωθυπουργού, κατά την τελευταία συνεδρίαση του υπουργικού συμβουλίου: «Είναι σημαντικό», είπε, «να έχουμε τη δύναμη να ξεχωρίζουμε τα μεγάλα και τα σοβαρά ενός κόσμου που αλλάζει, από τα μικρά και τα λιγότερο σημαντικά του κομματικού μας μικρόκοσμου». Εξίσου ενδεικτική η αποστροφή του κυβερνητικού εκπροσώπου Παύλου Μαρινάκη ότι στην αντιπολίτευση θέλουν «να μετατρέψουν τη χώρα σε ένα απέραντο δικαστήριο».
Από την άλλη πλευρά το Μαξίμουπροχωρά σε «μανούβρες». Διότι δεν μπορεί να μην δέχεται ότι είναι πράγματι σοβαρές υποθέσεις, όπως εκείνες των υποκλοπών και των αγροτικών επιδοτήσεων, οποίες άλλωστε εμφανίζονται στις δημοσκοπήσεις να απασχολούν, λίγο ή περισσότερο, τμήματα του εκλογικού σώματος. Εξού και εξακολουθεί να οχυρώνεται πίσω από τη γνωστή θέση της περί «διερεύνησης αποκλειστικά από τη δικαιοσύνη».
Στο πλαίσιο αυτό αναζητά τους ελιγμούς που θα μπορούσαν, όπως πιστεύει, να μειώσουν την πολιτική πίεση στο κυβερνητικό στρατόπεδο.
Μπορεί ο ίδιος ο πρωθυπουργός να προκαλούσε τον αρχηγό της αξιωματικής αντιπολίτευσηςΝίκο Ανδρουλάκηνα καταθέσει αίτημα για συζήτηση στη Βουλή για το κράτος δικαίου, ωστόσο ο προγραμματισμός της ημερομηνίας είναι ακόμα στον αέρα, αρκετό διάστημα αφότου ο πρόεδρος του ΠΑΣΟΚ κατέθεσε το αίτημα, κάνοντας λόγο για εικόνα βαθιάς θεσμικής παρακμής.
Οι πληροφορίες αναφέρουν ως επικρατέστερη μέρα την Παρασκευή, 3 Απριλίου, αλλά επισήμως δεν έχει «κλειδώσει» ότι η πραγματοποίηση της σύγκρουσης κορυφής θα γίνει πριν από το Πάσχα. Ενδέχεται άρα η κυβέρνηση, ανάλογα με το πώς θα ζυγίσει τη συγκυρία, να επιλέξει να κλωτσήσει το τενεκεδάκι παρακάτω.
Σημειωτέον ότι η 3η Απριλίου θα ήταν η τελευταία μέρα λειτουργίας της Βουλής πριν από την ανάπαυλα για το Πάσχα, όμως τελικά θα μείνει ανοιχτή για λίγο ακόμα. Συγκεκριμένα, μέχρι τη Μεγάλη Δευτέρα, 6 Απριλίου, καθώς προγραμματίζεται να προωθηθεί νομοσχέδιο. Την ίδια στιγμή υπάρχουν αντικρουόμενες πληροφορίες ως προς τις εξελίξεις στην υπόθεση του ΟΠΕΚΕΠΕ: φημολογία υπάρχει για έλευση δικογραφίας στις επόμενες μέρες, πριν από το Πάσχα και άλλες εκτιμήσεις μιλούν για το τέλος του Απριλίου.",2026,3,28,11
2026-03-27 07:47:00,"Αντίστροφα μετρά ο χρόνος για τημάχη κορυφής στηΒουλήγια το κράτος δικαίου στο φόντο της  εμφατικής επαναφοράς του σκανδάλου τωντηλεφωνικών παρακολουθήσεων. Αυτή πυροδοτεί την πολιτική αντιπαράθεση και μεγενθύνει ειδικά τις αποστάσεις ΝΔ – ΠΑΣΟΚ.
Επικρατέστερη μέρα για τη σύγκρουση σε επίπεδο πολιτικών αρχηγών παραμένειη επόμενη Παρασκευή, 3 Απριλίου, αλλά επισήμως ο προγραμματισμός θα ανακοινωθεί την ερχόμενη Δευτέρα, αν όχι και σήμερα. Θα είναι η πρώτη φορά, ύστερα από την ιστορική απόφαση του Μονομελούς Πλημμελειοδικείου της Αθήνας για την υπόθεση των υποκλοπών, που ο Κυριάκος Μητσοτάκης θα κληθεί να απαντήσει στα πιεστικά ερωτήματα των πολιτικών αντιπάλων του, πρωτίστως βέβαια του Νίκου Ανδρουλάκη, και στο αναμενόμενο πυρ ομαδόν με δεδομένες τις αποκαλυπτικές εξελίξεις.
Από τη στιγμή που καθαρογράφηκε η πρωτοβάθμια απόφαση (σε συνολικά 1.930 σελίδες) ανοίγει ο δρόμος για την έναρξη νέων κύκλου προκαταρκτικών ερευνών. Αυτό ζήτησε άλλωστε το δικαστήριο, με κορωνίδα την έρευνα για κατασκοπεία.
Σε κοινοβουλευτικό επίπεδο προδιαγράφεται – το λιγότερο – η κατάθεση πρότασης εκ μέρους τουΠΑΣΟΚ για σύσταση νέας εξεταστικής επιτροπής. Κι αυτό αναμένεται να γίνει μετά από τη συζήτηση σε επίπεδο πολιτικών αρχηγών. Στην κυβέρνηση δεν ανοίγουν χαρτιά, λέγοντας απλώς ότι θα περιμένουν να διαβάσουν την πρόταση, όμως είναι σαφής η αρνητική προδιάθεση.
Φαίνεται από την κατηγορία που επιχειρεί να προσδώσει το Μαξίμου στην αντιπολίτευση ότι θέλει «μετατροπή της χώρας σε ένα απέραντο δικαστήριο», σύμφωνα με την πιο πρόσφατη αποστροφή του κυβερνητικού εκπροσώπου Παύλου Μαρινάκη. Εφόσον η ΝΔ δεν δεχτεί την πρόταση, η αξιωματική αντιπολίτευση θα χρειαστεί τη θετική στάση των υπολοίπων κομμάτων και μερικών από τη δεξαμενή των ανεξάρτητων βουλευτών για τις αναγκαίες 120 ψήφους.
Προς το παρόν το Μαξίμουεμμένει μάλλον αμήχανα στη… μη απάντηση στην εξέλιξη που δρομολογεί η δικαστική απόφαση. Κοινώς, προσπερνά τα περί ανοίγματος του φακέλου για διευρεύνηση τυχόν νέων προσώπων και τυχόν νέων αδικημάτων. Αναφέρει μονότονα ότι η υπόθεση είναι στα χέρια της Δικαιοσύνης και εξακολουθεί να οχυρώνεται πίσω τη διάταξη του Αρείου Πάγου (του καλοκαιριού του 2024), μιλώντας συνεχώς για «δύο συμπεράσματα, το ένα είναι ότι δεν υπήρχε ευθύνη κρατικού λειτουργού και το άλλο είναι ότι τέσσερις ιδιώτες έπρεπε να δικαστούν».
Σε αυτή την αρχική κυβερνητική γραμμή περί «ιδιωτών» και διάταξης στο «ανώτατο επίπεδο» έχει πια προστεθεί η γραμμή απαξίωσης ενός εκ των πρωτόδικα καταδικασθέντων, του ισραηλινού επιχειρηματία Ταλ Ντίλιαν: ο ιδρυτής της Intellexa, ύστερα από την πρώτη, βαριά αναφορά του (στο Mega stories) ότι για το κακόβουλο λογισμικό Predator συμβαλλόμενες είναι μόνο «κυβερνήσεις και αρχές επιβολής του νόμου», επανήλθε (στο Mega και στο inside story) με ευθεία προειδοποιητική βολή ότι δεν θα γίνει «αποδιοπομπαίος τράγος» καθώς και με παραπομπές στο Γουότεργκεϊτ.
Από την κυβερνητική πλευρά καταγράφεται τα τελευταία 24ωρα συντονισμένη απόπειρα αποδόμησης στην κατεύθυνση ότι «κατηγορούμενος είναι, μπορεί να λέει ό,τι θέλει». Η επίσημη κυβερνητική φωνήχαρακτήρισε τον Ντίλιαν, χωρίς να τον κατονομάσει, ως ένα πρόσωπο που έχει τη θέση του κατηγορούμενου σε δεύτερο βαθμό. Και μιλώντας στο Mega (Live News) οΠαύλος Μαρινάκηςχρέωσε στην αντιπολίτευση και ιδίως στο ΠΑΣΟΚ ότι υιοθετεί «τους ισχυρισμούς ενός κατηγορούμενου που έχει κάθε δικαίωμα να λέει ό,τι θέλει και όταν έρθει η ώρα της δίκης έχουν αξία αυτά που θα πει ενώπιον του δικαστηρίου, ως θέσφατα».
Στην ίδια κατεύθυνση τοποθετήθηκε ο Δημήτρης Καιριδης που παρέπεμψε επίσης στην επικείμενη συζήτηση στη Βουλή αλλά και σε «εκθέσεις διεθνών οργανισμών υπέρ της κυβέρνησης και του έργου της» σε ό,τι αφορά το κράτος δικαίου, δείχνοντας ουσιαστικά μια από τις γραμμές άμυνας που θα προσπαθήσει να χαράξει η κυβέρνηση.
Αλλα και ο Μακάριος Λαζαρίδης είπε (Παραπολιτικά 90,1) ότι ο Ντίλιαν «έχει πάρα πολλά χρόνια στην πλάτη του πρωτόδικα (…) καταλαβαίνετε ότι μπορεί να λέει ότι θέλει».
Όσο κι αν στην κυβέρνηση θέλουν να δείχνουν ότι δεν οδηγούνται σε θέση απολογούμενου, η επιστροφή της υπόθεσης στο προσκήνιο προκαλεί προβληματισμό και οι εξελίξεις παρακολουθούνται με προσοχή. Εξάλλου και εντός της ΝΔ υπάρχουν στελέχη που παραδέχονται στις κατ’ ίδιαν συνομιλίες τους ότι το συγκεκριμένο μέτωπο είναι ανοιχτό, υπό την έννοια, όπως υπονοούν, ότι δεν μπορούν να προβλεφθούν η έκταση και το περιεχόμενο τυχόν περαιτέρω αποκαλύψεων.",2026,3,27,7
2026-03-26 19:39:00,"Ο κυβερνητικός εκπρόσωποςΠαύλος Μαρινάκηςμιλώντας στο Live News του Mega, αναφερόμενος στηναύξηση του κατώτατου μισθούανέφερε, μεταξύ άλλων, τα εξής: «Μέσα σε 6-7 δύσκολα χρόνια έχουμε καταφέρει να αυξήσουμε τον κατώτατο μισθό. Κάποιος με τον κατώτατο μισθό παίρνει 270 ευρώ παραπάνω το μήνα. Η χώρα κατατάσσεται 12η στις χώρες που έχουν κατώτατο μισθό και ευνοεί και τους δημοσίους υπαλλήλους, αλλά και το επίδομα μητρότητας. Υπάρχει κόσμος που θα δει μία ακόμα βελτίωση στις απολαβές του. Σύμφωνα με τα επίσημα στοιχεία, το τι συμβαίνει σε κάθε κράτος ως προς την τσέπη των πολιτών το αποτυπώνει ο δείκτης ατομικής κατανάλωσης. Εκεί η Ελλάδα είναι στο 81% του ευρωπαϊκού μέσου όρου, πάνω από 5 κράτη».
Πρόσθεσε πως το πρώτο πολιτικό συμπέρασμα είναι ότι δεν είναι δυνατόν να μηδενίζουμε, καθώς η κυβέρνηση έχει δημιουργήσει 570.000 νέες δουλειές. Σημείωσε ότι εκείνοι που νοικιάζουν ή είναι στα χαμηλά εισοδήματα, περνάνε πιο δύσκολα. «570.000 εξ αυτών βρήκαν δουλειά αυτά τα χρόνια. Το να ισοπεδώνουμε δεν βοηθάει σε κάτι. Το δεύτερο πολιτικό συμπέρασμα αναγνωρίζοντας ότι πρέπει να κάνουμε περισσότερα, είναι ότι η αντιπολίτευση πράττει την εξής αντίφαση. Καταγγέλλει τα έσοδα που προκύπτουν από μειώσεις φόρων και ταυτόχρονα ζητάει παραπάνω. Πώς μας καταγγέλλουν που δημιουργούμε συνθήκες για παραπάνω έσοδα και ταυτόχρονα να ζητάνε παραπάνω;» πρόσθεσε.
Ο κ. Μαρινάκης είπε, επίσης, ότι την Ελλάδα την βρίσκει ακόμα μία παγκόσμια κρίση σε καλύτερη κατάσταση από ότι ήταν τα προηγούμενα χρόνια. «Αυτή τη στιγμή δεν υπάρχει τέτοιο σενάριο που δουλεύουμε ως κράτος», ανέφερε για το ενδεχόμενο έλλειψης αποθεμάτων στα καύσιμα. «Μακάρι οι όποιες κινήσεις να οδηγήσουν σε αποκλιμάκωση. Η Ελλάδα σέβεται το διεθνές δίκαιο και πιστεύει ότι αυτή είναι η σωστή οδός», συμπλήρωσε.
Για τιςυποκλοπέςκαι τηνέα δήλωση του κ. Ντίλιανο κ. Μαρινάκης σημείωσε: «Ο συγκεκριμένος κύριος είναι καταδικασμένος σε πρώτο βαθμό και έχει τη θέση του κατηγορούμενου στην κατ’ έφεση δίκη στο β’ βαθμό. Έχει τους ισχυρισμούς που έχει. Αυτή τη στιγμή αυτοί οι ισχυρισμοί δεν έχουν διατυπωθεί ενώπιον δικαστηρίων. Το δικαστήριο δεν θα το κάνουμε εδώ, ούτε στη βουλή ή σε τηλεοπτικό παράθυρο. Η δικαιοσύνη έχει πει ότι δεν υπάρχει ευθύνη κρατικού λειτουργού και παρέπεμψε τους 4 ιδιώτες, οι οποίοι καταδικάστηκαν. Βλέπω προσπάθειες της αντιπολίτευσης να υιοθετήσουν τις θέσεις ενός κατηγορούμενου ως θέσφατο και να μετατρέψει τη χώρα σε απέραντο δικαστήριο. Οι δίκες δεν γίνονται οπουδήποτε αλλού πέραν της δικαιοσύνης. Δεν υπάρχει κάτι που να ερευνά η δικαιοσύνη και να μην είναι σοβαρό. Η υπόθεση αυτή τοποθετείται τέσσερα χρόνια πριν. Ότι υπήρξε ξεκάθαρη αστοχία και αναγνωρίστηκε από τον πρωθυπουργό και προβήκαμε σε αυστηρότερο νομοθετικό πλαίσιο. Η ίδια η Ευρώπη , η Κομισιόν το αναγνωρίζει. Το να μετατρέπουμε μια σοβαρή συζήτηση σε μια συνολική καταδίκη της χώρας σε ζητήματα ασφαλείας, μην παίζουμε στα ζάρια θέματα εθνικής ασφαλείας».
Ερωτηθείς αν υπάρχει περίπτωση να αλλάξουν νόμοι για καταδικασμένους σε υποθέσεις υποκλοπών δήλωσε πως «δεν υπάρχει τέτοιο θέμα» και πως «αυτά κυκλοφορούν για να δημιουργήσουν εντυπώσεις».
Συμπλήρωσε ότι «δεν μπορούν την προγραμματική πολιτική αντιπαράθεση», αναφερόμενος στην αντιπολίτευση. «Η αντιπολίτευση δεν έχει ένα πρόγραμμα στο χαρτί, τότε το γυρίζει στα δικαστικά, δεν τα υποτιμώ, αλλά δεν είναι δουλειά κανενός κόμματος να αναλάβει χρέη δικαστή ή εισαγγελέα», πρόσθεσε.
Για τηνυπόθεση των Τεμπώνανέφερε πως «δεν μπορούμε να μπούμε στο μυαλό των ανθρώπων που θα ζήσουν ξανά αυτή την τραγωδία». Ο κυβερνητικός εκπρόσωπος είπε πως μιλάμε για μία εκ των δύο μεγαλύτερων αιθουσών και δεν είναι θέμα μεγέθους αιθούσης. «Πρέπει να γίνουν κάποιες προσαρμογές. Δεν υπήρξε πρόβλεψη να προηγηθούν οι κατηγορούμενοι, οι συνήγοροι και στη συνέχεια οι συγγενείς. Να γίνει καλύτερη οργάνωση. Θεωρώ ότι θα υπάρξει. Ας αφήσουμε τη δικαιοσύνη να δώσει απαντήσεις. Οι δίκες αυτές θέλουν νηφαλιότητα, ψυχραιμία για να δοθούν απαντήσεις», υπογράμμισε.",2026,3,26,19
2026-03-26 10:09:00,"ΟΧάρης Δούκαςαρχικά αναφέρθηκε στις εσωκομματικές διεργασίες τουΠΑΣΟΚενόψει του συνεδρίου του κόμματος, ενώ στη συνέχεια ξεκαθάρισε ότι δεν θα υπάρξει καμία συγκυβέρνηση με τηΝέα Δημοκρατία, τονίζοντας ότι αυτό αποτελεί ταυτοτικό ζήτημα για το ΠΑΣΟΚ και όριο για τους ψηφοφόρους που δεν επιθυμούν την κυβέρνηση της Νέας Δημοκρατίας.
«Είναι νομίζω πάρα πολύ σημαντικό μετά την συγκυβέρνηση που είχε γίνει σε περίοδο μνημονίων, για να μπορέσει η χώρα να σταθεί στα πόδια της και η οποία μας πλήγωσε, να μπορέσουμε να πούμε στον κόσμο ότι εμείς δεν υπάρχει περίπτωση να συγκυβερνήσουμε, για να μπορέσει ακριβώς να δημιουργηθεί η πεποίθηση και να εδραιωθεί ότι όποιος δεν θέλει τη Νέα Δημοκρατία, εμείς είμαστε, όπως ήμασταν πάρα πολλά χρόνια ιστορικά, ο απέναντι πόλος».
«Λέμε προοδευτική διακυβέρνηση και μάλιστα καλέσαμε σε διάλογο τον κύριο Φάμελλο και τη Νέα Αριστερά στο συνέδριό μας. Άρα αυτό έχει παρθεί η απόφαση, ότι εμείς θέλουμε προοδευτική διακυβέρνηση και επιζητούμε τη συνεργασία με τα κόμματα».
«Εάν κάποιο στέλεχος λέει ότι εγώ δεν θέλω συνεργασία, διάλογο με τα κόμματα της Αριστεράς, μπορεί να το φέρει στο συνέδριο και να το συζητήσουν τα μέλη και να αποφασίσουμε. Απλά να ενημερώσω ότι στα πολιτικά όργανα έχουμε αποφασίσει ότι πάμε σε προοδευτική διακυβέρνηση, αποτυπώνεται και στη στρατηγική».
Στο ενδεχόμενο κινδύνου ακυβερνησίας της χώρας, ο Χάρης Δούκας σημείωσε πως δεν υπάρξει συνεργασία με τη ΝΔ, τονίζοντας ότι «(…)η ακυβερνησία προέρχεται ακριβώς διότι εμείς θέλουμε να αλλάξει ο κόσμος».
Παράλληλα, υπερασπίστηκε τον εσωκομματικό διάλογο, αλλά και την ανάγκη για ρητή και κατηγορηματική στάση απέναντι στη Νέα Δημοκρατία, ειδικά μετά το ζήτημα των υποκλοπών.
«Πρέπει να διατυπώσουμε ότι έχουμε ξεκάθαρο πολιτικό στίγμα και δεν έχουμε καμία σχέση με την κυβέρνηση των υποκλοπών, που ακούμε τώρα τον άνθρωπο που έχει φτιάξει το Predator να κάνει όλες αυτές τις αποκαλύψεις».
«Εάν πούμε ότι καμία συγκυβέρνηση με τη Νέα Δημοκρατία, η οποία παρακολουθούσε τον Νίκο Ανδρουλάκη και έδωσε έναν αγώνα και δικαιώθηκε και συνεχίζει αυτόν τον πολιτικό αγώνα και στηρίζουμε τον αγώνα του προέδρου και του ΠΑΣΟΚ, τότε δημιουργούμε πρόβλημα στο πρώτο. Το αντίθετο, ενισχύουμε και εδραιώνουμε».
«Ο διάλογος δημιουργεί μια συνθήκη εκτόνωσης. Για παράδειγμα, στον Δήμο της Αθήνας τα δημοτικά συμβούλια διαρκούν δέκα ώρες και κάνουμε και παράταξη πριν τα δημοτικά συμβούλια. Διατυπώνονται όλες οι απόψεις. Προφανώς σε κεντρικά θέματα θέλουμε να στηρίζουμε την εισήγηση της δημοτικής αρχής, αλλά διατυπώνονται απόψεις, υπάρχουν ενστάσεις, υπάρχει ένας σεβασμός στη διαφορετική άποψη και αυτό νομίζω έχει βοηθήσει ώστε δυόμισι χρόνια τώρα να παίρνουμε δύσκολες αποφάσεις μέσα από αναλυτικό και διεξοδικό διάλογο. Πολλές φορές υπάρχουν και τα στελέχη μας, τα οποία λένε κάτι διαφορετικό. Αυτή η διαδικασία εγώ πιστεύω ότι σε πάρα πολλές περιπτώσεις είναι πολύ θετική, γιατί ο κόσμος που μας ακούει λέει υπάρχει και αυτή η άποψη, άρα ενσωματώνεις και είναι πλούτος».
«Νομίζω ότι στο ΠΑΣΟΚ έχουμε καταρχάς προ-συνεδριακό διάλογο και στον προ-συνεδριακό διάλογο συζητάμε, με σκοπό στο συνέδριό μας αυτές τις διαφορετικές εκφάνσεις, διατυπώσεις ή κατευθύνσεις να μπορέσουμε να τις αποφασίσουμε και μετά να τις σεβαστούμε».
Όσον αφορά τη διαγραφή του Οδυσσέα Κωνσταντινόπουλου από το ΠΑΣΟΚ, είπε:
«Νομίζω ότι σε αυτές τις φάσεις της διεύρυνσης οι διαγραφές δε βοηθάνε. Και επίσης να πω ότι είναι ιστορικά στελέχη, τα οποία έδωσαν κι αυτά μεγάλη μάχη και στα πιο δύσκολα, όταν το ΠΑΣΟΚ ήταν πολύ χαμηλά σε ποσοστά. Και γι’ αυτό και θεωρώ ότι δεν θα έπρεπε να προχωρήσουμε σε μια τέτοια κίνηση».
Ο δήμαρχος Αθηναίων επανέλαβε πως δεν υπάρχει ενδεχόμενο συγκυβέρνησης με τη ΝΔ:
«Με αυτούς τους ανθρώπους που παρακολουθούσαν ένοπλες δυνάμεις, το μισό υπουργικό συμβούλιο, δεν έχουμε καμία σχέση, καμία συγκυβέρνηση. Ένα μεγάλο «όχι», που στηρίζει την πρόταση του Προέδρου», συμπλήρωσε.
«Εμείς έχουμε αξίες συγκεκριμένες και ζητάμε διάλογο για προοδευτική αλλαγή. Όποιος σέβεται τις αρχές και τις αξίες μας κάθεται στο τραπέζι αυτό, χωρίς παρακάλια και χωρίς αποκλεισμούς. Όταν κάνεις διάλογο, δεν λες ‘ξεκινάω διάλογο, αλλά εσένα σε θέλω και εσένα δεν σε θέλω’. Λες ‘αυτό είναι το πλαίσιο μου, θέλεις να συζητήσουμε σε αυτό το πλαίσιο;’. Αν πιστεύεις στην προοδευτική αλλαγή, συζητάμε».
Ακόμη, ο Χάρης Δούκας τόνισε ότι το ΠΑΣΟΚ μπορεί να ανατρέψει τα τρέχοντα ποσοστά και να επιτύχει τη νίκη, ενώ απέρριψε κατηγορηματικά το ενδεχόμενο αμφισβήτησης του προέδρου Νίκου Ανδρουλάκη.
«Αδιαπραγμάτευτος στόχος μας, λέει η εισήγηση που θα παρουσιάσει το Συνέδριο, είναι η πρώτη θέση για την πολιτική αλλαγή. Πρέπει να υπάρξει πολιτική αλλαγή και να φύγει η Νέα Δημοκρατία και αυτό πρέπει να είναι ο βασικός μας στόχος».
«Κανένας δεν θέτει θέμα αρχηγού και είναι μεγάλο λάθος να θέσουμε θέμα αρχηγού σε κάθε περίπτωση και ειδικά τώρα. Στην τελευταία πολιτική γραμματεία αρχίσαμε να συζητάμε εάν θα υπάρξει συνέδριο πριν ή μετά την εκλογή Προέδρου. Λέμε καλά, τώρα σε αυτή τη συγκυρία βάζουμε θέμα εκλογής Προέδρου; Ποιος αμφισβητεί; Κανένας δεν αμφισβητεί, κανένας δεν βάζει θέμα. Προχωράμε, έχουμε πρόεδρο, έχουμε διαδικασίες, συζητάμε στα πολιτικά όργανα τα θέματα. Έχουμε ένα κρίσιμο συνέδριο και θέλουμε στο συνέδριο αυτό ανοικτά να συζητήσουμε όλα τα θέματα και να πάρουμε αποφάσεις που θα είναι αφετηρία για τη νίκη».
«Υπάρχει πολλές φορές μια αίσθηση ότι δημιουργείται εσωστρέφεια. Αν λοιπόν απαντήσω τι θα γίνει αν χάσουμε, εγώ θεωρώ ότι δημιουργούμε εσωστρέφεια. Πάμε για τη νίκη», κατέληξε.",2026,3,26,10
2026-03-25 20:40:00,"Πολιτικό σεισμό που φέρνει σε δύσκολη θέση την κυβέρνηση, αλλά και αμείλικτα ερωτήματα που μέχρι στιγμής δεν έχουν απαντηθεί, προκαλεί η νέα δήλωση στο MEGA, του ιδρυτή της Intellexa, Ταλ Ντίλιαν για τις υποκλοπές.
Στη νέα αποκλειστική δήλωση του στο MEGA Stories και το Inside Story, ο Ταλ Ντίλιαν, ιδρυτής της Intellexa, της εταιρείας που έφερε το Predator στην Ελλάδα, στέλνει νέο μήνυμα αυτή τη φορά στο Μέγαρο Μαξίμου. «Δεν θα γίνει το εξιλαστήριο θύμα της κυβερνητικής συγκάλυψης», διαμηνύει. «Ο Νίξον έχασε την προεδρία του στην υπόθεση Watergate επειδή προσπάθησε να συγκαλύψει μια επιχείρηση υποκλοπών. Παρέμεινα σιωπηλός κατά τη διάρκεια της δίκης, αλλά δεν θα γίνω αποδιοπομπαίος τράγος. Θα παρουσιάσω την υπόθεσή μου ενώπιον εθνικών, περιφερειακών και διεθνών θεσμών, συμπεριλαμβανομένης της αίτησης για παρέμβαση του Ειδικού Εισηγητή του ΟΗΕ για την ανεξαρτησία της Δικαιοσύνης».
Η Χαριλάου Τρικούπη καλεί τους υπουργούς που παρακολουθούνταν να κινηθούν νομικά, την ώρα που ο υπουργός Υγείας, Άδωνις Γεωργιάδης, μιλώντας στη «Μεγάλη Εικόνα» με τη Νίκη Λυμπεράκη κάνει λόγο για θεωρίες συνωμοσίας εν μέσω πολέμων, επιμένοντας ουσιαστικά ότι όλοι οι υπουργοί μπορεί να παρακολουθούνται.
Γεωργιάδης: Ε, μη πέφτουμε από τα σύννεφα κ. Χρηστάκο.
Δημοσιογράφος: Εγώ λέω να πέφτουμε, γιατί αν παρακολουθείται ο αρχηγός του Στρατού, ο οποίος έχει στην πλάτη του την άμυνα της χώρας με αυτά που συμβαίνουν, εσείς το είπατε, εμένα με ανησυχεί.
Γεωργιάδης: Εάν ο αρχηγός του στρατού λέει απόρρητα μυστικά του κράτους στο κινητό του, όταν μας έχει πει η ΕΥΠ «θα προσέχεις να μην τα λες αυτά στο κινητό σου», δεν κάνει για αυτή τη δουλειά.
«Από τη μία, είχαμε ένα παρακράτος που θα αγωνιστούμε να ηττηθεί στις εθνικές εκλογές και να είναι παρελθόν. Και από την άλλη, είχαμε κάποιους που και δεν έκαναν τίποτα για τις υποκλοπές και προσπάθησαν να δημιουργήσουν ένα κλίμα στον κόσμο ότι δήθεν δεν κάνουμε αυτά που πρέπει για κάποιους λόγους συνωμοσιολογίας. Αν τους είχαμε ακούσει, η υπόθεση θα είχε χαθεί», είπε ο πρόεδρος του ΠΑΣΟΚ, Νίκος Ανδρουλάκης.
Ο πρώην ισραηλινός στρατιωτικός με το παράνομο κατασκοπευτικό λογισμικό δεν μένει όμως στις προειδοποιήσεις, αλλά δείχνει ευθέως προς την ΕΥΠ καθώς ήταν αυτή που λειτούργησε το Predator, όπως αφήνει σαφώς να εννοηθεί.
«Εκ σχεδιασμού, το λογισμικό μας δεν επιτρέπει σε κανέναν εκτός από την υπηρεσία να γνωρίζει τους στόχους και να είναι ενήμερος για τις επιχειρήσεις που διεξάγονται από τις εθνικές υπηρεσίες. Οι εθνικές υπηρεσίες καθορίζουν τους στόχους και εκτελούν την επιχείρηση χωρίς τη γνώση μας. Δεν γνωρίζουμε ποιος πραγματοποίησε τις παρεμβάσεις».
Η δήλωση του ισραηλινού επιχειρηματία με το Predator έρχεται σε συνέχεια της καθαρογραφής της απόφασης του Μονομελούς Πλημμελειοδικείου Αθηνών για το σκάνδαλο των παρακολουθήσεων στην οποία  αποκαλύπτεσαι το κοινό κέντρο EYΠ και Predator, ενώ 277 φορές γίνεται αναφορά στο Γρηγόρη Δημητριάδη μέσω μαρτυρικών καταθέσεων και στα μαζικά μηνύματα Predator που φέρονται να εστάλησαν από το κινητό του τότε γενικού γραμματέα και ανιψιού του πρωθυπουργού.
«Η απόφαση δεν προσδιόρισε πότε, πού και πώς υποτίθεται ότι στείλαμε τους συνδέσμους για την πρόκληση των παρεμβάσεων, δεν επικαλέστηκε κανένα τεχνικό πόρισμα που να αποδεικνύει ότι εγώ ή κάποιος που ενεργούσε κατ’ εντολή μου πραγματοποίησε τις παρεμβάσεις. Η ίδια η απόφαση αναφέρεται στη χρήση ταυτοτήτων που συνδέονται με ανώτερα κυβερνητικά στελέχη, ωστόσο δεν έγινε καμία προσπάθεια πλήρους διερεύνησης αυτών των κατευθύνσεων».
Πλέον, ο δρόμος έχει ανοίξει επισημαίνουν με νόημα νομικοί και δικαστικοί κύκλοι για τη διενέργεια νέων ερευνών για πρόσωπα που μέχρι τώρα είχαν μείνει στο απυρόβλητο.",2026,3,25,20
2026-03-25 12:15:00,"Παρότι πολλοί και διάφοροι θα με ψέξουν γι’ αυτό, είμαι βέβαιος, εγώ θα επιμείνω στο θέμα του σκανδάλου των υποκλοπών. Οπως σημείωνα και προχθες εδώ στην ίδια θέση, το ζήτημα με το κατασκοπευτικό λογισμικόPredatorέχει διάφορες σημαντικές, παράπλευρες, εκφάνσεις, οι οποίες«ακουμπάνε»την κυβέρνηση και ανατρέπουν εντελώς την επιχειρηματολογία «τέσσερις ιδιώτες χειρίζονταν ένα παράνομο λογισμικό, τους βρήκαμε και τους στείλαμε στη Δικαιοσύνη». Διότι δεν είναι μόνο ότι η κυβέρνηση επισήμως «αδιαφορεί» που αυτοί οι «τέσσερις ιδιώτες» παρακολουθούσαν το μισό Υπουργικό Συμβούλιο,τον αρχηγό της αξιωματικής αντιπολίτευσης, την ηγεσία των Ενόπλων Δυνάμεων, δημοσιογράφους, επιχειρηματίες κ.λπ. Είναι γιατί υπάρχουν συγκεκριμένες ευθύνες για το πώς αυτό το παράνομο κατασκοπευτικό λογισμικό, τοPredator, εισήχθη στη χώρα, λειτούργησε κανονικά και εν συνεχεία, πιστοποιημένο ως νόμιμο, με σφραγίδες, βούλες και υπογραφές, εξήχθη σε τουλάχιστον δύο χώρες – το Σουδάν και τη Μαδαγασκάρη.
Διερωτήθηκα αν για την εισαγωγή και τη νομιμοποίησή του στην Ελλάδα ήταν υπεύθυνο το υπουργείο Εξωτερικών, μια και αυτό έδωσε την άδεια για την εξαγωγή του. Στη λογική ότι για να εξαχθεί κάτι από τη χώρα, σε τρίτες χώρες, ασφαλώς είναι νομιμοποιημένο και δεν μπορεί σε καμία περίπτωση να είναι χαρακτηρισμένο ως παράνομο. Κι επειδή η εξαγωγή έγινε με την υπογραφή του τότε γενικού γραμματέα Διεθνών Οικονομικών Σχέσεων του υπουργείου ΕξωτερικώνΓιάννη Σμυρλή, έθεσα τα ερωτήματα του ποιος υπέγραψε για την εισαγωγή του παράνομου λογισμικού. Ηταν ο Σμυρλής; Ηταν κάποιος άλλος; Και ποιος;
Την απορία μου την έλυσε έμπειρος και έγκυρος περί τα όσα συμβαίνουν στουπουργείο Εξωτερικών(και πιθανώς, λόγω της εξέλιξης του σκανδάλου, και γνώστης των ακριβών συνθηκών της υπόθεσης) διπλωμάτης, ο οποίος μου ξεκαθάρισε δυο πράγματα:
Οπότε, τα ερωτήματα απευθύνονται τώρα στον κ. Παπαθανάση.Ηταν εκείνος ο οποίος έβαλε την υπογραφή του για την εισαγωγή τουPredator;Υπέγραψε ίσως κάποιος άλλος, κάτω από αυτόν; Ενας γενικός γραμματέας του, ας πούμε; Κάποιος υπηρεσιακός παράγων, ενδεχομένως; Κι αυτός που υπέγραψε τον ενημέρωσε περί τίνος επρόκειτο ή ήταν μια υπογραφή, ανάμεσα στις τόσες άλλες, που δεν προϋποθέτει απαραίτητα και απόλυτη γνώση του περιεχομένου της υπουργικής απόφασης;
Ο,τι και να συμβαίνει, απαντήσεις, παρακαλούμε. Το επιχείρημα«τέσσερις ιδιώτες»έχει πεθάνει προ πολλού και να ζήσουμε να το θυμόμαστε…
Απόσπασμα από τη στήλη«Στίγμα»",2026,3,25,12
2026-03-25 00:18:00,"Σε νέα σκληρή επίθεση ύστερα και απότις νέες δηλώσεις του ιδρυτή της Intellexa, Ταλ Ντίλιαν,για το τεράστιο σκάνδαλο με τις παρακολουθήσεις, προχώρησε το ΠΑΣΟΚ.
Σύμφωνα με την ανακοίνωση που εξέδωσε:
«Ο Νίξον έχασε την προεδρία του επειδή προσπάθησε να συγκαλύψει τις υποκλοπές”, δήλωσε στο Inside Story και το Μega Stories ο ιδιοκτήτης της Intellexa Ταλ Ντίλιαν δείχνοντας εκ νέου το Μέγαρο Μαξίμου και τον Κυριάκο Μητσοτάκη.
Διαβάστε ακόμα: Δείχνει την κυβέρνηση ο Ντίλιαν για το σκάνδαλο υποκλοπών: «Παρέχουμε τεχνολογία μόνο σε κυβερνήσεις και αρχές επιβολής του νόμου»
Μάλιστα έστειλε μήνυμα με πολλούς αποδέκτες ότι δεν θα γίνει αποδιοπομπαίος τράγος.
Το νοσηρό και δυσώδες παρακράτος ξηλώνεται μετά την ιστορική απόφαση του Μονομελούς Πλημμελειοδικείου Αθηνών.
Και από το χρέος απέναντι στην αλήθεια και τον όρκο για την προάσπιση του δημοσίου συμφέροντος, του Συντάγματος και των νόμων δεν μπορούν πια να απουσιάζουν οι υπουργοί της κυβέρνησης, τα στελέχη των Ενόπλων Δυνάμεων και άλλοι αξιωματούχοι.
Το ΠΑΣΟΚ θα συνεχίσει τον νομικό και πολιτικό αγώνα μέχρι τέλους».",2026,3,25,0
2026-03-24 20:19:00,"«Πιστεύω ότι αποτελεί έγκλημα για ιδιώτες να παρεμβαίνουν σε επικοινωνίες. Αλλά είναι ακόμα πιο σοβαρό έγκλημα να οργανώνεται μια συνωμοτική εγκληματική πράξη για να στείλει αθώους ανθρώπους στη φυλακή προκειμένου να καλυφθούν πολιτικές αρχές.Ο Νίξον έχασε την προεδρία του στην υπόθεση Watergate επειδή προσπάθησε να συγκαλύψει μια επιχείρηση υποκλοπών».
Αυτό είναι ένα απόσμασμα από τη νέα δήλωση που έκανε οΤαλ Ντίλιαν, ιδρυτής της εταιρείας Intellexa, στο Mega Stories με τη Δώρα Αναγνωστοπούλου και στο Inside Story, κατά την οποία αναφέρεται στις κατηγορίες που διατυπώθηκαν το 2022 περί παράνομων παρακολουθήσεων εις βάρος πολιτικών και δημοσιογράφων, τονίζοντας ότι ηυπόθεση οδήγησε άδικα τον ίδιο και τη σύζυγό του σε δίκη.
Επεσήμανε, μάλιστα: «Παρέμεινα σιωπηλός κατά τη διάρκεια της δίκης, αλλάδεν θα γίνω αποδιοπομπαίος τράγος. Θα παρουσιάσω την υπόθεσή μου ενώπιον εθνικών, περιφερειακών και διεθνών θεσμών, συμπεριλαμβανομένης της αίτησης για παρέμβαση του Ειδικού Εισηγητή του ΟΗΕ για την ανεξαρτησία της Δικαιοσύνης».
Το σκάνδαλο Watergate, είχε συνταράξει την Αμερική και τον κόσμο όλο. Στο τέλος, αυτό που έμεινε ήατν ότι η ελευθερία του Τύπου είναι συνυφασμένη με την προάσπιση των δημοκρατικών θεσμών.
Τα ξημερώματα της 17ης Ιουνίου 1972, πέντε διαρρήκτες συλλαμβάνονται μέσα στα κεντρικά γραφεία του κόμματος των Δημοκρατικών, εντός του κτιριακού συγκροτήματος Watergate στην Ουάσιγκτον.
Μέχρι τη στιγμή εκείνη η λέξη Watergate παρέπεμπε στο εντυπωσιακό αυτό κτιριακό συγκρότημα. Λίγες ώρες αργότερα θα γινόταν το όνομα του μεγαλύτερου πολιτικού σκανδάλου στην ιστορία των Ηνωμένων Πολιτειών, το Σκάνδαλο Watergate.
Διαβάστε ακόμα: Πέθανε ο Τζορτζ Γκόρντον Λίντι, κεντρική μορφή του σκανδάλου Watergate
Οι συλληφθέντες πιάστηκαν στα πράσα, ενώ επιχειρούσαν να τοποθετήσουν κοριούς και να συλλέξουν διάφορα στοιχεία.
Τέσσερις από τους συλληφθέντες είχαν συμμετάσχει σε επιχειρήσεις της CIA στην Κούβα (γι’ αυτό και απέκτησαν το προσωνύμιο «Cubans (Κουβανοί)». Επιπλέον, η ιδιότητα του πέμπτου συλληφθέντα θα προκαλούσε ακόμα μεγαλύτερη εντύπωση.
Διαβάστε ακόμα: Για «Greek Watergate» μιλά η Washington Post
Ήταν ο Τζέιμς Γ. Μακόρντ, επικεφαλής ασφαλείας της Επιτροπής Επανεκλογής του τότε προέδρου των ΗΠΑ, Ρίτσαρντ Νίξον.
Σαν να μην έφτανε αυτό, από τον έλεγχο που έγινε στους πέντε συλληφθέντες, προέκυψαν στοιχεία που συνέδεαν τους διαρρήκτες με δύο ακόμα συνεργάτες του Ρίτσαρντ Νίξον, τον Γκόρντον Λίντι, πρώην στέλεχος του FBI, και τον Χάουαρντ Χαντ πρώην υψηλόβαθμο στέλεχος της CIA,  που μόλις πρόσφατα είχε προστεθεί στο προσωπικό του Λευκού Οίκου.
Οι πληροφορίες, που έβγαιναν στο φως, έπλητταν το κύρος του Νίξον και του κόμματος των Ρεπουμπλικανών, η μία μετά την άλλη.
«Δύο από τους συνεργάτες του προέδρου Νίξον ομολόγησαν ότι έλαβαν 50.000 δολλάρια από μυστική πηγή, προκειμένου να χρηματοδοτήσουν τη συγκέντρωση πληροφοριών και στοιχείων εναντίον του Δημοκρατικού Κόμματος».
Ένα μεγάλο και μπλεγμένο κουβάρι «πολιτικής» κατασκοπείας, υποκλοπών, παρακολουθήσεων και συκοφάντησης πολιτικών αντιπάλων έχει μόλις αρχίσει να ξετυλίγεται.
Ο Ρίτσαρντ Νίξον
Το πρώτο βήμα για την εξιχνίαση αυτής της σκοτεινής και πολυδαίδαλης υπόθεσης έγινε από τους δημοσιογράφους της εφημερίδας Washington Post: Άλφρεντ Λιούις, Καρλ Μπέρνστιν και Μπόμπ Γούντγουορντ, οι οποίοι θα πρωτοστατούσαν στη διερεύνηση του σκανδάλου τα επόμενα χρόνια.
Οι συγκεκριμένοι δημοσιογράφοι δείχνουν ιδιαίτερη επιμονή στη διαλεύκανση της υπόθεσης, ενώ ο Λευκός Οίκος διαψεύδει οποιαδήποτε σχέση με μία «τρίτης κατηγορίας απόπειρα διάρρηξης», όπως την χαρακτήρισε.
Όπως αποδείχθηκε βέβαια αργότερα την ίδια ακριβώς περίοδο στελέχη του Λευκού Οίκου και συνεργάτες του προέδρου Νίξον κάνουν τα αδύνατα δυνατά για να σβήσουν τα ίχνη του μηχανισμού παρακολούθησης που είχαν στήσει.
Ενώ οι ΗΠΑ οδεύουν προς τις εκλογές του Νοεμβρίου 1972, στις οποίες ο Νίξον επανεκλέγεται, το θέμα της κατασκοπείας πολιτικών αντιπάλων που έχει ανακύψει μετά τις συλλήψεις στο Watergate γίνεται, όλο και πιο έντονα, αντικείμενο δημόσιας συζήτησης και αναλύσεων.
Ρίτσαρντ Νίξον
Οι μήνες περνούν, ο Νίξον επανεκλέγεται και το σκάνδαλο φαίνεται να μην παίρνει μεγαλύτερες διαστάσεις. Όμως ο Καρλ Μπέρνστιν και ο Μπόμπ Γούντγουορντ της Washington Post δεν το βάζουν κάτω και έχοντας στο πλευρό τους έναν μυστικό πληροφοριοδότη συνεχίζουν, αποφασισμένοι να φτάσουν στην άκρη του νήματος.
«Δεν ήταν άλλος από το Νο 2 του FBI, ο Μαρκ Φελτ. Αυτός ήταν η πηγή που τροφοδότησε επί ενάμιση και πλέον χρόνο τους δημοσιογράφους Μπομπ Γούντγουορντ και Καρλ Μπέρνστιν του «Washington Post» με στοιχεία για το σκάνδαλο του Γουότεργκεϊτ, για τις αθλιότητες, τους εκβιασμούς και τα μνημειώδη ψέματα του προέδρου Ρίτσαρντ Νίξον (…) Ήμουν ανταποκριτής για “Το Βήμα” στην Αμερική εκείνη την εποχή και έζησα από κοντά τα γεγονότα».
»Τριάντα και πλέον ανώτατα κυβερνητικά στελέχη και άτομα του στενού προεδρικού κύκλου οδηγήθηκαν στη φυλακή αφού διαπομπεύθηκαν ανεπανόρθωτα.
»Ήταν οι δύο δημοσιογράφοι Μπομπ Γούντγουορντ και Καρλ Μπέρνστιν του “Washington Post” που έφερναν στη δημοσιότητα απίθανες εμπλοκές στελεχών του Λευκού Οίκου με πρόσωπα του υποκόσμου και των μυστικών υπηρεσιών στην εξυπηρέτηση των απώτερων σκοπών της ρεπουμπλικανικής προεδρίας.
Η διαπίστωση που κάνει «ΤΟ ΒΗΜΑ», εν καιρώ μάλιστα Χούντας (4 Μαΐου 1973), είναι ένα από τα πολυτιμότερα συμπεράσματα που μπορούν να εξαχθούν από το Σκάνδαλο του Watergate:",2026,3,24,20
2026-03-24 08:17:00,"Μέσα σε 1930 πυκνογραμμένες σελίδες ο πρόεδρος του Μονομελούς Πλημμελειοδικείου της Αθήνας Νίκος Ασκιανάκης, ο οποίος εξέδωσε την ιστορική απόφαση για τηνυπόθεση των υποκλοπώναποτυπώνει βήμα – βήμα τη λειτουργία του λογισμικούPradatorσηματοδοτώντας την έναρξη του νέου κύκλου των ερευνών για το αδίκημα της κατασκοπείας.
Μέσα σε λιγότερο από ένα μήνα ο δικαστικός λειτουργός , με ρυθμούς ασυνήθιστα γρήγορους για τα δεδομένα της ελληνικής δικαιοσύνης, ολοκλήρωσε την καθαρογραφή του σκεπτικού της απόφασης του. Και έτι τώρα η δικαστική απόφαση μαζί με τα πρακτικά της δίκης διαβιβάζονται στην Εισαγγελία Πρωτοδικών της Αθήνας για τη διενέργεια νέων ερευνών στο πλαίσιο των οποίων μπαίνουν στο κάδρο πρόσωπα που μέχρι τώρα είχαν μείνει εκτός του πεδίου των ερευνών της δικαιοσύνης .
Από την ανάγνωση των σχεδόν δύο χιλιάδων σελίδων της δικαστικής απόφαση προκύπτει με τον πλέον ξεκάθαρο τρόπο γιατί κρίθηκε απαραίτητη η διερεύνηση του αδικήματος της κατασκοπίας , ακριβώς λόγω του τρόπου λειτουργίας του κατασκοπευτικού λογισμικού με τη δυνατότητα απομακρυσμένης πρόσβασης στα αρχεία καταγραφής και την έκταση των δεδομένων που μπορούν να αποσπαστούν σε συνδυασμό με τις ιδιότητες των θυμάτων, που κατείχαν καίρια χαρτοφυλάκια με απόρρητες και μυστικές πληροφορίες.
Ο δικαστικός λειτουργός στο σκεπτικό του στρέφοντας τον προβολέα προς το αδίκημα της κατασκοπίας αναφέρετεια ιδιαίτερα στον ρόλο του Κ. πετρ΄ση, του προσώπων που προέκυψε πρώτη φορά στη διάκρρια της ενδελεχούς αποδεικτικής διαδικασίας από την εξέταση του Αιμίλιου Κοσμίδη από την προπληρωμένη κάρτα του οποίου φέρεται να εστάλη το μολυσμένο μήνυμα με αποδέκτη τον πρόεδρο του ΠΑΣΟΚ Νίκο Ανδρουλάκη.
Συγκεκριμένα αναφέρεται : «Μόνο συμπτωματική δεν μπορεί να χαρακτηρισθεί η αναφορά του Κωνσταντίνου Πετρίση -όπως επιχειρήθηκε να παρουσιαστεί από τον προαναφερόμενο μάρτυρα Αιμίλιο Κοσμίδη- ο οποίος αφενός μεν απασχολούνταν στο κατάστημα Cosmote από το οποίο παραδόθηκε η ως άνω προπληρωμένη κάρτα αφετέρου δε, είχε παραδεχθεί στον ως άνω μάρτυρα, ότι συνεργάζεται έναντι αμοιβής με την ΕΥΠ, σε συνδυασμό δε με το γεγονός ότι η εν λόγω κάρτα φορτίσθηκε μέσω ΑΤΜ υποκαταστήματος της Εθνικής τράπεζας της Ελλάδος στην Αγία Παρασκευή, κοντά δηλαδή στις κτηριακές υποδομές του ΚΕΤΥΑΚ (εντός του οποίου μάλιστα φέρεται να έχει εντοπιστεί στις 24-06-2022 το υπ’ αριθ. ΧΕΚ 1344 όχημα της εταιρείας Krikel-βλ. σχετικές επισκοπηθείσες φωτογραφίες), συντρέχουν επαρκή στοιχεία και ως εκ τούτου πρέπει να διερευνηθεί η τυχόν ευθύνη και συμετοχική δράση αυτού αλλά και τυχόν λοιπών τρίτων εμπλεκόμενων προσώπων στις ένδικες αξιόποινες πράξεις».
Περαιτέρω, το δικαστήριο κάνει ιδιαίτερη αναφορά στους υψηλά ιστάμενους κρατικούς αξιωματούχους που είχαν γίνει στόχος παρακολούθηση αναφέροντας : « λαμβάνοντας υπόψη τον τρόπο λειτουργίας του κατασκοπευτικού λογισμικού με δυνατότητα απομακρυσμένης πρόσβασης στα αρχεία καταγραφής και την έκταση των δεδομένων που μπορεί να αποσπασθούν σε συνδυασμό με τους αποδέκτες των μηνυμάτων που περιείχαν συνδέσμους επιμόλυνσης με το λογισμικό κατασκοπείας «Predator», μεταξύ των οποίων ο Υπουργός Προστασίας του Πολίτη κ. Μιχαήλ Χρυσοχοϊδης, ο Υπουργός Εξωτερικών κ. Νικόλαος Δένδιας, ο Αρχηγός ΓΕΕΘΑ Κωνσταντίνος Φλώρος, ο Αρχηγός της Ελληνικής Αστυνομίας κ. Μιχαήλ Καραμαλάκης και άλλων Υπουργών που χειρίζονται καίρια χαρτοφυλάκια με κρατικά απόρρητα και μυστικές πληροφορίες (κατά την έννοια του άρθρου 149 ΠΚ) αλλά και των απόρρητων κρατικών εγγράφων που ο πρώην Υπουργός και ήδη παριστάμενος προς υποστήριξη της κατηγορίας κ. Χρήστος Σπίρτζης διατηρούσε στην κινητή τηλεφωνική του συσκευή σε ηλεκτρονικά μηνύματα (emails), τα οποία εισφέρθηκαν στα αναγνωστέα έγγραφα και μπορούσαν να υποκλαπούν (τα οποία αφορούσαν διαπραγματεύσεις για την μεταβολή του νομικού καθεστώτος σε σχέση με την Υπηρεσία Πολιτικής Αεροπορίας (ΥΠΑ), την αξιολόγηση του τρίτου προγράμματος στήριξης της Ελλάδας από τον Ευρωπαϊκό Μηχανισμό Σταθερότητας (ESM) και τηλεγράφημα της Ελληνικής Πρεσβείας στο Άμπου Ντάμπι, αναφορικά με την εγκαθίδρυση νέας γραμμής αεροπορικής σύνδεσης Ντουμπάι – Νέα Υόρκη μέσω Αθήνας), καταδεικνύεται ότι ενόψει των εν λόγω νέων στοιχείων πρέπει να διερευνηθεί περαιτέρω και να επανεξετασθεί η τυχόν τέλεση εκ μέρους των κατηγορουμένων και των τυχόν τρίτων συμμετόχων και άλλων αξιόποινων πράξεων και δη της κατασκοπείας του αρ. 148 ΠΚ (τουλάχιστον υπό τη μορφή της απόπειρας)» .
Επιπλέον ιδιαίτερο κεφάλαιο αφορά αυτόν καθευατόν τον ρόλο του Αιμίλιου Κοσμίδη αναφέροντας : « Σε σχέση με την παρούσα υπόθεση ΤΟΥ Αιμίλιου Κοσμίδη, καταθέσαντος ως μάρτυρα στο παρόν δικαστήριο, ιδίως για το αδίκημα της συνέργειας στις πράξεις του κατηγορητηρίου, δια της χρήσεως από αυτούς ή άγνωστο δράστη/ φυσικό αυτουργό της πιστωτικής κάρτας εκδοθείσης στο όνομά του, σε συνδυασμό με τον προσωπικό αριθμό ‘’pin’’ του, όπως απεδείχθη, για την αγορά του πακέτου μολυσμένων μηνυμάτων SMS τα οποία απεστάλησαν σε 25 συνολικά στόχους του κακόβουλου λογισμικού predator μεταξύ και των οποίων ο τότε ευρωβουλευτής και νυν μάρτυρας Νίκος Ανδρουλάκης, κατά του οποίου μάλιστα είχαν υποβληθεί και οι αντίστοιχες εγκλήσεις. Σημειωτέον ότι κατά τη διάρκεια του παρόντος δικαστηρίου προέκυψαν και γι αυτή την περίπτωση νέα στοιχεία, που συνίστανται στην πλήρη αναλυτική κίνηση της ανωτέρω προπληρωμένης κάρτας που ζήτησε και έλαβε το δικαστήριο, όπως προαναφέρθηκε, και όπως απεδείχθη, η κάρτα είχε πολλές συναλλαγές συνιστάμενες σε αγορά υπηρεσιών cloud hosting και άλλων υπηρεσιών διαδικτύου, και σε ενα ποσό που ξεπερνά τα 3.000 ευρώ-μπορούμε να πούμε σχεδόν δηλαδή με σιγουριά ότι η συγκεκριμένη κάρτα χρησιμοποιήθηκε για αγορές σχετικές με το predator και τις υποδομές του, επομένως υπάρχουν ισχυρές ενδείξεις συνέργειας του Αιμίλιου Κοσμίδη με τους παρόντες κατηγορουμένους είτε με πρόσωπα που ευρίσκοντο στις υπηρεσίες και το μισθολόγιο αυτών, διότι ουδόλως πειστικές εξηγήσεις έδωσε για τη χρήση της κάρτας του αλλά και του pin του, υπέπεσε δε σε πολλές αντιφάσεις σχετικά με αυτήν, είπε ότι η κάρτα είχε αρχικώς εκδοθεί το έτος 2010, η τράπεζα στην 1η βεβαίωσή της έλεγε για το 2019, τελικώς από την τελευταία κατάσταση φαίνεται ορθή ημερομηνία έκδοσης το 2020. Περαιτέρω σε αυτή τη δικογραφία πρέπει να συσχετισθούν τυχόν μηνύσεις που έχουν υποβληθεί εις βάρος του Αιμιλίου Κοσμίδη υφίστανται μηνύσεις από τους μάρτυρες στο παρόν δικαστήριο».
Για τα μαζικά μηνύματα που φέρονται να εστάλησαν από το τηλέφωνο του Γρηγόρη Δημητριάδη ο πρόεδρος του δικαστηρίου επισημαίνει στο σκεπτικό της απόφασής του :
«(…) Περαιτέρω, από τα ίδια ως άνω αποδεικτικά μέσα αποδεικνύεται ότι περί τα τέλη Ιανουαρίου του έτους 2021, οπότε και ξεκίνησε η μαζική αποστολή μηνυμάτων με επιμολυσμένους συνδέσμους (links) προς τους παθόντες (βλ. ιδίως την 26η-01-2021 οπότε και απεστάλη, με φερόμενο αποστολέα τον τηλεφωνικό αριθμό του Γενικού Γραμματέα κ. Γρηγόρη Δημητριάδη, σε ένδεκα αποδέκτες ευχαριστήριο μήνυμα για ευχές), υπεβλήθησαν αιτήματα προς την «Hostmein» για την εγκατάσταση νέων διακομιστών, ενώ παράλληλα με την προαναφερόμενη από 17-02-2023 τροποποιητική σύμβαση τετραπλασιάστηκε ο όγκος δεδομένων της καμπίνας από 10U σε 42U και αναβαθμίστηκε η ταχύτητα δεδομένων από 100 σε 200Μbs .Από το συνδυασμό των παραπάνω καταδεικνύεται ότι οι κατηγορούμενοι σε σύμπραξη με έτερους εργαζόμενους αναβάθμισαν και προετοίμασαν πλήρως την υποδομή τους για την εφαρμογή και αποπεράτωση του εγκληματικού τους σχεδίου με την αποστολή περαιτέρω μηνυμάτων προς τους στόχους που είχαν επιλέξει να παρακολουθήσουν μέσω των κινητών τους συσκευών.
Από το συνδυασμό των παραπάνω καταδεικνύεται ότι οι κατηγορούμενοι σε σύμπραξη με έτερους εργαζόμενους αναβάθμισαν και προετοίμασαν πλήρως την υποδομή τους για την εφαρμογή και αποπεράτωση του εγκληματικού τους σχεδίου με την αποστολή περαιτέρω μηνυμάτων προς τους στόχους που είχαν επιλέξει να παρακολουθήσουν μέσω των κινητών τους συσκευών. Μολονότι η Intellexa ενδιαφέρονταν ήδη από τις αρχές Δεκεμβρίου 2021 για την περαιτέρω αύξηση του αποθηκευτικού χώρου και την εγκατάσταση επιπρόσθετου εξοπλισμού (λίγες ημέρες αργότερα και συγκεκριμένα την 16η-12-2021, ότε και δημοσιεύθηκαν οι έρευνες των Citizen Lab και MΕΤΑ για την ύπαρξη του κατασκοπευτικού λογισμικού «Predator» και τη λειτουργία του -μεταξύ άλλων Χωρών και- στην Ελλάδα, οι υπάλληλοι της Intellexa Α.Ε. Ιωάννης Τουμπής, Ιωάννης Μπόλιαρης και Stefan Mancas εισήλθαν αιφνίδια στις εγκαταστάσεις της «Lamda Helix» που υπεκμίσθωνε στην «Hostmein» και αφαίρεσαν όλο τον εγκατεστημένο εξοπλισμό. Η εσπευσμένη και άτακτη αφαίρεση του εξοπλισμού καταδεικνύεται και από το γεγονός ότι οι ως άνω εργαζόμενοι πήραν μεταξύ άλλων και υλικό εξοπλισμού που ανήκε στην ιδιοκτησία της Hostmein (βλ. ιδίως το από 16-12-2021 ηλεκτρονικό μήνυμα του Αλέξανδρου Σταμάτη Διεθύνοντος Συμβούλου Τεχνολογίας της Hostmein προς τον Ιωάννη Τουμπή). Την ίδια ως άνω ημέρα, άλλωστε, έπαυσε και η χρήση της προπληρωμένης κάρτας του Αιμίλιου Κοσμίδη, με την οποία πληρώθηκαν και διενεργήθηκαν πολλές συναλλαγές συνολικού ύψους 3.367,65 ευρώ, για την αγορά υπηρεσιών cloud hosting, ονομάτων χώρου (domains), αποστολής SMS και άλλων υπηρεσιών διαδικτύου, που σχετίζονται με την λειτουργία του κατασκοπευτικού λογισμικού και την διεκπεραίωση της διαδικασίας δημιουργίας και αποστολής των ως άνω μηνυμάτων προς τους αποδέκτες που είχαν στοχοποιηθεί. Προκειμένου δε οι κατηγορούμενοι να συνεχίσουν ανεμπόδιστα το έργο τους φρόντισαν, μετά την έκταση δημοσιότητας, που έλαβε η αποκάλυψη των παράνομων παρακολουθήσεων μέσω του κατασκοπευτικού λογισμικού “Predator”, να αποσυνδέσουν τα προϊόντα που προωθούσαν με την επωνυμία της Intellexa (βλ. ιδίως τo από 12-01-2023 ηλεκτρονικό μήνυμα που απέστειλε ο Ben Muskal εκ μέρους της Ιntellexa προς την εταιρεία “NOETIK”, αιτούμενος να αφαιρεθεί από το διαφημιστικό υλικό για το κατασκοπευτικό λογισμικό με την επωνυμία “TRITON” οποιαδήποτε αναφορά στην Intellexa), ενώ είχαν ήδη ξεκινήσει να προετοιμάζουν νέα λογότυπα, σχεδιασμούς και επωνυμίες για τα προϊόντα της Intellexa».
Εκτός όμως, από το αδίκημα της κατασκοπίας εξελίξεις σηματοδοτεί η απόφαση και για μία σειρά άλλων προσώπων για τα οποία διαβάζεται η απόφαση στην Εισαγγελία της Αθήνας και συγκεκριμένα : «Προς αξιολόγηση ποινικών ευθυνών τουλάχιστον των παρακάτω προσώπων, που αποτελούν σημαίνοντα στελέχη των εξεταζόμενων εταιριών και δεν αποτελούσαν απλά εκτελεστικά όργανα των κατηγορουμένων, αλλά είχαν εξίσου πλήρη εικόνα καθώς και αποφασιστικές αρμοδιότητες επί των επιχειρήσεων: α) Rotem Farkash (πιθανός δημιουργός του κώδικα του λογισμικού predator καθώς και συνιδρυτή της εταιρίας Cytrox, που αποτελούσε την πηγή του predator) εγκατεστημένου στην Ελλάδα για διάστημα κάποιων μηνών οπωσδήποτε, για συνέργεια στα ανωτέρω αδικήματα των κατηγορουμένων β) Merom Harpaz, πιθανώς κατόχου ρουμανικού διαβατηρίου, γενικού διευθυντή/τεχνικού διευθυντή της ομάδας των ισραηλινών που έφεραν στην Ελλάδα το παράνομο κατασκοπευτικό λογισμικό predator-πρώην στέλεχος όπως και ο Tal Dilian των ισραηλινών υπηρεσιών ασφαλείας και υπεύθυνο προσλήψεων χαμηλότερων αξιωματούχων της εταιρίας intellexa γ) Einat Semama, ανωτέρου στελέχους των εταιριών συμφερόντων Dilian, η οποία ήλθε στην Ελλάδα, υπέγραψε τις συστάσεις των εταιριών μαζί με τη Sara Hamou, συντόνισε πρόσωπα και καταστάσεις, και τα μισθωτήρια γραφείων της εταιρίας intellexa, και έχουσας γνώση και πρόθεση συνδρομής για τις εκάστοτε δραστηριότητες της εταιρίας δ) Σωτήρη Ντάλα, τεχνικού διευθυντή και σημαίνοντος στελέχους της εταιρίας intellexa, ο οποίος επέβλεπε όλα τα του τεχνικού τμήματος, γνώστη όλων των προοιόντων και τεχνικών προδιαγραφών της σουίτας παρακολουθήσεων του predator, κείμενο ακριβώς κάτω από το Γιάννη Λαβράνο στην ιεραρχία, σε απόλυτη συννενόηση με αυτόν, ο οποίος ακόμη και κατά την κατάθεση Τρίμπαλη στην εξεταστική της Βουλής επικοινωνούσε με αυτόν μεταφέροντας εντολές του Λαβράνου ή και δίνοντας δικές του εντολές. ε) Δημητρίου Ξυπτερά, Ιωάννη Τουμπή, Ιωάννη Μπόλιαρη, οι οποίοι είχαν πρόσβαση στους servers της intellexa που φιλοξενούνταν στην εταιρία hostmein και ρόλο στην αφαίρεση αυτών την 16.12.2021 και τυχόν άλλων εμπλεκομένων εργαζομένων της εταιρίας intellexa οι οποίοι είχαν επιχειρησιακή εικόνα αναφορικά με το κατασκοπευτικό λογισμικό».
Αξίζει να σημειωθεί ότι ιδιαίτερο ενδιαφέρον έχει και η πρόταση του εισαγγελέα της έδρας Δημήτρη Παυλίδη που περιλαμβάνεται ολόκληρη στο «σώμα» της δικαστικής απόφασης.
Ο εισαγγελικός λειτουργός μεταξύ άλλων είχε αναφερθεί σε ξεχωριστό κεφάλαιο για τους υψηλά ιστάμενους στόχους του Predator επισημαίνοντας:
Ως γενικότερο σχόλιο, μπορεί να παρατηρηθεί μια μεγάλη απροθυμία που διαπιστώθηκε στους στόχους του predator να δώσουν τα τηλέφωνά τους προς εξέταση, να υποβάλλουν εγκλήσεις ή έστω να παραστούν και ως απλοί μάρτυρες στο ακροατήριο του δικαστηρίου αυτού, ειδικά για πολύ υψηλά ιστάμενους ανθρώπους, στρατιωτικούς, υπουργούς κτλ, αρκετοί από τους οποίους είναι πιθανό να είχαν πατήσει τα σχετικά λινκ και με αυτόν τον τρόπο να είχε εγκατασταθεί στο κινητό τους παράνομο λογισμικό παρακολούθησης.
Μετά την καθαρογραφή της απόφασης ο φάκελος με όλα τα στοιχεία διαβιβάζεται στην Εισαγγελία της Αθήνας. Το κρίσιμο είναι αν η νέα δικογραφία θα παραμείνει προς διερεύνηση σε εισαγγελέα πρωτοδικών ή αν διαβιβαστεί για περαιτέρω έλεγχο στην Εισαγγελία του Αρείου Πάγου.",2026,3,24,8
2026-03-22 10:27:00,"Ανοικτή επιστολή «προς όλους τους Δημόσιους Αξιωματούχους, που υπήρξαν στόχοι των υποκλοπών και του Predator» απευθύνει ο Νίκος Ανδρουλάκης καλώντας τους, όπως αναφέρει, να συστρατευθούν «στην αποκάλυψη όλης της αλήθειας για το νοσηρό σύστημα των υποκλοπών, ώστε να λογοδοτήσουν όλοι οι υπεύθυνοι, όσο ψηλά κι αν βρίσκονται, ενώπιον της Ελληνικής Δικαιοσύνης, σύμφωνα με τον νόμο».
Με την ανοικτή επιστολή του -«δημοκρατική πρόσκληση-πρόκληση», όπως τη χαρακτηρίζει», ο πρόεδρος του ΠΑΣΟΚ-Κινήματος Αλλαγής εκφράζει την πεποίθηση του, όπως αναφέρει, ότι στο νέο μονοπάτι που ανοίγεται για την επανεξέταση της υπόθεσης, δεν θα βαδίσει ξανά μόνος, «αλλά θα βρω στο πλευρό μου και άλλους εκ των προσώπων που υπήρξαν στόχοι, που μοιράζονται το ίδιο αίσθημα ευθύνης και αξιοπρέπειας, αλλά και συνείδηση του ατομικού και εθνικού τους χρέους».
Υπογραμμίζει ότι «κανείς δεν μπορεί να κρύβεται από το δημοκρατικό του καθήκον απέναντι στην αλήθεια» και ότι «η σιωπή είναι ανοχή και, εν τέλει, συνενοχή». «Και εκθέτει ανεπανόρθωτα όσους ορκίστηκαν να υπηρετούν την πατρίδα και το γενικό συμφέρον του λαού μας και ειδικά από δημόσια αξιώματα στην Κυβέρνηση, στη Βουλή, στη Δικαιοσύνη, στις Ένοπλες Δυνάμεις».
Ο κ. Ανδρουλάκης αναφέρει μεταξύ άλλων, ότι «αποδεικνύεται πλέον ότι το Predator και οι παράνομες παρακολουθήσεις δεν αποτελούν μια ‘ιδιωτική υπόθεση’, αλλά μέρος ενός (παρα)κρατικού μηχανισμού παρακολούθησης που έπληξε τον πυρήνα της δημοκρατικής λειτουργίας, το Κράτος Δικαίου και παραβίασε θεμελιώδη ανθρώπινα δικαιώματα. Ενός σκοτεινού παρακράτους, που έστησε ο Πρωθυπουργός Κυριάκος Μητσοτάκης και το Μέγαρο Μαξίμου». Σημειώνει, επιπλέον, ότι «τίθεται μετ’ επιτάσεως το ερώτημα: πώς τοποθετείται σήμερα η ηγεσία της Δικαιοσύνης απέναντι στα νέα δεδομένα, ιδίως όσοι είχαν καταλήξει ‘αναντίλεκτα’ ότι δεν υφίσταται σύνδεση της ΕΥΠ με το Predator, όπως η προηγούμενη ηγεσία του Αρείου Πάγου;».
«ΔΗΜΟΚΡΑΤΙΚH ΠΡΟΣΚΛΗΣΗ – ΠΡΟΚΛΗΣΗ
Ανοιχτή επιστολή προς όλους τους Δημόσιους Αξιωματούχους, που υπήρξαν στόχοι των υποκλοπών και του Predator
Με αυτή την ανοιχτή επιστολή – δημοκρατική πρόσκληση απευθύνομαι σε όλους τους Δημόσιους Αξιωματούχους, που υπήρξαν στόχοι των υποκλοπών και του κατασκοπευτικού λογισμικού Predator.
1) Στις 26 Φεβρουαρίου 2026 το Μονομελές Πλημμελειοδικείο Αθηνών εξέδωσε την απόφασή του στη δίκη των παράνομων παρακολουθήσεων σε βάρος πρώην Πρωθυπουργού, υπουργών, πολιτικών, στρατιωτικών, κρατικών αξιωματούχων και δημοσιογράφων, με τη χρήση του κατασκοπευτικού λογισμικού Predator.
Με την απόφασή του το Δικαστήριο επέβαλε αυστηρές ποινές σε τέσσερα πρόσωπα για σειρά αδικημάτων, ενώ διαβίβασε τα πρακτικά της δίκης στον Εισαγγελέα Πρωτοδικών Αθηνών προκειμένου να διερευνηθεί το ενδεχόμενο τέλεσης και άλλων αξιόποινων πράξεων, μεταξύ των οποίων και της κατασκοπείας, από επιπλέον εμπλεκόμενους. Με την  ιστορική αυτή απόφαση, η οποία ήταν αποτέλεσμα του δικαστικού αγώνα που έδωσα μαζί με άλλους ευαίσθητους και γενναιόψυχους συμπολίτες μας, κατέπεσαν στην πράξη οι προηγούμενοι χειρισμοί της  Εισαγγελίας του Αρείου Πάγου, να αρχειοθετηθούν κρίσιμες πτυχές της δυσώδους αυτής υπόθεσης και να παραπεμφθούν μόνο τέσσερις κατηγορούμενοι – «ιδιώτες», και μάλιστα για πλημμελήματα.
2) Ήδη, μετά τη δημοσίευση της απόφασης, στις 12 Μαρτίου 2026, σε τηλεοπτική του συνέντευξη, ο καταδικασθείς κ. Τ. Ντίλιαν, ιδιοκτήτης της εταιρείας Intellexa και εν αποστρατεία αξιωματικός ενόπλων δυνάμεων τρίτης χώρας, δήλωσε ότι η εταιρεία του προμήθευε το λογισμικό Predator αποκλειστικά σε κυβερνήσεις και δημόσιες αρχές επιβολής του νόμου. Οι δηλώσεις αυτές συνδέουν ευθέως τη χρήση του λογισμικού με κρατικές αρχές της χώρας μας. Την ίδια στιγμή από τις καταθέσεις και τα έγγραφα που συμπεριλαμβάνονται στα πρακτικά της ανωτέρω δίκης, προκύπτουν ενδείξεις εμπλοκής της ΕΥΠ στην προμήθεια και χρήση του Predator, μεταξύ των οποίων και η ταύτιση στόχων του κακόβουλου λογισμικού με πρόσωπα που τελούσαν κατά την ίδια κρίσιμη περίοδο υπό παρακολούθηση από την υπαγόμενη στο γραφείο του Πρωθυπουργού ΕΥΠ.
3) Υπό τα δεδομένα αυτά, το αφήγημα που εκπορεύεται από το Μέγαρο Μαξίμου και αναπαράγεται συστηματικά από πρόθυμους επικοινωνιακούς και ενημερωτικούς βραχίονες, ότι δήθεν τέσσερις «ιδιώτες» μόνοι και για άγνωστο λόγο, με άγνωστους εντολείς και κίνητρα, οργάνωσαν και εκτέλεσαν ένα ολοκληρωμένο επιχειρησιακό σχέδιο παγίδευσης δεκάδων κρατικών αξιωματούχων, δεν μπορεί πλέον να πείσει κανέναν και αποτελεί πρόκληση για τη νοημοσύνη και το δημοκρατικό συναίσθημα κάθε πολίτη.
Αποδεικνύεται πλέον ότι το Predator και οι παράνομες παρακολουθήσεις δεν αποτελούν μια «ιδιωτική υπόθεση», αλλά μέρος ενός (παρα)κρατικού μηχανισμού παρακολούθησης που έπληξε τον πυρήνα της δημοκρατικής λειτουργίας, το Κράτος Δικαίου και παραβίασε θεμελιώδη ανθρώπινα δικαιώματα. Ενός σκοτεινού παρακράτους, που έστησε ο Πρωθυπουργός Κυριάκος Μητσοτάκης και το Μέγαρο Μαξίμου.
Μετά από όλα αυτά, τίθεται μετ’ επιτάσεως το ερώτημα: πώς τοποθετείται σήμερα η ηγεσία της Δικαιοσύνης απέναντι στα νέα δεδομένα, ιδίως όσοι είχαν καταλήξει «αναντίλεκτα» ότι δεν υφίσταται σύνδεση της ΕΥΠ με το Predator, όπως η προηγούμενη ηγεσία του Αρείου Πάγου; Η εμπιστοσύνη στο σύστημα της Δικαιοσύνης δεν απαλλάσσει – κάθε άλλο – από το δικαίωμα κριτικής των αποφάσεων και των παραλείψεών της, ιδίως όταν αυτές φωτίζονται με τόσο εμφατικό τρόπο από μεταγενέστερες εξελίξεις και αποφάσεις της ίδιας της Δικαιοσύνης. Και οι κρίνοντες κρίνονται.
Η εθνική ασφάλεια τέθηκε σε κίνδυνο από το παρακρατικό αυτό σύστημα, καθώς απόρρητες πληροφορίες, κρατικά, στρατιωτικά και διπλωματικά μυστικάπεριήλθαν στην κατοχή τρίτων προσώπων, υπηκόων ξένων χωρών, χωρίς μέχρι σήμερα να είναι γνωστό με εντολή ποιου, στο όνομα ποιων και πώς χρησιμοποιήθηκαν ή που βρίσκονται σήμερα. Αυτά προέκυψαν στην ποινική δίκη που πρόσφατα ολοκληρώθηκε. Μπροστά στις πρωτοφανείς αυτές αποκαλύψεις, κυβερνητικά στελέχη επιχειρούν να συγκαλύψουν το σκάνδαλο των παράνομων παρακολουθήσεων παρουσιάζοντας το ως «αδιάφορο γεγονός». Μια τέτοια αντίληψη προκαλεί αποστροφή και αγανάκτηση σε κάθε δημοκρατικό πολίτη.
4) Σύμφωνα με τη λίστα της Αρχής Προστασίας Δεδομένων Προσωπικού Χαρακτήρα, που ήρθε στο φως της δημοσιότητας, ανάμεσα στους στόχους των επιθέσεων με το κατασκοπευτικό λογισμικό Predator περιλαμβάνεστε και εσείς προσωπικά.
Στο νέο μονοπάτι που ανοίγεται για την επανεξέταση της υπόθεσης, πιστεύω ότι δεν θα βαδίσω ξανά μόνος, αλλά θα βρω στο πλευρό μου και άλλους εκ των προσώπων που υπήρξαν στόχοι, που μοιράζονται το ίδιο αίσθημα ευθύνης και αξιοπρέπειας, αλλά και συνείδηση του ατομικού και εθνικού τους χρέους.
Κανείς δεν μπορεί να κρύβεται από το δημοκρατικό του καθήκον απέναντι στην αλήθεια. Η σιωπή είναι ανοχή και, εν τέλει, συνενοχή. Και εκθέτει ανεπανόρθωτα όσους ορκίστηκαν να υπηρετούν την πατρίδα και το γενικό συμφέρον του λαού μας και ειδικά από δημόσια αξιώματα στην Κυβέρνηση, στη Βουλή, στη Δικαιοσύνη, στις Ένοπλες Δυνάμεις.
Για όλους αυτούς τους λόγους και σε συνέχεια του αγώνα που έχω δώσει ενώπιον της εθνικής και ευρωπαϊκής Δικαιοσύνης, αλλά και ενώπιον του Ευρωπαϊκού Κοινοβουλίου, σας καλώ να συστρατευθείτε στην αποκάλυψη όλης της αλήθειας για το νοσηρό σύστημα των υποκλοπών, ώστε να λογοδοτήσουν όλοι οι υπεύθυνοι, όσο ψηλά κι αν βρίσκονται, ενώπιον της Ελληνικής Δικαιοσύνης, σύμφωνα με τον νόμο.
Θέλει αρετή και τόλμη η υπεράσπιση της Δημοκρατίας και των θεσμών της.
Θέλει αρετή και τόλμη η υπεράσπιση του Συντάγματος, της εθνικής αξιοπρέπειας και της εθνικής ασφάλειας.
Με εκτίμηση,
Νίκος Ανδρουλάκης».
Όπως επισημαίνεται στη σχετική ανακοίνωση του ΠΑΣΟΚ «η ανοιχτή επιστολή απευθύνεται σε Υπουργούς, Βουλευτές, Στελέχη Ενόπλων Δυνάμεων, Κρατικούς Αξιωματούχους, όπως καταγράφονται στη λίστα της Αρχής Προστασίας Δεδομένων Προσωπικού Χαρακτήρα με τις ιδιότητες που είχαν όταν αποτέλεσαν στόχους παράνομης παρακολούθησης:
Αντώνης Σαμαράς (πρώην Πρωθυπουργός)
Μάκης Βορίδης (Υπουργός Εσωτερικών)
‘Αδωνις Γεωργιάδης (Υπουργός Ανάπτυξης και Επενδύσεων)
Κωστής Χατζηδάκης (Υπουργός Εργασίας)
Γιώργος Γεραπετρίτης (Υπουργός Επικρατείας)
Νίκος Δένδιας (Υπουργός Εξωτερικών)
Βασίλης Κικίλιας (Υπουργός Υγείας)
Νίκη Κεραμέως (Υπουργός Παιδείας)
Μιχάλης Χρυσοχοϊδης (Υπουργός Προστασίας του Πολίτη)
Τάκης Θεοδωρικάκος (Υπουργός Εσωτερικών)
Γιάννης Οικονόμου (Κυβερνητικός Εκπρόσωπος)
‘Ακης Σκέρτσος (Υπουργός Επικρατείας)
Κωνσταντίνος Φλώρος (Αρχηγός ΓΕΕΘΑ)
Μιχάλης Καραμαλάκης (Αρχηγός ΕΛ.ΑΣ.)
Γιώργος Μυλωνάκης (Γενικός Γραμματέας Βουλής)
‘Αννα Στρατινάκη (Γενική Γραμματέας Εργασιακών Σχέσεων/υπουργείο Εργασίας)
Αλεξάνδρα Σδούκου (Γενική Γραμματέας Ενέργειας και Ορυκτών Πρώτων Υλών στο υπουργείο Ενέργειας και Περιβάλλοντος)
Αλέξης Πατέλης (επικεφαλής οικονομικός σύμβουλος του Πρωθυπουργού Κυριάκου Μητσοτάκη)
Βασιλική Βλάχου (Εισαγγελέας ΕΥΠ, υπεύθυνη για τις άρσεις απορρήτου επικοινωνιών)
Χρήστος Μπαρδάκης (Οικονομικός Εισαγγελέας)
Θάνος Πλεύρης (Βουλευτής ΝΔ Α’ Αθήνας και πρώην υπουργός Υγείας)
Όλγα Κεφαλογιάννη (Βουλευτής ΝΔ)
Ανδρέας Λοβέρδος (Βουλευτής ΠΑΣΟΚ)
Δημήτρης Αβραμόπουλος (πρώην Βουλευτής ΝΔ, πρώην Υπουργός, πρώην Επίτροπος της Ευρωπαϊκής Ένωσης)
Αριστείδης Αλεξόπουλος (επικεφαλής Γενικής Διεύθυνσης Αμυντικών Εξοπλισμών και Επενδύσεων στο υπουργείο ‘Αμυνας)
Μανώλης Γραφάκος (Γενικός Γραμματέας Συντονισμού Διαχείρισης Αποβλήτων στο υπουργείο Περιβάλλοντος και Ενέργειας)
Μιχάλης Μπεκίρης (διευθυντής του γραφείου του Πρωθυπουργού Κυριάκου Μητσοτάκη στη Βουλή)
Νίκος Χαρδαλιάς (Υφυπουργός Πολιτικής Προστασίας)
Νίκος Παπαθανάσης (αναπλ. Υπουργός Ανάπτυξης και Επενδύσεων)
Γιώργος Πατούλης (Περιφερειάρχης Αττικής)».",2026,3,22,10
2026-03-17 21:59:00,"Οιυποκλοπέςεξακολουθούν να προκαλούν πολιτικές αντιδράσεις, με τονυπουργό Υγείας Άδωνι Γεωργιάδηνα δηλώνει σε πρωινή τηλεοπτική εκπομπή ότι πρόκειται για«αδιάφορο θέμα».
Η τοποθέτηση αυτή ήρθε μετά τις τελευταίες αποκαλύψεις καιτη δήλωση του Ταλ Ντίλιαν στο Mega, με τον υπουργό να σπεύδει να εξαιρέσει την κυβέρνηση από οποιαδήποτε ευθύνη.
Ο κ. Γεωργιάδης έχει από την αρχή επιλέξει τη γραμμή της απαξίωσης του ζητήματος, λέγοντας χαρακτηριστικά:«όποιος χρησιμοποιεί smart phone και νομίζει ότι είναι αδύνατον να του παρακολουθούν το τηλέφωνο είναι ανόητος!».
Δεν είναι η πρώτη φορά που ο υπουργός εκφράζει ανάλογη στάση. Με ανάρτησή του στα μέσα κοινωνικής δικτύωσης είχε απευθυνθεί στον δημοσιογράφο Θανάση Κουκάκη, θύμα του σκανδάλου, γράφοντας«κουράσατε με τις υποκλοπές»και προσθέτοντας ότι θα εκπλαγόταν αν μάθαινε πως δεν τον παρακολουθούσαν.
Διαβάστε ακόμα: Ο ιδρυτής της Intellexa καίει το Μαξίμου για το Predator: «Πελάτες μας μόνο κυβερνήσεις» – Καταρρέει το αφήγημα περί ιδιωτών
Σε επανειλημμένες δηλώσεις του, ο κ. Γεωργιάδης έχει χαρακτηρίσει τις υποκλοπές ως παγκόσμιο φαινόμενο, υποστηρίζοντας ότι είναι πρακτικά αδύνατο να αποφευχθούν. Όπως έχει σημειώσει,«όπου πας στον πλανήτη, στις σοβαρές συναντήσεις άπαντες αφήνουν τα κινητά τους έξω. Ούτε καν κλειστά. Έξω», επισημαίνοντας ότι η τεχνολογική πρόοδος διευκολύνει τέτοιες ενέργειες.
Η στάση αυτή προκαλεί ερωτήματα, καθώς ο κ. Γεωργιάδης δεν είναι ένας απλός πολίτης αλλά αντιπρόεδρος της ΝΔ και υπουργός Υγείας. Παράλληλα, υπήρξε στόχος των αποκαλούμενων από το Μέγαρο Μαξίμου«ιδιωτών του Predator», αφού, σύμφωνα με δημοσιεύματα, στο τηλέφωνό του εστάλησαν 11 μολυσμένα sms.
Με αυτά τα δεδομένα, θα ανέμενε κανείς ο υπουργός να κινηθεί νομικά για να διαλευκανθεί ποιοι κρύβονται πίσω από την υπόθεση. Μια τέτοια ενέργεια θα έστελνε το μήνυμα ότι σε μια ευνομούμενη δημοκρατία οι παρακολουθήσεις δεν είναι ανεκτές.
Ωστόσο, ο κ. Γεωργιάδης φαίνεται να αντιμετωπίζει το θέμα με αδιαφορία, παρουσιάζοντάς το ως αναπόφευκτη πραγματικότητα. Η στάση αυτή, όταν προέρχεται από υπουργό που διαχειρίζεται κρίσιμα ζητήματα, θεωρείται από πολλούς επικίνδυνη για τη λειτουργία της Δημοκρατίας.
Η λογική του«ας με παρακολουθούν, δεν έχω τίποτε να κρύψω»δεν μπορεί να αποτελεί θεσμική στάση. Αντιθέτως, όπως επισημαίνουν αναλυτές, υπονομεύει την εμπιστοσύνη των πολιτών στους θεσμούς και αποδυναμώνει την έννοια της προστασίας της ιδιωτικότητας.
Ο υπουργός έχει υποστηρίξει ότι οι πολίτες δεν πρέπει να κρατούν σημαντικά δεδομένα στα κινητά τους. Ωστόσο, το επιχείρημα αυτό, όπως σημειώνουν παρατηρητές, αγνοεί τη βασική λειτουργία της τηλεφωνικής επικοινωνίας, ειδικά σε περιπτώσεις έκτακτης ανάγκης.
Η ιδέα ότι ένας υπουργός θα πρέπει να βρίσκεται σε προστατευμένο χώρο για να συνομιλήσει με ασφάλεια δείχνει, σύμφωνα με τους επικριτές του, έλλειψη σοβαρότητας. Παρά τις συνεχείς αναφορές του στο ζήτημα, ο κ. Γεωργιάδης δεν έχει κινηθεί νομικά κατά των εμπλεκομένων, επιμένοντας στη ρητορική της υποβάθμισης του θέματος.
Αντίθετα, ο υπουργός Υγείας πρωτοστάτησε στην επίθεση κατά του τότε προέδρου της Αρχής Διασφάλισης του Απορρήτου των Επικοινωνιών, Χρήστου Ράμμου, όταν εκείνος ζήτησε να ενημερώσει τη Βουλή για τα ευρήματα της Αρχής. Σε επιστολή του προς τον πρόεδρο της Επιτροπής Θεσμών και Διαφάνειας Κ. Μπούρα και τον τότε πρόεδρο της Βουλής Κωνσταντίνο Τασούλα, ο κ. Ράμμος είχε ζητήσει τη σύγκληση της Επιτροπής για ζητήματα δημοσίου ενδιαφέροντος που άπτονται των αρμοδιοτήτων της ΑΔΑΕ.
Το αίτημα απορρίφθηκε και ακολούθησαν σφοδρές επιθέσεις από κυβερνητικά στελέχη. Ο κ. Γεωργιάδης είχε δηλώσει στον ΣΚΑΪ ότι ο κ. Ράμμος«έχει αγγίξει τα όρια της προδοσίας και όχι μόνο της νομιμότητας».",2026,3,17,21
2026-03-17 20:49:00,"Χειμαρρώδης και αποκαλυπτικός οΔημήτρης Κουτσούμπας,ΓΓ της ΚΕ του ΚΚΕστην εφ΄όλης της ύλης συζήτησή του με τηνΡάνια Τζίμαγια την ενότηταinterviews του in, μιλά για τους επικίνδυνους κυβερνητικούς χειρισμούς που εμπλέκουν τη χώρα στο πόλεμο, είναι καταπέλτης εναντίον της κυβέρνησης για το σκάνδαλο των υποκλοπών εκτιμώντας ότι ο Κυριάκος Μητσοτάκης έχει «και ποινικές εκτός από πολιτικές ευθύνες», ασκεί δριμεία κριτική στο σύστημα και τα κόμματα που κατά την άποψή του το εκφράζουν μιλώντας για την πολιτική κατάσταση στη χώρα.
«Ο Μητσοτάκης η εκτίμησή μας είναι ότι θα φύγει μετά τις εκλογές», λέει ευθαρσώς ο κ. Κουτσούμπας αποκαλύπτοντας και εξομολογήσεις γαλάζιων στελεχών στο εντευκτήριο της Βουλής.
«Η ΝΔ στις εκλογές δεν υπάρχει περίπτωση ούτε στα όνειρά της τα καλύτερα να δει αυτοδυναμία. Δεν υπάρχει περίπτωση καμία. Και ας λέει ό,τι θέλει. Όσα και να ‘ναι τα μικρά κόμματα, που θα ‘ναι αρκετά, τα οποία θα μείνουν εκτός Βουλής, κινούμενα στο φάσμα δηλαδή του 3% και κάτω, παρόλα αυτά δεν θα πάρει αυτοδυναμία. Θα είναι πολύ χαμηλά τα ποσοστά της» σε σχέση με αυτά που είχε στις προηγούμενες και στις τελευταίες εκλογές, επισημαίνει ο κ. Κουτσούμπας και προεξοφλεί την αποχώρηση Μητσοτάκη από την ηγεσία της ΝΔ. «Μέσα στη Νέα Δημοκρατία υπάρχουν φωνές, που δεν θέλουν τον κύριο Μητσοτάκη, είναι καθαρό. Δηλαδή ο κύριος Σαμαράς, ο κύριος Καραμανλής, άλλοι επίσης που ακόμα δεν εκδηλώνονται ανοιχτά, αλλά συζητάνε και τα λένε και σε σας τους δημοσιογράφους, τα λένε και σε εμάς, τα λένε στους διαδρόμους της Βουλής. Λένε ότι τέλειωσε…» προσθέτει με τον χαρακτηριστικό τρόπο του.
«Ο Μητσοτάκης κατά τη γνώμη μας θα φύγει αυτή είναι η εκτίμησή μας. Γιατί έχει δρομολογηθεί η πορεία αυτή και μέσα από το κόμμα της ΝΔ»επισημαίνει ο κ. Κουτσούμπας. Εκτιμά ότι με την αποχώρηση Μητσοτάκη θα καταστεί δυνατός ο σχηματισμός κυβέρνησης, πιθανώς και χωρίς δεύτερες κάλπες, μιλώντας για το ενδεχόμενο «κυβέρνησης ειδικού σκοπού» και σημειώνοντας με νόημα ότι υπάρχουν πολλοί πρόθυμοι στη αντιπολίτευση.
«Ούτε να το σκεφτεί η κυβέρνηση» για συνδρομή στις ΗΠΑ προκειμένου να εξασφαλιστεί η διέλευση στα Στενά του Ορμούζ είναι το μήνυμα που στέλνει ο ΓΓ της ΚΕ του ΚΚΕ, Δημήτρης Κουτσούμπας, ενώ την ίδια στιγμή σημειώνει ότι η κυβέρνηση με όσα έχει κάνει μέχρι σήμερα, «εμπλέκει μέρα τη μέρα, ώρα την ώρα, όλο και περισσότερο τη χώρα μας, τον ελληνικό λαό σ’ αυτό το θέατρο του πολέμου που δεν βρίσκεται κάπου μακριά, είναι πολύ κοντά εδώ στην περιοχή μας».
</p><p>
Ο Δημήτρης Κουτσούμπας ασκεί δριμύτατη κριτική στην κυβέρνηση της ΝΔ τόσο για το ρόλο των αμερικανικών βάσεων επί ελληνικού εδάφους, όσο και για την επιλογή της να στείλει δυνάμεις στην Κύπρο, να δώσει τους Patriot στη Σαουδική Αραβία, ενώ την ίδια στιγμή επιμένει στη θέση του ΚΚΕ ενάντια στην ένταξη της Ελλάδας τόσο στο ΝΑΤΟ όσο και στην ΕΕ.
«Ουδετερότητα δεν είναι το να έχεις στρατιωτικές αμερικάνικες βάσεις οι οποίες να χρησιμοποιούνται ως ορμητήριο σ’ αυτόν τον επικίνδυνο και εγκληματικό πόλεμο ενάντια σε άλλους λαούς της περιοχής. Ουδετερότητα δεν είναι να στέλνεις φρεγάτες στην Ερυθρά Θάλασσα για να στηρίζουν τις νηοπομπές και όλα τα υπόλοιπα συμφέροντα εκεί, που δεν είναι συμφέροντα του ελληνικού λαού. Ουδετερότητα δεν είναι να έχεις συστοιχίες Patriot στη Σαουδική Αραβία για την προστασία της Σαουδικής Αραβίας» τονίζει.
Αναφερόμενος δε ειδικά στο ζήτημα της αποστολής δυνάμεων στην Κύπρο, ο κ. Κουτσούμπας, υπογραμμίζει για μία ακόμα φορά πως αυτό «δεν είναι προστασία της Κύπρου και του Κυπριακού λαού. Κάθε άλλο. Ίσα ίσα μεγαλώνει η εμπλοκή και γίνεται η Κύπρος και ο κυπριακός λαός στόχος αντιποίνων».
Επιχειρηματολογώντας υπέρ της θέσης του ΚΚΕ τονίζει ότι η επίθεση από το Ιράν ή τη Χεζμπολάχ που δέχτηκε το νησί, έγινε στη βρετανική βάση στο Ακρωτήρι, η οποία όπως υπενθυμίζει «είναι βρετανικό έδαφος, που έχει απόλυτη κυριαρχία. Δεν αφορά, δεν είναι κυρίαρχο κυπριακό έδαφος. Άρα λοιπόν εκεί, δεν χτυπήθηκε η Κύπρος, δεν χτυπήθηκε ο κυπριακός λαός».
Σχολιάζοντας κινήσεις της κυβέρνησης, όπως η αποστολή συστοιχίας Patriot στην Κάρπαθο, ο κ. Κουτσούμπας μιλά για μία επιθετική πολιτική της Αθήνας που δεν έχει στόχο την άμυνα της χώρας, από απειλή, αλλά στρέφεται απέναντι στους αντιπάλους των ΗΠΑ και του Ισραήλ, δηλαδή το Ιράν και επιδίωξη είναι η προστασία της Σούδας.
Επιμένει παράλληλα στις πληροφορίες του ΚΚΕ πως δύο drones που καταρρίφθηκαν κατευθύνονταν στη Σούδα, μία πληροφορία που όπως είπε την είχαν όλα τα κόμματα και η κυβέρνηση και αυτή συνδυάζεται με σειρά δηλώσεων, όπως του ΥΠΑΜ της Βρετανίας, ενώ ακολούθησε η αποστολή συστοιχίας Patriot στην Κάρπαθο, τότε αυτή αξιολογείται ως έγκυρη.
«Εμείς δεν θέλουμε να δημιουργήσουμε ανησυχία στον ελληνικό λαό. Εμείς θέλουμε να πούμε αυτό που λέμε από την πρώτη στιγμή. Ότι η ανησυχία μας είναι ότι η βάση της Σούδας, οι άλλες στρατιωτικές βάσεις των Αμερικάνων εδώ στην Ελλάδα, όλη αυτή η εμπλοκή που γίνεται με φρεγάτες, με οπλικά συστήματα, με συστοιχίες Patriot, με άλλα οπλικά συστήματα που στέλνονται για βοήθεια των συμμάχων, αυτό που λέει η κυβέρνηση, είναι παράγοντες αστάθειας, είναι παράγοντες κινδύνου» υπογραμμίζει ο Δημήτρης Κουτσούμπας.
Ο κ. Κουτσούμπας αρνείται ότι οι κυβερνώντες «είναι απλώς κάποιοι ανίκανοι, κάποιοι αφελείς, κάποιοι υπόδουλοι μόνο σε κάποιους ξένους και λοιπά, αλλά είναι και οι ίδιοι που έχουν οικονομικά συμφέροντα τα οποία τα στηρίζουν συμμετέχοντας σ’ αυτό τον πόλεμο, με κίνδυνο για τους λαούς».
Ο ΓΓ της ΚΕ του ΚΚΕ υπογραμμίζει ότι η κυβέρνηση στηρίζει και το εφοπλιστικό κεφάλαιο, σημειώνοντας ότι οι Έλληνες εφοπλιστές έχουν κέρδη εκατομμυρίων «λόγω ακριβώς αυτού του ιμπεριαλιστικού πολέμου», ενώ την ίδια στιγμή οι ναυτεργάτες που δουλεύουν εκεί «δεν έχουν κέρδος. Αντίθετα την πληρώνουν και με τη ζωή τους».
Σαφής είναι ο κ. Κουτσούμπας και όσον αφορά τα μέτρα για την ακρίβεια, τονίζοντας πως «αυτή τη στιγμή έπρεπε να υπάρχει πλαφόν στις τιμές. Έπρεπε να υπάρχουν πλαφόν στις χονδρικές τιμές επίσης, στο καύσιμο, στην ενέργεια, και όχι πλαφόν στα περιθώρια κέρδους. Γιατί αυτά ουσιαστικά ευνοούν τους έχοντες και κατέχοντες».
«Αν θέλετε την πολιτική εκτίμησή μου, είμαι 100% σίγουρος ότι ο πρωθυπουργός ζήτησε τις υποκλοπές. Διότι είναι στις αρχές του και του κ. Μητσοτάκη και άλλων, ότι βεβαίως πρέπει να παρακολουθούμε για διάφορους λόγους και πολιτικούς» λέει ο Δημήτρης Κουτσούμπας.
</p><p>
Ο κ. Μητσοτάκης έχει «και ποινικές εκτός από πολιτικές ευθύνες», λέει ο κ. Κουτσούμπας και ζητά πλήρη διερεύνηση της υπόθεσης και απόδοση των ευθυνών. Το ΚΚΕ θα ζητήσει και σύσταση Προανακριτικής Επιτροπής για το θέμα.
Στο στόχαστρο του Δημήτρη Κουτσούμπα μπαίνουν πάντως και τα κόμματα της Αντιπολίτευσης, του κ. Ανδρουλάκη που υπήρξε θύμα των υποκλοπών συμπεριλαμβανομένου: «Ψήφισε όμως το θεσμικό πλαίσιο που ως δόγμα έχει ‘ουδείς εξαιρείται των παρακολουθήσεων’. Άρα λοιπόν σκέφτεσαι τι κάνεις πριν το κάνεις γιατί μετά γίνεσαι εσύ θύμα», λέει, προσθέτοντας ότι την τελευταία δεκαετία έχουν δοθεί 100.000 άδειες από την Εισαγγελία για παρακολούθηση προσώπων.
Δεν παραλείπει δε να αναφερθεί στην παρακολούθηση του τηλεφωνικού κέντρου του ΚΚΕ , στηλιτεύοντας τη στάση των υπόλοιπων κομμάτων που δεν πίεσαν για τη διερεύνηση της υπόθεσης.
Ο Δημήτρης Κουτσούμπας αναλύει το πολιτικό σκηνικό στην παρούσα συγκυρία. Δεν συμμερίζεται καθόλου την αγωνία περί ακυβερνησίας. «Το σύστημα έχει διεξόδους. Μπορεί να βρει. Ίσως η χώρα να μην έχει διακυβέρνηση με τον τρόπο που συνήθως υπάρχει μέχρι σήμερα, τα 50 και πλέον χρόνια της μεταπολίτευσης» όπου κυριάρχησε ο δικομματισμός.
Εκφράζοντας τις γνωστές θέσεις του ΚΚΕ ο κ. Κουτσούμπας σημειώνει ότι «η σοσιαλδημοκρατία διεθνώς, ειδικότερα στην Ευρώπη και πιο πολύ στην Ελλάδα, έχει φθαρεί. Βρίσκεται σε στρατηγικό αδιέξοδο. Και γιατί κυβέρνησε και πήρε κυβερνήσεις με συνθήματα πολύ προωθημένα, ριζοσπαστικά, τα οποία τα έκανε φύλλο και φτερό, τα πέταξε στην άκρη απ’ την άλλη μέρα κιόλας, και αυτό ισχύει και για το ΠΑΣΟΚ και για τον ΣΥΡΙΖΑ. Ακολούθησαν αντιλαϊκές πολιτικές, αντίστοιχες με τις δεξιές που μέχρι τότε κατήγγειλαν». Προσθέτει ότι η σοσιαλδημοκρατία «βρίσκεται σήμερα σε μια στρατηγική ταύτιση και ενιαία πορεία με τους χώρους της δεξιάς, τη Νέα Δημοκρατία, τα φιλελεύθερα κόμματα στην Ευρώπη».
Τονίζοντας ότι ουσιαστικά έχουμε ήδη μπει σε προεκλογική περίοδο, ο κ. Κουτσούμπας προβλέπει ότι οι εξελίξεις θα είναι ταχύτερες από το φθινόπωρο και μετά «γιατί ακόμα δεν έχει τελειώσει αυτή η πρώτη φάση αναμόρφωσης αυτού του αστικού πολιτικού συστήματος».
«Δεν είμαστε καθόλου σίγουροι από ό,τι φαίνεται ότι θα ‘ναι με αυτή τη σύνθεση όλα τα κόμματα στις εκλογές τις ερχόμενες» λέει ο Δημήτρης Κουτσούμπας και αναφέρεται όχι ομολογουμένως με θετικά λόγια στα νέα κόμματα που αναμένονται, της Μαρίας Καρυστιανού και του Αλέξη Τσίπρα.
Ενδιαφέρον, αν και δεν κρύβει κάποια έκπληξη, έχει η απάντηση του κ. Κουτσούμπα κληθείς να σχολιάσει την προτροπή Τσίπρα για προσπάθεια εύρεσης κοινού τόπου μεταξύ των κομμάτων που βρίσκονται στα αριστερά της ΝΔ προκειμένου να υπάρξει ένας ισχυρός διαφορετικός πόλος. «Εμείς ακούμε το διαφορετικό πόλο και την εναλλακτική μόνο που έχουμε εντελώς διαφορετική άποψη για το ποιος πρέπει να είναι αυτός ο πόλος και αυτή η εναλλακτική», λέει ο κ. Κουτσούμπας για να καταλήξει ότι οι διαφορές είναι πολύ μεγάλες και θα πρέπει ο ίδιος ο λαός να δώσει την απάντηση, «πρέπει να στραφεί ενάντια σε όλους αυτούς και να φτιάξει το δικό του μέτωπο, τη δική του συμμαχία, το δικό του εναλλακτικό πόλο, μέσα στο κίνημα».
Σε ότι αφορά τα ποσοστά του ΚΚΕ στις δημοσκοπήσεις ο κ. Κουτσούμπας εστιάζει όχι στα ποσοτικά αλλά στο «ποιοτικό στοιχείο» που είναι η σταθερότητα του ποσοστού σε όλες τις έρευνες κοινής γνώμης. «Δηλαδή το ΚΚΕ δεν είναι κόμμα ασανσέρ» σημειώνει.
Η συζήτηση ολοκληρώνεται με αναφορά στις συγκλονιστικές φωτογραφίες – ντοκουμέντα από τους 200 κομμουνιστές που εκτελέστηκαν στην Καισαριανή.
«Ιδιαίτερα αυτή η τελευταία φωτογραφία είναι συγκλονιστική. Αυτή που φεύγουν ήδη οι σφαίρες, έχουν πυροβολήσει δηλαδή φαίνεται ο καπνός απ’ τα όπλα και είναι όρθιοι ακόμα, δεν τους έχουν αγγίξει για να πέσουν κάτω. Και πώς στέκονται αγέρωχοι. Αυτό είναι οι κομμουνιστές. Γι’ αυτό ήταν, είναι ήρωες, αγωνιστές, Έλληνες, ακριβώς επειδή ήταν κομμουνιστές».",2026,3,17,20
2026-03-17 14:37:00,"Το μεγαλύτερο «αγκάθι»στις μεταξύ τους σχέσεις υπήρχε από το καλοκαίρι του 2022. Είναι αυτό που κλιμακώνει πια περισσότερο από ποτέ την ένταση ανάμεσά τους, μεγαλώνοντας τις πολιτικές αποστάσεις και, ενόψει της επόμενης εκλογικής αναμέτρησης, εδραιώνοντας τον χώρο του Κέντρου ως το κεντρικό πεδίο μάχης.
H υπόθεση των τηλεφωνικών παρακολουθήσεων φέρνει ξανά αντιμέτωπους τονΚυριάκο Μητσοτάκηκαι τον Νίκο Ανδρουλάκη και, υπό το πρίσμα των τελευταίων εξελίξεων, προδιαγράφεται ότι θα παραμείνει στο προσκήνιο σε πολιτικό και σε δικαστικό επίπεδο.
Κοινό μυστικό φαίνεται πως ήταν οι απάτες εις βάρος τουΟΠΕΚΕΠΕ, με πολλούς και κρίσιμους κρίκους στην αλυσίδα των επιδοτήσεων να κάνουν ότι δεν γνωρίζουν ή να κάνουν τα στραβά μάτια, με αποτέλεσμα παραγωγοί που δεν πληρούσαν τις νόμιμες προϋποθέσεις να περνούν κάτω από τα ραντάρ του Οργανισμού και να εισπράττουν ανενόχλητοι χιλιάδες ευρώ.
Φύλλο και φτερό έκανε η Αρχή κατά του Ξεπλύματος Χρήματος το «χαρτοφυλάκιο» με όλα τα περιουσιακά δεδομένα του προέδρου της ΓΣΕΕΓιάννη Παναγόπουλουκαι άλλων δύο φυσικών προσώπων που ελέγχονται ήδη ποινικά για υπόθεση κακοδιαχείρισης κονδυλίων που προορίζονταν για προγράμματα εκπαιδευτικής και επαγγελματικής κατάρτισης.",2026,3,17,14
2026-03-16 18:29:00,"Στις δηλώσεις του κυβερνητικού εκπροσώπου, Παύλου Μαρινάκη, για τις υποκλοπές και το Predator,  απάντησε με ανακοίνωσή του ο εκπρόσωπος Τύπου του ΠΑΣΟΚ-Κινήματος Αλλαγής, Κώστας Τσουκαλάς.
«Ο κυβερνητικός εκπρόσωπος στην ενημέρωση των πολιτικών συντακτών απέφυγε να δηλώσει κατηγορηματικά «ναι ή όχι», στο ερώτημα αν το ελληνικό κράτος αγόρασε και λειτούργησε μέσω των υπηρεσιών του το Predator, όπως ευθέως είπε ο ιδιοκτήτης της εταιρείας Intellexa, κ. Ντίλιαν.
Διαβάστε ακόμα: Ποιος υπέγραψε για το Predator;
Οχυρώθηκε πίσω από τη διάταξη του Αντεισαγγελέα Ζήση παραγνωρίζοντας ότι μετά την απόφαση του Μονομελούς Πλημμελειοδικείου Αθηνών η υπόθεση αναπέμπεται στη δικαιοσύνη για επιπλέον έρευνα – σημειωτέον και για το αδίκημα της κατασκοπείας. Η υπόθεση συνεπώς «δεν τελείωσε, τελεία», όπως μας ενημέρωσε ο κ. Μαρινάκης.
Διαβάστε ακόμα: «Σημείο καμπής» η δήλωση Ντίλιαν για τις υποκλοπές λέει ο δικηγόρος θυμάτων του Predator
Είναι, όμως, πραγματικά ακατανόητη η σπουδή του κ. Μαρινάκη να θεωρήσει «κλεισμένη» μια υπόθεση από την οποία προκύπτουν τόσα αναπάντητα ερωτήματα για την εθνική ασφάλεια.
Δεν θεωρεί σημαντικό ο Κυβερνητικός Εκπρόσωπος το γεγονός ότι τέσσερις ιδιώτες φέρεται να παρακολουθούσαν υπουργούς, αρχηγούς ενόπλων δυνάμεων και άλλους αξιωματούχους και να μαθαίνουν κρατικά μυστικά;
Είναι για τον κ. Μητσοτάκη «αδιάφορο ζήτημα», όπως δηλώνει ο Αντιπρόεδρος της Νέας Δημοκρατίας και υπουργός Υγείας, Αδ. Γεωργιάδης;
Η κυβέρνηση είναι βαρύτατα εκτεθειμένη και δεν θα αποφύγει τη λογοδοσία για το παρακράτος που έστησε, τραυματίζοντας το κράτος δικαίου και υπονομεύοντας την ποιότητα της δημοκρατίας».",2026,3,16,18
2026-03-16 17:06:00,"Οεκπρόσωπος Τύπου του ΠΑΣΟΚ-Κινήματος ΑλλαγήςΚώστας Τσουκαλάς εξαπέλυσε σφοδρή επίθεση κατά της κυβέρνησης, υποστηρίζοντας ότι «η κυβέρνηση είναι βαρύτατα εκτεθειμένη και δεν θα αποφύγει τη λογοδοσία για το παρακράτος που έστησε». Η δήλωσή του ήρθε με αφορμή τις τοποθετήσεις του κυβερνητικού εκπροσώπου σχετικά με την υπόθεση του λογισμικού Predator.
Ο κ. Τσουκαλάς σημείωσε ότι «ο Κυβερνητικός Εκπρόσωπος στην ενημέρωση των πολιτικών συντακτών απέφυγε να δηλώσει κατηγορηματικά ‘ναι ή όχι’ στο ερώτημα αν το ελληνικό κράτος αγόρασε και λειτούργησε μέσω των υπηρεσιών του το Predator, όπως ευθέως είπε ο ιδιοκτήτης της εταιρείας Intellexa, κ. Ντίλιαν».
Όπως πρόσθεσε, «οχυρώθηκε πίσω από τη διάταξη του Αντεισαγγελέα Ζήση, παραγνωρίζοντας ότι μετά την απόφαση του Μονομελούς Πλημμελειοδικείου Αθηνών η υπόθεση αναπέμπεται στη δικαιοσύνη για επιπλέον έρευνα — σημειωτέον και για το αδίκημα της κατασκοπείας». «Η υπόθεση συνεπώς ‘δεν τελείωσε, τελεία’, όπως μας ενημέρωσε ο κ. Μαρινάκης», τόνισε.
Ο εκπρόσωπος του ΠΑΣΟΚ χαρακτήρισε «ακατανόητη» τη σπουδή του κυβερνητικού εκπροσώπου να θεωρήσει «κλεισμένη» μια υπόθεση που, όπως είπε, «γεννά αναπάντητα ερωτήματα για την εθνική ασφάλεια». «Δεν θεωρεί σημαντικό ο Κυβερνητικός Εκπρόσωπος το γεγονός ότι τέσσερις ιδιώτες φέρεται να παρακολουθούσαν υπουργούς, αρχηγούς ενόπλων δυνάμεων και άλλους αξιωματούχους και να μαθαίνουν κρατικά μυστικά;», διερωτήθηκε.
Παράλληλα, ο κ. Τσουκαλάς έθεσε το ερώτημα αν «είναι για τον κ. Μητσοτάκη ‘αδιάφορο ζήτημα’, όπως δηλώνει ο Αντιπρόεδρος της Νέας Δημοκρατίας και υπουργός Υγείας, Αδ. Γεωργιάδης».
Κλείνοντας, υπογράμμισε ότι «η κυβέρνηση είναι βαρύτατα εκτεθειμένη και δεν θα αποφύγει τη λογοδοσία για το παρακράτος που έστησε, τραυματίζοντας το κράτος δικαίου και υπονομεύοντας την ποιότητα της δημοκρατίας».",2026,3,16,17
2026-03-16 16:55:00,"“Το ότι ο κύριος Μαρινάκης δεν σχολιάζει την αποκάλυψη του Ντίλιαν δεν μας βρίσκει έκπληκτους, διότι απ’ ό,τι ξέρουμε έρχονται κι άλλες αποκαλύψεις που καίνε και κάποιοι θα χάσουν τη μιλιά τους”, υποστηρίζει ο πρόεδρος της Ελληνικής Λύσης, Κυριάκος Βελόπουλος, για την υπόθεση των υποκλοπών, και προσθέτει:
“Ακόμα και οι λαλίστατοι υπουργοί της ΝΔ που δεν έκαναν μηνύσεις ενώ έμαθαν ότι τους παρακολουθούσαν. Ποιοι;  Ξέρουν πολύ καλά στο Μέγαρο Μαξίμου ποιοι τα έκαναν και γιατί τα έκαναν”.",2026,3,16,16
2026-03-14 22:05:00,"Εκτεθειμένη είναι η κυβέρνησημετά τη «βόμβα» του Μr. IntellexaΤαλ Ντίλιανστο MEGA, ότι η εταιρία του πουλά το κατασκοπευτικό λογισμικόPredatorμόνο σε κυβερνήσεις και κρατικές Αρχές.
«Είναι μία πάρα πολύ σημαντική στιγμή. Είναι ένα σημείο καμπής αυτό, διότι είναι η πρώτη φορά που ο βασικός κατηγορούμενος έρχεται και δηλώνει ρητά, έχουμε μία έμμεση ομολογία, η οποία όμως δείχνει ότι το κατασκοπευτικό λογισμικό Predator δούλεψε στην Ελλάδα υπό την σκέπη της κυβέρνησης και των υπηρεσιών επιβολής της τάξης. Άρα, είναι κάτι το οποίο, παρότι αναζητήθηκε κατά τη διάρκεια της δίκης, δεν δηλώθηκε ποτέ ρητώς», είπε στην εκπομπή «Εξελίξεις Τώρα» ο δικηγόρος θυμάτων του Predator, Ζαχαρίας Κεσσές.
Όπως λέει ο κ. Κεσσές: «Έχουμε βγει από μία διαδικασία 39 συνεδριάσεων που έχουν προκύψει νέα αποδεικτικά στοιχεία, τα οποία δεν τα είχε ο Άρειος Πάγος το 2022, τα οποία οδήγησαν στο δικαστήριο στην καταδίκη και στη διαβίβαση της δικογραφίας για τη διερεύνηση της κατασκοπείας. Γιατί προέκυψε το κοινό κέντρο λειτουργίας ανάμεσα στην ΕΥΠ και στην Intellexa. Άρα, ο κύριος Ντίλιαν δεν έρχεται να πει κάτι το οποίο δεν προκύπτει από πουθενά. Έχει ήδη αποδειχθεί. Κλείνει ο κύκλος. Έρχεται ο Ταλ Ντίλιαν και το επικυρώνει».
Σύμφωνα με κ. Κεσσέ: «Ιδίως τα πρόσωπα ευθύνης, αυτά τα οποία είχαν ιδιαίτερη νομική υποχρέωση και ηθική να πάνε στις Αρχές, να ζητήσουν τη δίωξη όσων τους παγίδευσαν, γιατί δεν μπήκαν μόνο στο σπίτι τους, μπήκανε στο γραφείο τους, στα υπουργεία, στα κρίσιμα υπηρεσιακά δεδομένα… Αυτοί οι άνθρωποι, εμένα ξεκάθαρα η άποψή μου είναι ότι έχουν επιλέξει είτε τον δρόμο της συναλλαγής, είτε τον δρόμο της εκβίασης. Είτε εκβιάζονται να μην κάνουν κάτι, είτε συναλλάσσονται. Κάποιος τους έχει πει ‘κάτσε φρόνιμα και θα το εκτιμήσουμε’ ή κάποιος άλλος τους είπε “μην κάνεις κάτι, διότι εδώ έχουμε κάποια στοιχεία για σένα”. Δεν υπάρχει άλλη εξήγηση».",2026,3,14,22
2026-03-13 18:22:00,"Ραγδαίες εξελίξεις φαίνεται να προκαλεί στοσκάνδαλο των υποκλοπώνη δήλωση του Ισραηλινού πρώην στρατιωτικού και επιχειρηματία,ιδρυτής της εταιρείας Intellexa, Ταλ Ντίλιαν, στην εκπομπήMega Storiesμε τηΔώρα Αναγνωστοπούλου.
ΟΤαλ Ντίλιανυποστήριξε ότι η εταιρεία του παρέχει τεχνολογία αποκλειστικά σε κυβερνήσεις και σε αρχές επιβολής του νόμου. Ηδήλωση αυτή έρχεται σε αντίθεση με τη μέχρι τώρα κυβερνητική θέση, σύμφωνα με την οποία το σκάνδαλο των παρακολουθήσεων αποτελούσευπόθεση μεταξύ ιδιωτών.
Είναι η πρώτη φορά που η πλευρά Ντίλιαναναφέρεται τόσο ξεκάθαρα στο ποιοι είναι οι πελάτες της εταιρείας του. Μέχρι σήμερα, από την ακροαματική διαδικασία της δίκης για τις υποκλοπές είχε προκύψει ότι το λογισμικό παρακολούθησηςPredatorεξαγόταν σε τρίτες χώρες, μάλιστα με τηνέγκριση της ελληνικής κυβέρνησηςμέσω του Υπουργείου Εξωτερικών.
Κατά τη διάρκεια της δίκης, η γραμματέας του Γιάννη Λαβράνου, Λίνα Κατσούδα, κατέθεσε ότι η ίδια είχε επικοινωνήσει με το Υπουργείο Εξωτερικών, κατόπιν εντολής του εργοδότη της, προκειμένου ναεκδοθούν άδειες εξαγωγής του Predator σε τρίτες χώρες.
Μετά την αποκάλυψη της υπόθεσης, ο τότε γενικός γραμματέας του υπουργείου, Γιάννης Σμυρλής, μετακινήθηκε από τη θέση του και στη συνέχεια ανέλαβε διευθυντικό ρόλο στη Νέα Δημοκρατία. Ωστόσο, δεν κλήθηκε ποτέ να καταθέσει για την υπόθεση ενώπιον της Δικαιοσύνης.
Όπως αναφέρει η Δώρα Αναγνωστοπούλου: «Στις 7:00 το απόγευμα, ο Ταλ Ντίλιαν, ένας εκ των τεσσάρων καταδικασμένων ιδιωτών, επικοινώνησε με την εκπομπή. Είπε πως θα απαντήσει σε μία ερώτηση. Του ζητήσαμε να μας πει ξεκάθαρα, ποιοι ήταν οι πραγματικοί πελάτες του στην Ελλάδα. Αν συνεργάστηκε με κρατικές υπηρεσίες, ελληνικές αρχές, ιδιώτες ή οποιονδήποτε Έλληνα αξιωματούχο».
«Πρώτον και σημαντικότερο, θα αναμένουμε την καθαρογραφή της απόφασης του Μονομελούς Πλημμελειοδικείου Αθηνών, προκειμένου να τη μελετήσουμε και να αποδείξουμε την αθωότητά μας με κάθε νόμιμο τρόπο. Όπως ακριβώς κάνουμε σταθερά από την πρώτη στιγμή.
Διότι καθ’ όλη τη διάρκεια της δίκης, ούτε ένα αποδεικτικό στοιχείο, ούτε μια μαρτυρία δεν μας συνέδεσε με τις φερόμενες πράξεις. Μάλιστα, αυτό έχει αποτυπωθεί επίσης σε δηλώσεις που έγιναν δημόσια κατά τη διάρκεια της διαδικασίας από άλλους και ακόμη και από ενάγοντες.
Λειτουργούμε αυστηρά σύμφωνα με τους ευρωπαϊκούς και διεθνείς κανονισμούς εξαγωγών, παρέχοντας τεχνολογία μόνο σε κυβερνήσεις και υπηρεσίες επιβολής του νόμου. Ουδέποτε έχουμε διεξάγει δραστηριότητες επιτήρησης. Ούτε έχουμε λειτουργική πρόσβαση μετά την παράδοση των συστημάτων.
Η ευθύνη για τη νόμιμη χρήση αυτών των τεχνολογιών, βαρύνει τις αρχές που τις αποκτούν και τις λειτουργούν. Ακριβώς όπως ορίζουν τα διεθνή πλαίσια πολιτικής, συμπεριλαμβανομένου του διακανονισμού Wassenaar για τον έλεγχο εξαγωγών συμβατικών όπλων και αγαθών και τεχνολογιών διπλής χρήσης, της επιτροπής PEGA του Ευρωπαϊκού Κοινοβουλίου και της διαδικασίας Pall Mall».",2026,3,13,18
2026-03-13 13:27:00,"Ραγδαίες εξελίξεις αναμένονται στην πολιτική σκηνή μετα τηχθεσινή αποκάλυψη- ομολογία του Ισραηλινού πρώην στρατιωτικού και νυν επιχειρηματία-ιδιοκτήτη της εταιρείας Intellexa, Ταλ Ντίλιαν, ο οποίος μιλώντας στην εκπομπή Mega Stories “έδειξε” την κυβέρνηση της ΝΔ για το σκάνδαλο υποκλοπών.
Με την αποκλειστική δήλωση που εξασφάλισε ηΔώρα Αναγνωστοπούλουμε την δημοσιογραφική ομάδα του Mega Stories ο Ισραηλινός Ταλ Ντίλιαν, ο ιδρυτής της εταιρείας Intellexa που έφερε στην Ελλάδα το λογισμικό παρακολουθήσεων predator,γκρέμισε το αφήγημα της κυβέρνησης περί μιας υπόθεσης ιδιωτώνπου παρακολουθούσαν το μισό υπουργικό συμβούλιο, πολιτικούς αντιπάλους της κυβέρνησης, δημοσιογράφους και φυσικά πρόσωπα.
Στο ερώτημα της εκπομπής ποιοι ήταν οι πραγματικοί πελάτες του παράνομου κατασκοπευτικού λογισμικού στην Ελλάδα, ο καταδικασμένος πρωτόδικα Ταλ Ντίλιαν είναι αποκαλυπτικός.
“Πελάτες μου είναι οι κυβερνήσεις και οι αρχές ασφαλείας”απάντησε ο Ισραηλινός επιχειρηματίας.
«Πρώτον και σημαντικότερο, θα αναμένουμε την καθαρογραφή της απόφασης του Μονομελούς Πλημμελειοδικείου Αθηνών, προκειμένου να τη μελετήσουμε και να αποδείξουμε την αθωότητα μας με κάθε νόμιμο τρόπο, όπως ακριβώς κάνουμε σταθερά από την πρώτη στιγμή. Διότι καθ’ όλη τη διάρκεια της δίκης , ούτε ένα αποδεικτικό στοιχείο, ούτε μια μαρτυρία δεν μας συνέδεσε με τις φερόμενες πράξεις. Μάλιστα, αυτό έχει αποτυπωθεί επίσης σε δηλώσεις που έγιναν δημόσια, κατά τη διάρκεια της διαδικασίας, από άλλους, ακόμη και από τους ενάγοντες», ανέφερε ο Ταλ Ντίλιαν.
«Λειτουργούμε αυστηρά σύμφωνα με τους ευρωπαϊκούς και διεθνείς κανονισμούς εξαγωγών, παρέχοντας τεχνολογία μόνο σε κυβερνήσεις και υπηρεσίες επιβολής του νόμου. Ουδέποτε έχουμε διεξάγει δραστηριότητες επιτήρησης. Ούτε έχουμε λειτουργική πρόσβαση μετά την παράδοση των συστημάτων»,
»Η ευθύνη για τη νόμιμη χρήση αυτών των τεχνολογιών βαρύνει τις Αρχές που τις αποκτούν και τις λειτουργούν, ακριβώς όπως ορίζουν τα διεθνή πλαίσια πολιτικής, συμπεριλαμβανομένου του Διακανονισμού Wassenaar για τον Έλεγχο Εξαγωγών Συμβατικών Όπλων και Αγαθών και Τεχνολογιών Διπλής Χρήσης, της Επιτροπής PEGA του Ευρωπαϊκού Κοινοβουλίου και της Διαδικασίας Pall Mall».
Όπως αναφέρει το MEGA, η αποκλειστική δήλωση του κ. Ντίλιανβάζει φωτιά στο σκάνδαλο των υποκλοπών και των παράλληλων παρακολουθήσεων της ΕΥΠτην ώρα που οι υπουργοί και κάποια πολιτικά πρόσωπα που ενημερώθηκαν ότι έπεσαν θύματα του predator δεν έκαναν καμία νομική κίνηση.
Αν είχαν κινηθεί δικαστικά, οι ποινές του μονομελούς πλημμελειοδικείου όχι μόνο θα ήταν αυστηρότερες αλλά τα 4 φυσικά πρόσωπα που καταδικάστηκαν σε 126 χρόνια φυλάκισης θα αντιμετώπιζαν και την κατηγορία της κατασκοπείας.
Μετά την αποκαλυπτική δήλωση Ντίλιαν στο MEGA και μετά την καταλυτική απόφαση του πρωτοδικείου το σκάνδαλο «predatorgate» ξανανοίγει και όπως φαίνεται θα πάει σε βάθος.
Στις αρχές του επόμενου μήναο πρωθυπουργός θα ανταποκριθεί στο αίτημα του Νίκου Ανδρουλάκη για προ ημερησίας διατάξεως συζήτηση στη Βουλήενώ μόλις καθαρογραφεί η απόφαση του δικαστηρίου το ΠΑΣΟΚ θα καταθέσει και αίτημα για σύσταση εξεταστικής επιτροπής
Στο θέμα αναφέρθηκε με δηλώσεις του ο Νίκος Ανδρουλάκης αναφέροντας:«Παρέχουμε υπηρεσίες μόνο σε κυβερνήσεις και υπηρεσίες επιβολής του νόμου», δήλωσε ο κ. Ταλ Ντίλιαν, ιδιοκτήτης της Intellexa, σε τηλεοπτική εκπομπή του Mega λίγες μέρες μετά την καταδίκη του απαντώντας στην ερώτηση: «Ποιοι ήταν οι πραγματικοί πελάτες των συστημάτων παρακολούθησης της εταιρείας στην Ελλάδα;Συνεργαστήκατε με κρατικές υπηρεσίες, ελληνικές αρχές, ιδιώτες ή κάποιον Έλληνα αξιωματούχο;».
Αποκάλυψε δηλαδή ότι η δράση του predator συνδέεται άρρηκτα με την κυβέρνηση και τις κρατικές αρχές.Το αφήγημα στο οποίο επένδυσε η κυβέρνηση της Νέας Δημοκρατίας και προσωπικά ο κ. Μητσοτάκης περί ιδιωτών που δρούσαν τάχα ανεξέλεγκτα και μόνοι τους διακυβεύοντας την εθνική ασφάλεια και καταπατώντας ανθρώπινα δικαιώματα, έπεσε συθέμελα.Το predator και οι παράνομες παρακολουθήσεις ήταν το όπλο ενός παρακράτους, που έστησε ο Πρωθυπουργός και το Μέγαρο Μαξίμου.Ο κ. Μητσοτάκηςδεν μπορεί άλλο να κρύβεται. Οφείλει απαντήσεις τώρα.
Το μισό υπουργικό του συμβούλιο, οι αρχηγοί των Ενόπλων Δυνάμεων, δημοσιογράφοι, αξιωματούχοι παρακολουθούνταν παράνομα. Μετά την κυνική παραδοχή Ντίλιαν, δεν μπορεί να προσποιείται τον ανήξερο και τον «παραπλανημένο».Αναμένω να οριστεί άμεσα η προ ημερήσιας διατάξεως συζήτηση στη Βουλή, που με επιστολή μου έχω ζητήσει από τον Πρόεδρο της Βουλής.Η επιμονή μας να υπερασπιστούμε τα ανθρώπινα δικαιώματα και το κράτος δικαίου στη χώρα φέρνει αποτελέσματα και ρίχνει φως στις σκοτεινές πρακτικές του παρακράτους, που οργάνωσε το Μέγαρο Μαξίμου.
Οι δηλώσεις του ιδιοκτήτη της Intellexa, Ταλ Ντίλιαν, επιβεβαιώνουν πλέον ξεκάθαρα την εμπλοκή της κυβέρνησης στο σκάνδαλο των υποκλοπών, αναφέρει από την πλευρά του ο πρόεδρος του ΣΥΡΙΖΑ,  Σωκράτης Φάμελλος και προσθέτει:
Το αφήγημα των δήθεν «ιδιωτών» κατέρρευσε.Όταν μια εταιρεία που εμπορεύεται τέτοια συστήματα συνεργάζεται μόνο με κυβερνήσεις και υπηρεσίες επιβολής του νόμου, η ευθύνη οδηγεί ευθέως στο Μαξίμου.Η κυβέρνηση Μητσοτάκη οργάνωσε και συγκάλυψε ένα παρακρατικό σύστημα παρακολουθήσεων. Μια βαθιά θεσμική κρίση, που αφορά το κράτος δικαίου, την προστασία των δικαιωμάτων, την εθνική ασφάλεια και την ίδια τη δημοκρατίας μας.Ό,τι κι αν κάνουν πλέον, δεν μπορούν να κρυφτούν.Το κουτί της Πανδώρας άνοιξε. Και μέσα του βρίσκεται η αλήθεια που προσπάθησαν να θάψουν.
Το Μονομελές Πρωτοδικείο Αθηνών έδειξε τον δρόμο. Η ηγεσία της Δικαιοσύνης και του Αρείου Πάγου οφείλουν να αναλάβουν τις ευθύνες τους και να διασφαλίσουν τη διερεύνηση του σκανδάλου σε όλες του τις πτυχές και τα εμπλεκόμενα πρόσωπα.Η Δημοκρατία απαιτεί αλήθεια και λογοδοσία.Η κυβέρνηση και ο ίδιος ο πρωθυπουργός πρέπει να απολογηθούν στον Ελληνικό λαό, και στη Βουλή και ενώπιον της Δικαιοσύνης.
Επίθεση στην κυβέρνηση και προσωπικά στον πρωθυπουργό, για το θέμα των υποκλοπών, εξαπέλυσε σε παρέμβασή του από το βήμα της Ολομέλειας, ο πρόεδρος της Νέας Αριστεράς, Αλέξης Χαρίτσης κάνοντας λόγο για κυβέρνηση «χάκερ» και για «πρωτοφανή θεσμική κατάρρευση».
Όπως υποστήριξε ο κ. Χαρίτσης «μετά  τις δηλώσεις του καταδικασθέντα ιδιοκτήτη της Intellexa Tal Ntilian, ότι οι πελάτες των συστημάτων παρακολούθησης της εταιρίας του ήταν κυβερνήσεις και κρατικοί αξιωματούχοι, δεν μπορεί η κυβέρνηση να σιωπά και να συνεχίζει το έργο της σαν να μην συμβαίνει τίποτα».
«Για αυτό τον κρατικό μηχανισμό παρακολούθησης πρέπει να διερευνηθεί ποιος τον χρησιμοποίησε και πού υπάρχουν ποινικές ευθύνες.Μιλάνε επίσημα για μια κυβέρνηση χάκερ…Η σημασία της δικαστικής απόφασης του Μονομελούς Πρωτοδικείου της Αθήνας έγκειται στο ότι διέγνωσε κίνδυνο της δημοκρατίας […] Εκθέτει τη κυβέρνηση και είναι υπόλογη […]μιλάμε για πρωτοφανή θεσμική κατάρρευση στη δίνη ενός παράνομου λογισμικού […] όλα αυτά που έχουν συμβεί θα έπρεπε να έχουν οδηγήσει σε παραίτηση τον πρωθπουργό ο οποίος μπορεί σε αυτό το τερατούργημα να προστατεύεται όμως είναι υπόλογος και θα λογοδοτήσει», ανέφερε ο κ. Χαρίτσης.
«Έπεσαν οι μάσκες των μασκαράδων των υποκλοπών, μετά από τη δήλωση του Tal Sillian ότι πούλησε το σύστημα παρακολούθησης Predator στο κράτος, δηλαδή στον ίδιο τον πρωθυπουργό και τον διευθυντή του και αυτό χρησιμοποιήθηκε για παρακολουθήσεις, που δεν είχαν καμία σχέση με την “εθνική ασφάλεια”», ισχυρίζεται ο πρόεδρος της Ελληνικής Λύσης,Κυριάκος Βελόπουλος, σε σημερινή δήλωσή του, και προσθέτει:
«Η Ελληνική Λύση θα πάει την συγκεκριμένη υπόθεση “μέχρι τέλους”, ώστε να οδηγηθούν στην φυλακή οι “υποκλοπείς” του Μαξίμου. Η Ελληνική Λύση “γνωρίζει” και όταν σύντομα αποκαλυφθεί το δυσώδες παρασκήνιο του παρακράτους σε όλο του το εύρος, στο οποίο εμπλέκεται αποκλειστικά η “ομήγυρη” του Μητσοτάκη και ο ίδιος ως προϊστάμενος της ΕΥΠ, τότε θα σταματήσουν τα “γέλια” και θα αρχίσουν τα κλάματα, αφού οι πύλες του Κορυδαλλού σύντομα θα ανοίξουν».",2026,3,13,13
2026-03-13 13:18:00,"«Οι δηλώσεις του ιδιοκτήτη της Intellexa, Ταλ Ντίλιαν, επιβεβαιώνουν πλέον ξεκάθαρα την εμπλοκή της κυβέρνησης στο σκάνδαλο των υποκλοπών», υπογραμμίζει σε ανάρτησή του ο πρόεδρος του ΣΥΡΙΖΑ-ΠΣ,Σωκράτης Φάμελλος.
«Το αφήγημα των δήθεν “ιδιωτών” κατέρρευσε. Όταν μια εταιρεία που εμπορεύεται τέτοια συστήματα συνεργάζεται μόνο με κυβερνήσεις και υπηρεσίες επιβολής του νόμου, η ευθύνη οδηγεί ευθέως στο Μαξίμου», σημειώνει, καταλογίζοντας στην κυβέρνηση ότι «οργάνωσε και συγκάλυψε ένα παρακρατικό σύστημα παρακολουθήσεων».
«Μια βαθιά θεσμική κρίση, που αφορά το κράτος δικαίου, την προστασία των δικαιωμάτων, την εθνική ασφάλεια και την ίδια τη δημοκρατίας μας. Ό,τι κι αν κάνουν πλέον, δεν μπορούν να κρυφτούν. Το κουτί της Πανδώρας άνοιξε. Και μέσα του βρίσκεται η αλήθεια που προσπάθησαν να θάψουν», προσθέτει.
«Το Μονομελές Πρωτοδικείο Αθηνών έδειξε τον δρόμο. Η ηγεσία της Δικαιοσύνης και του Αρείου Πάγου οφείλουν να αναλάβουν τις ευθύνες τους και να διασφαλίσουν τη διερεύνηση του σκανδάλου σε όλες του τις πτυχές και τα εμπλεκόμενα πρόσωπα. Η Δημοκρατία απαιτεί αλήθεια και λογοδοσία», τονίζει ο Σ. Φάμελλος και καταλήγει:
«Η κυβέρνηση και ο ίδιος ο πρωθυπουργός πρέπει να απολογηθούν στον ελληνικό λαό, και στη Βουλή και ενώπιον της Δικαιοσύνης».",2026,3,13,13
2026-03-13 01:43:00,"Αλλάζει άρδην το σκηνικό που έχει διαμορφωθεί στο σκάνδαλο τωνυποκλοπώνέπειτα από τη δήλωση-ομολογία τουΙσραηλινού πρώην στρατιωτικού και νυν επιχειρηματία-ιδιοκτήτη της εταιρείας Intellexa, Ταλ Ντίλιαν,στην εκπομπήMega Stories με τη Δώρα Αναγνωστοπούλου.
«Παρέχουμε τεχνολογία μόνο σε κυβερνήσεις και αρχές επιβολής του νόμου», ανέφερε μεταξύ άλλων κι ερχόμενος σε πλήρη αντίθεση με το αφήγημα της κυβέρνησης πως το σκάνδαλο των παρακολουθήσεων ήταν απλώς μια υπόθεση μεταξύ «ιδιωτών».
Είναι η πρώτη φορά που η πλευρά Ντίλιαν παραδέχεται ποιοι είναι οι πελάτες του. Μέχρι σήμερα από την ακροαματική διαδικασία της δίκης των υποκλοπών είχε αποδειχθεί η εξαγωγή του Predator σε τρίτες χώρες και μάλιστα με τις ευχές της ελληνικής κυβέρνησης (μέσω του υπουργείου Εξωτερικών). Υπενθυμίζεται ότι κατά τη διάρκεια της δίκης η γραμματέας του Γιάννη Λαβράνου, Λίνα Κατσούδα είχε καταθέσει πως ήταν αυτή που είχε επικοινωνήσει με το υπουργείο Εξωτερικών -κατόπιν εντολής του Γιάννη Λαβράνου- προκειμένου να εκδοθούν οι άδειες εξαγωγής του λογισμικού παρακολούθησης σε τρίτες χώρες. Όταν η υπόθεση αποκαλύφθηκε, μετακινήθηκε από τη θέση του γραμματέα του υπουργείου ο Γιάννης Σμυρλής, ο οποίος έκτοτε έχει αναλάβει διευθυντική θέση στη ΝΔ. Ο κ. Σμυρλής ουδέποτε κλήθηκε να καταθέσει για την υπόθεση από τη Δικαιοσύνη.
Όπως αναφέρει η Δώρα Αναγνωστοπούλου: «Στις 7:00 το απόγευμα σήμερα, ο Ταλ Ντίλιαν, ένας εκ των τεσσάρων καταδικασμένων ιδιωτών, επικοινώνησε με την εκπομπή. Είπε πως θα απαντήσει σε μία ερώτηση. Του ζητήσαμε να μας πει ξεκάθαρα, ποιοι ήταν οι πραγματικοί πελάτες του στην Ελλάδα. Αν συνεργάστηκε με κρατικές υπηρεσίες, ελληνικές αρχές, ιδιώτες ή οποιονδήποτε Έλληνα αξιωματούχο.
Στην απάντησή του δήλωσε αθώος, αναφέροντας πως η εταιρεία του παρέχει τεχνολογία μόνο σε κυβερνήσεις και αρχές επιβολής του νόμου. Δείχνει δηλαδή την κυβέρνηση; Και ποιον ακόμη; Ας δούμε ολόκληρη τη δήλωση:
«Πρώτον και σημαντικότερο, θα αναμένουμε την καθαρογραφή της απόφασης του Μονομελούς Πλημμελειοδικείου Αθηνών, προκειμένου να τη μελετήσουμε και να αποδείξουμε την αθωότητά μας με κάθε νόμιμο τρόπο. Όπως ακριβώς κάνουμε σταθερά από την πρώτη στιγμή.
Διότι καθ’ όλη τη διάρκεια της δίκης, ούτε ένα αποδεικτικό στοιχείο, ούτε μια μαρτυρία δεν μας συνέδεσε με τις φερόμενες πράξεις. Μάλιστα, αυτό έχει αποτυπωθεί επίσης σε δηλώσεις που έγιναν δημόσια κατά τη διάρκεια της διαδικασίας από άλλους και ακόμη και από ενάγοντες.
Λειτουργούμε αυστηρά σύμφωνα με τους ευρωπαϊκούς και διεθνείς κανονισμούς εξαγωγών,παρέχοντας τεχνολογία μόνο σε κυβερνήσεις και υπηρεσίες επιβολής του νόμου. Ουδέποτε έχουμε διεξάγει δραστηριότητες επιτήρησης. Ούτε έχουμε λειτουργική πρόσβαση μετά την παράδοση των συστημάτων.
Η ευθύνη για τη νόμιμη χρήση αυτών των τεχνολογιών, βαρύνει τις αρχές που τις αποκτούν και τις λειτουργούν. Ακριβώς όπως ορίζουν τα διεθνή πλαίσια πολιτικής, συμπεριλαμβανομένου του διακανονισμού Wassenaar για τον έλεγχο εξαγωγών συμβατικών όπλων και αγαθών και τεχνολογιών διπλής χρήσης, της επιτροπής PEGA του Ευρωπαϊκού Κοινοβουλίου και της διαδικασίας Pall Mall».",2026,3,13,1
2026-03-12 11:51:00,"Ένα λογισμικό παρακολούθησης,δεκάδες παγιδευμένα κινητά, μια σειρά από αναπάντητα γιατί. Το μεγαλύτερο σκάνδαλο τηςΜεταπολίτευσηςεπιστρέφει στο προσκήνιο μέσα από την κάμερα τουMEGA Stories.
ΗΔώρα Αναγνωστοπούλουξετυλίγει το νήμα της υπόθεσης των υποκλοπών, αναζητώντας την αλήθεια πίσω από τις κλειστές πόρτες και τις ηχηρές σιωπές, που ακολούθησαν την πρόσφατη δικαστική απόφαση. Μέσα από τις μαρτυρίες των προσώπων που βρέθηκαν στο επίκεντρο της υπόθεσης, η εκπομπή ανασυνθέτει το χρονικό των παρακολουθήσεων.
Ο δημοσιογράφος Θανάσης Κουκάκης και ο πρόεδρος του ΠΑΣΟΚ-Κινήματος Αλλαγής, Νίκος Ανδρουλάκης –τα δύο θύματα που άνοιξαν τον δρόμο για τη νομική και θεσμική διερεύνηση– περιγράφουν τη στιγμή, που διαπίστωσαν πως βρίσκονταν στο στόχαστρο της ΕΥΠ, καθώς και τον τρόπο με τον οποίο παγιδεύτηκαν οι επικοινωνίες τους μέσω του κακόβουλου λογισμικού Predator.
Στην καθοριστική συμβολή της ερευνητικής δημοσιογραφίας αναφέρεται η Ελίζα Τριανταφύλλου (Inside Story). Η δημοσιογράφος που πρώτη, τον Ιανουάριο του 2022, τεκμηρίωσε τη χρήση κατασκοπευτικού λογισμικού στην Ελλάδα, εξηγεί πώς η μεθοδική έρευνα ανέδειξε τις πραγματικές διαστάσεις ενός σκανδάλου που, αρχικά, αντιμετωπίστηκε ως μεμονωμένο περιστατικό.
Τη θεσμική διάσταση της υπόθεσης φωτίζει ο πρόεδρος της ΑΔΑΕ, Χρήστος Ράμμος. Με τον ρόλο του ως εγγυητή του απορρήτου των επικοινωνιών, αναλύει τις ασφυκτικές πιέσεις που αναπτύχθηκαν, τις στοχευμένες νομοθετικές παρεμβάσεις και τις επιθέσεις που αντιμετώπισε, ενόσω επιχειρούσε να επιτελέσει το ελεγκτικό του έργο σε ένα ευρωπαϊκό κράτος.
Το νομικό παράδοξο της εξέλιξης του σκανδάλου αναλύει ο δικηγόρος Ζαχαρίας Κεσσές, νομικός παραστάτης θυμάτων. Η συζήτηση επικεντρώνεται στο πώς η δικαστική διερεύνηση κατέληξε στην παραπομπή μόλις τεσσάρων ιδιωτών, παρά τα στοιχεία που υποδείκνυαν το κοινό κέντρο λειτουργίας του Predator με τις κρατικές υπηρεσίες πληροφοριών.
Η δικαστική αυλαία μπορεί να έπεσε για κάποιους, όμως τα ερωτήματα παραμένουν ανοιχτά. Η έρευνα του MEGA Stories αναδεικνύει τη μεγαλύτερη αντίφαση του σκανδάλου: Γιατί η συντριπτική πλειοψηφία των 87 θυμάτων, κορυφαίων στελεχών της κυβέρνησης και του στρατού, επέλεξε τον δρόμο της αδράνειας αντί της προσφυγής στη Δικαιοσύνη;
Παρουσίαση – Αρχισυνταξία: Δώρα Αναγνωστοπούλου Σκηνοθεσία: Κωνσταντής Φραγκόπουλος Έρευνα: Κώστας Μπουρούσης, Μάνος Φραγκιουδάκης Οργάνωση παραγωγής: Αλέξανδρα Μπότη Κινηματογράφηση: No Names Filming Team Μοντάζ: Αλέξανδρος Αλευράς, Αφροδίτη Ταυρή Ενδυματολόγος: Ηρώ Τσούρτου MEGA STORIES με τη Δώρα Αναγνωστοπούλου
ΑΠΟΨΕ ΣΤΙΣ 00:40",2026,3,12,11
2026-03-10 11:39:00,"Ένα λογισμικό παρακολούθησης, δεκάδες παγιδευμένα κινητά, μια σειρά από αναπάντητα γιατί. Τομεγαλύτερο σκάνδαλο της Μεταπολίτευσηςεπιστρέφει στο προσκήνιο μέσα από την κάμερα τουMEGA Stories.
Η Δώρα Αναγνωστοπούλου ξετυλίγει το νήμα της υπόθεσης των υποκλοπών, αναζητώντας την αλήθεια πίσω από τις κλειστές πόρτες και τις ηχηρές σιωπές, που ακολούθησαν την πρόσφατη δικαστική απόφαση. Μέσα από τις μαρτυρίες των προσώπων που βρέθηκαν στο επίκεντρο της υπόθεσης, η εκπομπή ανασυνθέτει το χρονικό των παρακολουθήσεων.
Ο δημοσιογράφος Θανάσης Κουκάκης και ο πρόεδρος του ΠΑΣΟΚ-Κινήματος Αλλαγής, Νίκος Ανδρουλάκης –τα δύο θύματα που άνοιξαν τον δρόμο για τη νομική και θεσμική διερεύνηση– περιγράφουν τη στιγμή, που διαπίστωσαν πως βρίσκονταν στο στόχαστρο της ΕΥΠ, καθώς και τον τρόπο με τον οποίο παγιδεύτηκαν οι επικοινωνίες τους μέσω του κακόβουλου λογισμικού Predator.
Στην καθοριστική συμβολή της ερευνητικής δημοσιογραφίας αναφέρεται η Ελίζα Τριανταφύλλου (Inside Story). Η δημοσιογράφος που πρώτη, τον Ιανουάριο του 2022, τεκμηρίωσε τη χρήση κατασκοπευτικού λογισμικού στην Ελλάδα, εξηγεί πώς η μεθοδική έρευνα ανέδειξε τις πραγματικές διαστάσεις ενός σκανδάλου που, αρχικά, αντιμετωπίστηκε ως μεμονωμένο περιστατικό.
Τη θεσμική διάσταση της υπόθεσης φωτίζει ο πρόεδρος της ΑΔΑΕ, Χρήστος Ράμμος. Με τον ρόλο του ως εγγυητή του απορρήτου των επικοινωνιών, αναλύει τις ασφυκτικές πιέσεις που αναπτύχθηκαν, τις στοχευμένες νομοθετικές παρεμβάσεις και τις επιθέσεις που αντιμετώπισε, ενόσω επιχειρούσε να επιτελέσει το ελεγκτικό του έργο σε ένα ευρωπαϊκό κράτος.
Το νομικό παράδοξο της εξέλιξης του σκανδάλου αναλύει ο δικηγόρος Ζαχαρίας Κεσσές, νομικός παραστάτης θυμάτων. Η συζήτηση επικεντρώνεται στο πώς η δικαστική διερεύνηση κατέληξε στην παραπομπή μόλις τεσσάρων ιδιωτών, παρά τα στοιχεία που υποδείκνυαν το κοινό κέντρο λειτουργίας του Predator με τις κρατικές υπηρεσίες πληροφοριών.
Η δικαστική αυλαία μπορεί να έπεσε για κάποιους, όμως τα ερωτήματα παραμένουν ανοιχτά. Η έρευνα του MEGA Stories αναδεικνύει τη μεγαλύτερη αντίφαση του σκανδάλου: Γιατί η συντριπτική πλειοψηφία των 87 θυμάτων, κορυφαίων στελεχών της κυβέρνησης και του στρατού, επέλεξε τον δρόμο της αδράνειας αντί της προσφυγής στη Δικαιοσύνη;
Παρουσίαση – Αρχισυνταξία:Δώρα Αναγνωστοπούλου,Σκηνοθεσία:Κωνσταντής Φραγκόπουλος,Έρευνα:Κώστας Μπουρούσης,Μάνος Φραγκιουδάκης,Οργάνωση παραγωγής:Αλέξανδρα Μπότη,Κινηματογράφηση:No Names Filming Team,Μοντάζ:Αλέξανδρος Αλευράς, Αφροδίτη Ταυρή,Ενδυματολόγος:Ηρώ Τσούρτου.
MEGA STORIES με τη Δώρα Αναγνωστοπούλου",2026,3,10,11
2026-03-09 19:46:00,"ΗΝέα Δημοκρατίαεξακολουθεί να διατηρεί καθαρό προβάδισμα έναντι τουΠΑΣΟΚ, σύμφωνα με τη νέαδημοσκόπηση της Alcoγια τον τηλεοπτικό σταθμό Alpha.
Συγκεκριμένα, η έρευνα που παρουσιάστηκε στο κεντρικό δελτίο ειδήσεων του καναλιού δείχνει τη Νέα Δημοκρατία να συγκεντρώνει ποσοστό 25,1% στην πρόθεση ψήφου. Στη δεύτερη θέση ακολουθεί το ΠΑΣΟΚ με 10,8%, ενώ τα υπόλοιπα κόμματα παραμένουν σε μονοψήφια ποσοστά.
Αναφορικά με τις νέες πολιτικές κινήσεις που προέρχονται από τον Αλέξη Τσίπρα και τη Μαρία Καρυστιανού, η δημοσκόπηση καταγράφει πτώση στη θετική αποδοχή τους σε σχέση με προηγούμενες μετρήσεις.
Παράλληλα, οι πολίτες εμφανίζονται απογοητευμένοι από το υπάρχον πολιτικό σκηνικό. Το 50% δηλώνει ότι κανένα από τα σημερινά κόμματα δεν τους εκφράζει, στοιχείο που αναδεικνύει το κλίμα δυσπιστίας.
ΝΔ 25,1%
ΠΑΣΟΚ 10,8%
Ελληνική Λύση 8,7%
ΚΚΕ 7,4%
Πλεύση Ελευθερίας 7,2%
ΣΥΡΙΖΑ 4,2%
ΜέΡΑ25 3,1%
Φωνή Λογικής 2,7%
Νίκη 2,2%
Κίνημα Δημοκρατίας 1,2%
Νέα Αριστερά 1%
Άλλο κόμμα 7,5%
Αναποφάσιστοι 18,9%
Πολύ 10%
Αρκετά 19%
Λίγο 19%
Καθόλου 40%
ΔΓ/ΔΑ 12%
Αισθήματα για προοπτική νέου κόμματος από Τσίπρα:
Θετικά 16%
Αδιάφορα 39%
Αρνητικά 43%
ΔΓ/ΔΑ 2%
Για τη Μαρία Καρυστιανού:
Θετικά 22%
Αδιάφορα 37%
Αρνητικά 35%
ΔΓ/ΔΑ 6%
Στην ερώτηση αν υπάρχει σήμερα κάποιο κόμμα που να εκφράζει τους πολίτες σε σημαντικό βαθμό, το 45% απάντησε «ναι», ενώ το 50% «όχι». Το 5% δήλωσε ΔΓ/ΔΑ.
Το 68% θεωρεί ότι για να υπάρξει δικαιοσύνη και κάθαρση χρειάζεται πολιτική αλλαγή, έναντι 22% που διαφωνεί. ΔΓ/ΔΑ απάντησε το 10%.
Σχετικά με την καταδικαστική απόφαση για τις υποκλοπές, το 50% των ερωτηθέντων πιστεύει ότιεκθέτει πολιτικά την κυβέρνηση, ενώ το 17% απάντησε «μάλλον ναι». Το 8% θεωρεί πως «όχι» και το 6% «μάλλον όχι». ΔΓ/ΔΑ 19%.
Όσον αφορά την ακρίβεια στα βασικά αγαθά, το 67% απαντά ότι δεν έχει περιοριστεί τους τελευταίους μήνες, ενώ το 17% λέει «μάλλον όχι». Μόλις το 7% εκτιμά ότι έχει μειωθεί, με 2% να μην απαντά.",2026,3,9,19
2026-03-04 13:09:00,"Επιστολή στον πρόεδρο της Βουλής, Νικήτα Κακλαμάνη με αίτημα για τη διεξαγωγή προ ημερησίας διατάξεως συζήτησης στην Ολομέλεια τηςΒουλήςγια την κατάσταση του κράτους δικαίου, των θεσμών και της λειτουργίας του Κοινοβουλίου κατέθεσε ο πρόεδρος τουΠΑΣΟΚ,Νίκος Ανδρουλάκης.
Στην επιστολή του, ο κ.Ανδρουλάκηςτονίζει ότι σε ένα «κρίσιμο γεωπολιτικό και διεθνές περιβάλλον» η εύρυθμη λειτουργία των δημοκρατικών θεσμών και η ενίσχυση της εμπιστοσύνης των πολιτών προς την πολιτεία αποτελούν βασικούς παράγοντες ισχύος για κάθε χώρα. Όπως επισημαίνει, η ενίσχυση των δημοκρατικών θεσμών και του κράτους δικαίου δεν αποτελεί πολυτέλεια, αλλά «ασπίδα προστασίας και προϋπόθεση αναπτυξιακής και ηθικής προόδου της χώρας».
Όσον αφορά τιςεξελίξεις στη Μέση Ανατολήτονίζει ότι η Ελλάδα «δεν πρέπει να έχει καμία εμπλοκή στον πόλεμο ΗΠΑ – Ισραήλ κατά Ιράν και ότι δεν πρέπει να ξεκινάει μια επιχείρηση από τις βάσεις μας».
«Η αποστολή μας στην Ανατολική Μεσόγειο οφείλει να αποσκοπεί στην προστασία του ελληνισμού, του κυπριακού ελληνισμού που βρίσκεται εγγύτερα στην εμπόλεμη ζώνη» είπε εξάλλου ο πρόεδρος του ΠΑΣΟΚ κατά τη τοποθέτηση του στην Ολομέλεια της Βουλής, στο περιθώριο της συζήτησης για την επιστολική ψήφο των αποδήμων που έχει επισκιαστεί, ωστόσο, από τις εξελίξεις στη Μέση Ανατολή.
Στην επιστολή του ο πρόεδρος του ΠΑΣΟΚ αναφέρεται αναλυτικά και στο θέμα τωνυποκλοπώνκαι σημειώνει πως οι επισημάνσεις του δίνουν «μία εικόνα βαθιάς θεσμικής παρακμής, που δεν αξίζει στην Ελλάδα και στον ελληνικό λαό».
«Τα τελευταία επτά χρόνια, με ευθύνη της κυβέρνησης της Νέας Δημοκρατίας, διαμορφώνεται έναεπαναλαμβανόμενο μοτίβο σοβαρής θεσμικής υποχώρησης, το οποίο χαρακτηρίζεται από υποθέσεις που πλήττουν τη θεσμική τάξη, παραβιάσεις του Συντάγματος και του Κανονισμού της Βουλής, απόπειρες περιορισμού της διαφάνειας και λογοδοσίας και επιθέσεις σε Ανεξάρτητες Αρχές και ευρωπαϊκούς θεσμούς, όπως η Ευρωπαϊκή Εισαγγελία», επισημαίνει και αναφέρει προς τούτο την υπόθεση των Τεμπών, του ΟΠΕΚΕΠΕ, αλλά και «την πρωτοφανή μεθόδευση της κατάχρησης της επιστολικής ψήφου των βουλευτών για τον έλεγχο της ψηφοφορίας για τη διερεύνηση ποινικών ευθυνών των κ.κ. Βορίδη και Αυγενάκη».
Επιπλέον ο κ. Ανδρουλάκης, εξέφρασε στη Βουλή τη διαφωνία του για την τριεδρική περιφέρεια που αναφέρεται στο νομοσχέδιο λέγοντας «τι επιδιώκετε, μια παγκόσμια Β’ Αθήνας; Για να εκλεγούν ποιοι; Νέοι επιστήμονες θα έχουν ισότιμη πρόσβαση στο εκλέγεσθαι ή θα έχουν πρόσβαση οι παγκόσμιες περσόνες και ολιγάρχες;».
«Για να μην παίζετε μικροπολιτικά παιχνίδια στις πλάτες των αποδήμων, σας προτείνουμε να ψηφίσουμε όλοι μαζί τη χρήση της επιστολικής ψήφου για να γίνει στις επόμενες εκλογές και ο τρόπος εκλογής να παραμείνει όπως έχει σήμερα με το επικρατείας», ζήτησε επίσης ο κ. Ανδρουλάκης.
Κλείνοντας, ο αρχηγός της αξιωματικής αντιπολίτευσης είπε ότι σήμερα δεν κατατίθεται η προ ημερησίας συζήτηση για το κράτος δικαίου «ως δώρο επειδή έχετε γενέθλια, αλλά επειδή περιμένουμε την απόφαση του δικαστηρίου και για να ενημερωθεί ολοκληρωμένα ο λαός τι έχει γίνει στο τόπο». Πριν δώσει τις ευχές του στον πρωθυπουργό για τα γενέθλια του, ο Νίκος Ανδρουλάκης είπε ότι αυτή η συζήτηση θα «είναι ευκαιρία να ανοίξει η συζήτηση για όλα τα θέματα τα σοβαρά που αφορούν τη δημοκρατία, την ποιότητα και τη λειτουργία των θεσμών».
Η επιστολή Ανδρουλάκη στον Κακλαμάνη για προ ημερησίας συζήτηση στη Βουλή για το κράτος δικαίου
Αθήνα, 4 Μαρτίου 2026
Προς τον Πρόεδρο της Βουλής των Ελλήνων
κ. Νικήτα Κακλαμάνη
Στο κρίσιμο γεωπολιτικό και διεθνές περιβάλλον, ιδίως εν όψει της ανάδυσης ακραίων και αναθεωρητικών δυνάμεων, η εύρυθμη λειτουργία των δημοκρατικών θεσμών και η ενίσχυση των δεσμών εμπιστοσύνης μεταξύ πολιτών και πολιτείας αποκτούν ολοένα και μεγαλύτερη σημασία ως συντελεστές ισχύος κάθε χώρας. Ως εκ τούτου, η ενίσχυση των δημοκρατικών θεσμών και του κράτους δικαίου και η ποιοτική λειτουργία της Δημοκρατίας μας δεν είναι πολυτέλεια. Αποτελεί ασπίδα προστασίας και προϋπόθεση αναπτυξιακής και ηθικής προόδου της χώρας.
Μετά από μια δεκαετία βαθιάς οικονομικής κρίσης, οι πολίτες ανέμεναν και αξίωναν ένα διαφορετικό υπόδειγμα διακυβέρνησης, με διαφάνεια, λογοδοσία, αξιοκρατία και δικαιοσύνη. Είναι κοινός τόπος ότι οι ισχυροί θεσμοί και το στιβαρό κράτος δικαίου αποτελούν θεμέλιο πραγματικής ανάπτυξης και κοινωνικής ευημερίας. Δεν είναι άλλωστε τυχαίο ότι χώρες που ήρθαν αντιμέτωπες με εξίσου βαθιά οικονομική κρίση κατάφεραν να ορθοποδήσουν γρηγορότερα λόγω της ανθεκτικότητας και της ακεραιότητας των θεσμών τους, ενώ χώρες με ισχυρή θεσμική λειτουργία βρίσκονται διαχρονικά ψηλά στους δείκτες ανταγωνιστικότητας και ευημερίας.
Ωστόσο, παρά τη μέχρι σήμερα πρόοδο, η εύρυθμη λειτουργία των δημοκρατικών και δικαιοκρατικών θεσμών στη χώρα μας, την Ελλάδα, παραμένει ακόμη, εν πολλοίς, ζητούμενο. H πρόσφατη απόφαση του Μονομελούς Πλημμελειοδικείου Αθηνών είναι το πλέον πρόσφατο από μια σειρά γεγονότων που αναδεικνύουν εμφατικά τις θεσμικές εκτροπές και την καταρράκωση του Κράτους Δικαίου στην χώρα μας. Το σκάνδαλο των παράνομων παρακολουθήσεων πολιτικών προσώπων, δημοσιογράφων, επιχειρηματιών, ανώτατων δικαστικών, του Αρχηγού των Ενόπλων Δυνάμεων και του Αρχηγού της ΕΛ.ΑΣ., μέσω του λογισμικού Predator αλλά και ευθέως από την υπαγόμενη στο Γραφείο Πρωθυπουργού Εθνική Υπηρεσία Πληροφοριών (ΕΥΠ), συνιστά βαρύ πλήγμα στη δημοκρατική λειτουργία.
Η αποκάλυψη της υπόθεσης, το 2022, οδήγησε, άλλωστε, σε παραίτηση τον τότε Διοικητή της ΕΥΠ και τον τότε Γενικό Γραμματέα του Πρωθυπουργού και ανιψιό του. Ωστόσο, αντί για πλήρη διαλεύκανση, ακολούθησε μια διαρκής προσπάθεια συγκάλυψης των κυβερνητικών ευθυνών, η οποία συνεχίζεται έως σήμερα.
Χαρακτηριστικά αναφέρω:
– Την Εξεταστική Επιτροπή – φιάσκο, στην οποία η κυβερνητική πλειοψηφία αρνήθηκε να καλέσει μια σειρά από βασικούς μάρτυρες ώστε στη συνέχεια να προβεί στην προαποφασισμένη απαλλαγή όλων των εμπλεκόμενων πολιτικών προσώπων από τις ευθύνες τους, σε πλήρη αντίθεση με τα στοιχεία της υπόθεσης, καθώς και τα αντίστοιχα συμπεράσματα της Επιτροπής PEGA του Ευρωπαϊκού Κοινοβουλίου για τη διερεύνηση της χρήσης λογισμικών παρακολουθήσεων.
– Τηναλλαγή του νομοθετικού πλαισίουαπό την κυβερνητική πλειοψηφία με «νυχτερινή» διάταξη που τέθηκε στο τέλος ενός άσχετου νομοσχεδίου εκατοντάδων σελίδων που προέβλεπε… μέτρα κατά του COVID (!) -χωρίς επαρκή αιτιολογία και παραπλανώντας τη Βουλή- και με την οποία επιβλήθηκε καθολική απαγόρευση ενημέρωσης των παρακολουθούμενων προσώπων για τους λόγους παρακολούθησής τους, με τη σχετική διάταξη να έχει ήδη κριθεί αντισυνταγματική από το Συμβούλιο της Επικρατείας.
– Την άρνηση της ευρισκόμενης υπό την εποπτεία του Πρωθυπουργού ΕΥΠνα συμμορφωθεί με την ανωτέρω απόφαση του Συμβουλίου της Επικρατείας και να μου χορηγήσει πλήρες αντίγραφο του φακέλου της παρακολούθησής μου.
– Την εντελώς τυπική έρευνα, στην οποία προέβη ηΕθνική Αρχή Διαφάνειαςστις εμπλεκόμενες εταιρείες και στηνΕΥΠ, όπου κατά παραδοχή της προϊσταμένης της απλά ελέγχθηκαν οι συμβάσεις για το… αν αυτές αναφέρονται σε πώληση παράνομου κατασκοπευτικού λογισμικού!
– Τηναντισυνταγματική, χωρίς την απαιτούμενη πλειοψηφία και με την απολύτως αναγκαία και χωρίς προσχήματα συμβολή της Ελληνικής Λύσης, αλλαγή της σύνθεσης της Ολομέλειας της ΑΔΑΕ, ώστε να ελεγχθεί πλήρως η Ανεξάρτητη αυτή Αρχή και η έρευνά της.
– Τις σε κάθε περίπτωση τραγικά καθυστερημένες (μετά από εβδομάδες ή και μήνες), κατόπιν ραντεβού και ενίοτε προσυνεννοημένες, όπως προέκυψε από καταθέσεις στο Δικαστήριο στην ως άνωδίκη των υποκλοπών,έρευνες των Αρχών σε στενούς συνεργάτες των κατηγορουμένων και τις εμπλεκόμενες εταιρείες, οι οποίες στο μεταξύ είχαν εκκενώσει τα γραφεία και τις εγκαταστάσεις τους.
– Τη στρεβλή, παράτυπη και αντίθετη στον σκοπό της λειτουργία της Εξεταστικής Επιτροπής της Βουλής για τη διερεύνηση του σκανδάλου των παράνομων παρακολουθήσεων. Σε αυτήν τη διαδικασία, σύμφωνα με κατάθεση μάρτυρα στη δίκη ενώπιον των υποκλοπών – η οποία δεν έχει απαντηθεί ή διαψευσθεί από την Κυβέρνηση ή την κοινοβουλευτική πλειοψηφία – όταν ο ίδιος είχε προσέλθει ως μάρτυρας ενώπιον της Επιτροπής, του υποβλήθηκαν από βουλευτές της πλειοψηφίας ερωτήσεις εκ των προτέρων γνωστές στον ίδιο.
Η πρόσφατη απόφαση του Μονομελούς Πλημμελειοδικείου Αθηνών συνιστά καίριο θεσμικό γεγονός. Η καταδίκη τεσσάρων προσώπων για την παράνομη χρήση του κατασκοπευτικού λογισμικού «Predator» και η ρητή αναφορά σε ενδεχόμενη διερεύνηση περαιτέρω αξιόποινων πράξεων, μεταξύ των οποίων και αυτού της κατασκοπείας, διαψεύδει οριστικά το κυβερνητικό αφήγημα περί «αμιγώς ιδιωτικής υπόθεσης» και την αποποίηση των κυβερνητικών ευθυνών. Καταρρίπτει δε πλήρως και το περίφημο «πόρισμα» του Αντεισαγγελέα του Αρείου Πάγου, στον οποίο είχε ανατεθεί η δικογραφία μετά από αφαίρεσή της από τους Εισαγγελείς Πρωτοδικών και ο οποίος μεταξύ άλλων είχε απορρίψει και κάθε ένδειξη τέλεσης του αδικήματος της κατασκοπείας.
Όταν αποδεικνύεται η ύπαρξη οργανωμένου μηχανισμού παρακολούθησης σε βάρος δεκάδων πολιτικών, δικαστικών και στρατιωτικών προσώπων, η σιωπή του Πρωθυπουργού δεν μπορεί να εκληφθεί ως ουδετερότητα, αλλά ως πολιτική υπεκφυγή, εγείροντας ταυτόχρονα αμείλικτα ερωτήματα, στα οποία η Κυβέρνηση οφείλει να απαντήσει: πώς είναι δυνατόν πρόσωπα που σήμερα καταδικάστηκαν να δρούσαν ανενόχλητα, να απολάμβαναν κρατική προστασία, να συμμετείχαν σε επίσημες κρατικές αποστολές και να εξασφάλιζαν άδειες εξαγωγής κατασκοπευτικού λογισμικού από την Κυβέρνηση της Νέας Δημοκρατίας;
Ομοίως ανεξήγητη είναι και η σιωπή των πολυάριθμων υπουργών της σημερινής κυβέρνησης, οι οποίοι ουδέν έχουν πράξει για να συνδράμουν την Δικαιοσύνη ώστε να διερευνήσει τι συνέβη με την παγίδευση ή απόπειρα παγίδευσης των τηλεφώνων τους και αν αυτή προήλθε από το εσωτερικό ή το εξωτερικό.
Όλα τα παραπάνω σχηματίζουν μία εικόνα βαθιάς θεσμικής παρακμής, που δεν αξίζει στην Ελλάδα και στον ελληνικό λαό.
Τα τελευταία επτά χρόνια, με ευθύνη της κυβέρνησης της Νέας Δημοκρατίας, διαμορφώνεται ένα επαναλαμβανόμενο μοτίβο σοβαρής θεσμικής υποχώρησης, το οποίο χαρακτηρίζεται από υποθέσεις που πλήττουν τη θεσμική τάξη, παραβιάσεις του Συντάγματος και του Κανονισμού της Βουλής, απόπειρες περιορισμού της διαφάνειας και λογοδοσίας και επιθέσεις σε Ανεξάρτητες Αρχές και ευρωπαϊκούς θεσμούς, όπως η Ευρωπαϊκή Εισαγγελία. Ενδεικτικά:
1) Συνεχείς περιπτώσεις παραβίασης ή καταστρατήγησης του Συντάγματος, με χαρακτηριστικό παράδειγμα το άρθρο 86 του Συντάγματος για την ποινική ευθύνη των Υπουργών. Παραβιάσεις και μεθοδεύσεις με στόχο τη συγκάλυψη των κυβερνητικών ευθυνών τόσο στο πλαίσιο του εγκληματικού δυστυχήματος των Τεμπών όσο και, πιο πρόσφατα, στο σκάνδαλο τουΟΠΕΚΕΠΕ, με αποκορύφωμα την πρωτοφανή μεθόδευση της κατάχρησης της επιστολικής ψήφου των βουλευτών για τον έλεγχο της ψηφοφορίας για τη διερεύνηση ποινικών ευθυνών των κ.κ. Βορίδη και Αυγενάκη.
2) Συνεχείς παραβιάσεις του Κανονισμού της Βουλής, με την εισαγωγή πλήθους άσχετων τροπολογιών της τελευταίας στιγμής, δίχως να προηγηθεί οποιαδήποτε δημόσια διαβούλευση, συζήτηση στις αρμόδιες κοινοβουλευτικές επιτροπές ή ακρόαση φορέων και με παραβίαση των διατάξεων που αφορούν στην επιστολική ψήφο και τη μυστικότητα της ψήφου.
3) Ανεπίτρεπτες παρεμβάσεις στη λειτουργία και το έργο Ανεξάρτητων Αρχών: Καθ’ όλη τη διάρκεια της διακυβέρνησης της Νέας Δημοκρατίας, γίναμε μάρτυρες μιας συντονισμένης επίθεσης στις ανεξάρτητες αρχές και στον ρόλο τους όποτε η άσκηση των ελεγκτικών τους αρμοδιοτήτων μπορούσε να απειλήσει την παντοδυναμία της Κυβέρνησης και να τη φέρει προ των ευθυνών της. Ηυποστελέχωση κρίσιμων αρχών, όπως η Επιτροπή Ανταγωνισμού, οι αλλαγές στη σύνθεσή τους χωρίς την απαιτούμενη συνταγματική πλειοψηφία, όπως στην περίπτωση της Αρχής Διασφάλισης Απορρήτου Επικοινωνιών, καθώς και οι επανειλημμένες επιχειρήσεις στοχοποίησης μελών τους δημιουργούν εύλογα ερωτήματα ως προς τον σεβασμό της συνταγματικά ή νομοθετικά κατοχυρωμένης ανεξαρτησίας τους.
4) «Επιτελικές» αποτυχίες του Επιτελικού Κράτους: Οι πολυδιαφηµισµένες νοµοθετικές πρωτοβουλίες, όπως το επιτελικό κράτος και το νέο σύστηµα επιλογής των διοικήσεων δηµοσίων φορέων, οδήγησαν στην πρωτοφανή συγκέντρωση εξουσιών στο Μέγαρο Μαξίμου και στην ουσιαστική κομματικοποίηση της ανώτερης δημόσιας διοίκησης. Το σύστημα επιλογής διοικήσεων δημοσίων φορέων κατέστησε τη στελέχωση κρίσιμων θέσεων αντικείμενο στενού κυβερνητικού ελέγχου, αναιρώντας την αξιοκρατία και υπονομεύοντας τη διαφάνεια στη διαχείριση των δημόσιων πόρων.
Τα ανωτέρω δεν συνιστούν μεμονωμένα περιστατικά, αλλά εκφάνσεις μιας ευρύτερης θεσμικής διολίσθησης και μιας νοοτροπίας που βλέπει το κράτος ως λάφυρο. Η εικόνα αυτή αποτυπώνεται και στους διεθνείς δείκτες: σύμφωνα με τον Δείκτη Κράτους Δικαίου 2025 του World Justice Project, η Ελλάδα κατατάσσεται στην 48η θέση μεταξύ 143 χωρών, υποχωρώντας σε σχέση με το προηγούμενο έτος, ενώ βρίσκεται στην 29η θέση από τις συνολικά 31 χώρες της Ευρώπης, της Ευρωπαϊκής Ζώνης Ελεύθερων Συναλλαγών (EFTA) και της Βόρειας Αμερικής, ξεπερνώντας μόνο τη Βουλγαρία και την Ουγγαρία.
Η Μεταπολίτευση οικοδόμησε ένα πλαίσιο δημοκρατικής σταθερότητας που άντεξε ακόμη και στις σφοδρότερες οικονομικές και κοινωνικές δοκιμασίες. Σήμερα, όμως, αντί να ενισχύεται, αποδυναμώνεται. Η λογοδοσία περιορίζεται, η θεσμική ισορροπία διαταράσσεται και η διαφάνεια υποχωρεί. Η αυξανόμενη δυσπιστία των πολιτών απέναντι στους θεσμούς δεν είναι συγκυριακή αλλά αποτέλεσμα συγκεκριμένων πολιτικών επιλογών της Κυβέρνησης. Σύμφωνα με το Ευρωβαρόμετρο (τέλη 2024), μόλις το 32% των πολιτών δηλώνει εμπιστοσύνη στην προστασία του κράτους δικαίου, επίδοση που κατατάσσει την Ελλάδα στην τελευταία θέση στην Ευρωπαϊκή Ένωση. Η χώρα δεν αντέχει έναν νέο κύκλο απαξίωσης των θεσμών και διάρρηξης της εμπιστοσύνης των πολιτών στη Δημοκρατία.
Το ΠΑΣΟΚ έχει διαχρονικά ταυτιστεί με τη θεσμική θωράκιση της Δημοκρατίας. Οι Ανεξάρτητες Αρχές, το ΑΣΕΠ, η Διαύγεια, η Ανοιχτή Διακυβέρνηση και η αιρετή Αυτοδιοίκηση αποτελούν συγκεκριμένες θεσμικές τομές που ενίσχυσαν τη διαφάνεια, τη λογοδοσία και τον έλεγχο της εξουσίας.
Για τους λόγους αυτούς, ζητώ, σύμφωνα με το άρθρο 143 ΚτΒ, να διενεργηθεί άμεσα προ ημερησίας διατάξεως συζήτηση στην Ολομέλεια της Βουλής για την κατάσταση του Κράτους Δικαίου, των Θεσμών και της λειτουργίας του Κοινοβουλίου στην Ελλάδα.
Με εκτίμηση,
Πρόεδρος Κ.Ο. ΠΑΣΟΚ-Κίνημα Αλλαγής
Νικόλαος Ανδρουλάκης",2026,3,4,13
2026-03-01 15:24:00,"Η Αντιπρόεδρος της Βουλής και βουλευτής Άρτας του ΣΥΡΙΖΑ – Προοδευτική Συμμαχία,Όλγα Γεροβασίλη, παραχώρησε εκτενή συνέντευξη στοMEGA NEWSκαι την εκπομπή “TONIGHT” με την δημοσιογράφοΒούλα Κεχαγιά, τοποθετούμενη αναλυτικά για την υπόθεση των υποκλοπών, τις πολιτικές ευθύνες, την τραγωδία των Τεμπών, τη λειτουργία των θεσμών και τις πολιτικές εξελίξεις.
Η κ. Γεροβασίλη υπενθύμισε ότι το όνομά της περιλαμβανόταν στη λίστα των παρακολουθούμενων μέσωPredator, μαζί με εκείνα των Χρήστου Σπίρτζη και Νίκου Ανδρουλάκη. Όπως τόνισε, οι τρεις τους ήταν τα μοναδικά πολιτικά πρόσωπα της αντιπολίτευσης στη συγκεκριμένη λίστα που έφερε στο φως η δημοσιογραφική έρευνα.
Αναφερόμενη στην πρωτόδικη καταδικαστική απόφαση για την παραβίαση του απορρήτου των επικοινωνιών —η οποία επέβαλε συνολικές ποινές κάθειρξης 126 ετών και 8 μηνών— τη χαρακτήρισεπρωτοφανή για τα ελληνικά χρονικά. Υπογράμμισε δε ότι, παρά τον εφεσιβάσιμο χαρακτήρα της, η δικαστική διερεύνηση άνοιξε ουσιαστικά τον δρόμο για περαιτέρω αποκαλύψεις.
Η ίδια κατέθεσε ως μάρτυρας στη δίκη, κατά την οποία εξετάστηκαν περίπου 55 μάρτυρες, ανάμεσά τους δημοσιογράφοι και πολιτικοί. Όπως σημείωσε, παρουσιάστηκαν συγκλονιστικά στοιχεία που κατέδειξαν την εναλλασσόμενη παρακολούθηση των ίδιων τηλεφώνων τόσο από το παράνομο λογισμικό Predator όσο και από την ΕΥΠ.
Ιδιαίτερη αναφορά έκανε στην αρχική αρχειοθέτηση της υπόθεσης από την ανώτατη δικαστική ηγεσία, ενώ επαίνεσε το Μονομελές Πλημμελειοδικείο για τη στάση του, δηλώνοντας χαρακτηριστικά πως με την απόφασή του “διέσωσε την τιμή της Δικαιοσύνης”.»
Η κ. Γεροβασίλη, έδωσε ιδιαίτερη έμφαση στα αίτια και τις πολιτικές προεκτάσεις του ζητήματος των υποκλοπών, θέτοντας το θεμελιώδες ερώτημα: για ποιο λόγο βρέθηκε υπό παρακολούθηση μια εν ενεργεία βουλευτής και πρώην υπουργός;
Η κ. Γεροβασίλη υπογράμμισε ότι η ουσία της υπόθεσης δεν εξαντλείται στην τεχνική διάσταση της παρακολούθησης, αλλά εντοπίζεται στο κίνητρο πίσω από αυτήν. Όπως σημείωσε χαρακτηριστικά:
– Δεν της αποδόθηκε ποτέ συγκεκριμένος λόγος «εθνικής ασφάλειας» που να δικαιολογεί την άρση απορρήτου.
– Δεν υπήρξε καμία εμπλοκή της σε υπόθεση που θα στοιχειοθετούσε νόμιμη αιτία παρακολούθησης.
– Η ιδιότητά της ως κορυφαίο στέλεχος της αξιωματικής αντιπολίτευσης εγείρει σοβαρά ερωτήματα πολιτικής σκοπιμότητας.
Τόνισε δε ότι όταν παρακολουθείται ένα πολιτικό πρόσωπο που ασκεί κοινοβουλευτικό έλεγχο, η πράξη αυτή αγγίζει τον πυρήνα της Δημοκρατίας: Παρακολουθείται απλώς ένα άτομο ή επιχειρείται έλεγχος της πολιτικής δράσης και της αντιπολίτευσης;.
Παράλληλα, απέδωσε ρητά την πολιτική ευθύνη στον Πρωθυπουργό,Κυριάκο Μητσοτάκη, τονίζοντας ότι έθεσε την ΕΥΠ υπό την άμεση εποπτεία του από την πρώτη ημέρα της διακυβέρνησής του. Υπενθύμισε τις παραιτήσεις των Γρηγόρη Δημητριάδη και Παναγιώτη Κοντολέοντα, σημειώνοντας ότι αν ο Πρωθυπουργός πράγματι δεν γνώριζε, όφειλε για λόγους ευθιξίας να είχε παραιτηθεί.
Η κ. Γεροβασίλη εξήρε τη στάση του Προέδρου της ΑΔΑΕ,Χρήστου Ράμμου,ο οποίος επιχείρησε τον θεσμικό έλεγχο της ΕΥΠ παρά τα εμπόδια που αντιμετώπισε. Τέλος, έθεσε κρίσιμα ερωτήματα για την τύχη των υποκλαπέντων δεδομένων και το ενδεχόμενο αξιοποίησής τους για πολιτική πίεση ή εκβιασμό, καταλήγοντας: «Όταν παρακολουθείς υπουργούς και στενούς συνεργάτες, κάτι επιδιώκεις να ελέγξεις».
Αναφερόμενη στηντραγωδία των Τεμπών, η κ. Γεροβασίλη έκανε λόγο για σοβαρές παραλείψεις και μεθοδεύσεις που προκαλούν εύλογα ερωτήματα, εστιάζοντας στα εξής σημεία:
Ελλιπείς ιατροδικαστικές διαδικασίες:Επισήμανε ότι οι ενέργειες που ακολουθήθηκαν δεν ολοκληρώθηκαν με την απαιτούμενη πληρότητα.
Αλλοίωση του τόπου του δυστυχήματος:Κατήγγειλε την εσπευσμένη απομάκρυνση στοιχείων και το «μπάζωμα» του χώρου, ενέργειες που περιόρισαν τη δυνατότητα συλλογής πειστηρίων.
Υπονόμευση της έρευνας:Τόνισε ότι η διαχείριση των αποδεικτικών στοιχείων λειτούργησε εις βάρος της πλήρους και σε βάθος δικαστικής διερεύνησης.
Παράλληλα, υποστήριξε ότι η κυβέρνηση επιχείρησε τη συγκάλυψη των ευθυνών μέσω της διαχείρισης στην Εξεταστική Επιτροπή και άλλων θεσμικών χειρισμών. Κατέληξε υπογραμμίζοντας ότι η κατάσταση στις σιδηροδρομικές μεταφορές δεν ήταν ένα τυχαίο γεγονός, αλλά η απόρροια μιας συνειδητής πολιτικής υποβάθμισης των δημόσιων υποδομών.
Η κ. Γεροβασίλη διευκρίνισε ότιτο 112 δεν υπήρχε το 2018 και ότι το έργο είχε απενταχθεί λόγω κακού σχεδιασμού.Όπως ανέφερε, επανεντάχθηκε και παραδόθηκε σε πιλοτική λειτουργία τον Ιούνιο του 2019, πριν την αποχώρηση του ΣΥΡΙΖΑ από την κυβέρνηση.
Ως Αντιπρόεδρος της Βουλής, αναγνώρισε ότι παρατηρούνται φαινόμενα έντασης και υποβάθμισης του επιπέδου διαλόγου, ωστόσο τόνισε ότι η ελευθερία λόγου στο Κοινοβούλιο είναι απόλυτη και κάθε βουλευτής κρίνεται από τη στάση και το ύφος του.
Τέλος, για τις πολιτικές εξελίξεις και τον προοδευτικό χώρο με αφορμή την ερώτηση για τονΑλέξη Τσίπρα,δήλωσε ότι μπορεί να διαδραματίσει καθοριστικό ρόλο στην ανασυγκρότηση και δυναμική του προοδευτικού χώρου, χωρίς να προεξοφλήσει κινήσεις ή χρονοδιαγράμματα.
Η κ. Γεροβασίλη κατέληξε ότι η πλήρης διερεύνηση της υπόθεσης των υποκλοπών αποτελεί κρίσιμο ζήτημα για τη δημοκρατία, τη διαφάνεια και τη θεσμική λειτουργία της χώρας, επισημαίνοντας ότι «η κοινωνία απαιτεί αλήθεια και λογοδοσία».",2026,3,1,15
2026-02-27 17:24:00,"Για άλλη μια φορά φιγουράρουμε στην διεθνή αρθρογραφία και πάλι όχι για κάτι θετικό.
Ο λόγος είναι το predator και η καταδίκη Λαβράνου, Μπίτζιου, Ντίλιαν και Χάμου. Τα ρεπορτάζ και οι αναφορές είναι αναλυτικές. Συμπεριλαμβάνουν πληροφορίες από το ότι καταδικάστηκαν 126χρόνια ο κάθε ένας από τους κατηγορούμενος μέχρι και τις πολιτικές επεκτάσεις της υπόθεσης.
«Watergate της Ελλάδας» χαρακτηρίζει το σκάνδαλο predator το βρετανικό δίκτυο bbc.
https://www.bbc.com/news/articles/cj6dx4886rpo
To ρεπορτάζ συμπληρώνει ότι το λογισμικό παρακολούθησης με την ονομασία Predator χρησιμοποιήθηκε για τη στοχοποίηση 87 προσώπων. Επισημαίνει ότι μεταξύ αυτών ήταν υπουργοί, ανώτατοι στρατιωτικοί αξιωματούχοι και δημοσιογράφοι ενώ δεν παραλείπεται η αναφορά ότι πολλά από τα θύματα βρισκόταν επίσης υπό παρακολούθηση και από τις ελληνικές υπηρεσίες πληροφοριών (ΕΥΠ).
Το Politico γίνεται πιο επιθετικό και μιλά για «συμμορία κατασκοπείας» αναφέροντας ότι πρόκειται για μια από τις μεγαλύτερες πολιτικές κρίσεις της Ευρώπης που σχετίζεται με την  χρήση λογισμικού hacking.
https://www.politico.eu/article/predatorgate-greece-court-sentences-predator-spyware-gang/
Αξίζει να σημειώσουμε ότι στο άρθρο περιλαμβάνεται και το γεγονός ότι το 2024, το Ανώτατο Δικαστήριο της Ελλάδας απάλλαξε την ΕΥΠ αλλά και πολιτικά πρόσωπα από τις κατηγορίες.
Το δίκτυο του Aljazeera αναφερόμενο στην εξέλιξη της υπόθεσης θυμίζει ότι πρόκειται για την υπόθεση που ανάγκασε σε παραίτηση ανώτερους αξιωματούχους της κυβέρνησης Μητσοτάκη.
Κάνει μάλιστα ιδιαίτερη αναφορά στις εθνικότητες των κατηγορούμενων και ακόμα πιο συγκεκριμένη αναφορά στον Ταλ Ντίλιαν: «Μεταξύ των τεσσάρων κατηγορουμένων περιλαμβάνεται ο Ταλ Ντίλιαν, πρώην Ισραηλινός στρατιώτης και ιδρυτής της Intellexa, μιας εταιρείας που ειδικεύεται στην προμήθεια spyware, η οποία διέθεσε στην αγορά το Predator στην Ελλάδα. Ο επιχειρηματικός του συνεργάτης, καθώς και δύο πρώην Έλληνες στελέχη της εταιρείας, δικάστηκαν επίσης.»
https://www.aljazeera.com/news/2026/2/26/greek-court-finds-4-guilty-in-major-2022-spyware-scandal
Ανάλογη, ξεχωριστή αναφορά κάνει στον Ταλ Nτίλιαν, τον πρώην Ισραηλινό στρατιωτικό και ιδρυτή της Intellexa, και το γαλλικό δίκτυο France24. Το άρθρο επίσης περιλαμβάνει και δηλώσεις ακτιβιστών με έδρα τη Γαλλία που τοποθετούνται για το θέμα:
«Οι ακτιβιστές για τα δικαιώματα των μέσων ενημέρωσης, Ρεπόρτερ Χωρίς Σύνορα (RSF), με έδρα το Παρίσι, χαρακτήρισαν την υπόθεση ως νέο πλήγμα στην ελευθερία των μέσων ενημέρωσης στην Ελλάδα.»
https://www.france24.com/en/live-news/20260226-athens-court-convicts-four-over-greece-spyware-saga
Για πολιτικό σκάνδαλο μιλά και η Le Monde. Παίρνει μάλιστα τα πράγματα από την αρχή καθώς θυμίζει ότι ότι το σκάνδαλο ξέσπασε το 2022 όταν ο Θανάσης Κουκάκης ανακάλυψε ότι παρακολουθούνταν από την ΕΥΠ και η συσκευή του είχε μολυνθεί με το λογισμικό Predator. Συμπληρώνει φυσικό ότι το σκάνδαλο έγινε πολιτικό το 2022 όταν ο Νίκος Ανδρουλάκης ανακοίνωσε ότι είχε και ο ίδιος γίνει στόχος απόπειρας μόλυνσης.",2026,2,27,17
2026-02-27 09:59:00,"Για απόφαση που δικαιώνει όχι μόνο τον ίδιο αλλά και όσους τόλμησαν να σταθούν απέναντι σε σκοτεινές πρακτικές καθώς και ήττα του παρακράτους που οργανώθηκε στο Μαξίμου, έκανε λόγο οΝίκος Ανδρουλάκηςαναφερόμενος από το βήμα της Βουλής στην απόφαση του δικαστηρίου για τιςυποκλοπές. Το κράτος δεν θα είναι ποτέ ξανά λάφυρο στα χέρια του εκάστοτε πρωθυπουργού, υπογράμμισε ο πρόεδρος του ΠΑΣΟΚ.
Ο πρωθυπουργός, παρότι είχε αναφέρει αρχικά πως θα τοποθετηθεί στη δευτερολογία του στις υποκλοπές, τελικά το μόνο που έκανε ήταν να αποδεχθεί την πρόταση που διατύπωσε χθες ο Νίκος Ανδρουλάκης περί προ ημερησίας συζήτηση στη Βουλή. «Είχατε προαναγγείλει μια συζήτηση για το Κράτος Δικαίου. Καταθέστε πρόταση για προ ημερησίας για το Κράτος Δικαίου και να συζητήσουμε», είπε κλείνοντας την τοποθέτησή του.
«Η απόφαση αυτή συνιστά μια μεγάλη ήττα του παρακράτους, που οργανώθηκε στο Μέγαρο Μαξίμου υπό την πρωθυπουργία σας. Ένα Μονομελές Πλημμελειοδικείο άνοιξε ξανά τον δρόμο ουσιαστικής έρευνας -σε βαθμό κακουργήματος αυτή τη φορά- του σκανδάλου που φέρει την υπογραφή σας. Ένα Μονομελές εξέθεσε τους χειρισμούς της ηγεσίας της δικαιοσύνης που αρχειοθέτησε άρον άρον και στο πόδι σοβαρές πτυχές της δυσώδους αυτής υπόθεσης» υπογράμμισε.
Ο κ. Ανδρουλάκης μίλησε για«ιστορική απόφαση»και συμπλήρωσε «επιβεβαιώθηκε ότιη παρακολούθησή μου δεν ήταν ένα “λάθος”,αλλά ένας παρακρατικός μηχανισμός. Οι αντιδράσεις της κυβέρνησης είναι θλιβερές, αντί να απολογηθείτε, επιτίθεστε, λέγοντας ότι δεν σεβόμαστε τη Δικαιοσύνη».
«Μας ρωτάτε αν εμπιστευόμαστε τη δικαιοσύνη και σας απαντώ: την εμπιστεύομαι, όσο την εμπιστευόσασταν κι εσείς με πρωθυπουργό τον Αλέξη Τσίπρα. Λέτε ότι δεν σας αγγίζει η δικαστική απόφαση γιατί αφορά “κάποιους ιδιώτες”. Ιδιώτες που καταδικάστηκαν χθες γιατί παγίδευσαν το μισό υπουργικό σας συμβούλιο και τους αρχηγούς των ενόπλων δυνάμεων.Αλήθεια διαβάσατε ότι το δικαστήριο ζητεί νέα έρευνα για κατασκοπεία;Κατασκοπεία, κ. Μητσοτάκη. Τι θα κάνετε; Ποιες θα είναι νομικές ενέργειες του πρωθυπουργού της Ελλάδας απέναντι σε αυτούς τους ιδιώτες, που, μάλιστα, κάποιοι μάλιστα είναι και κάτοικοι τρίτων χωρών; Ο πρωθυπουργός που ορκίστηκε να υπηρετεί τον λαό και την πατρίδα, πρέπει σήμερα να μας πει τι θα κάνει με αυτούς που οργάνωσαν αυτό το παρακράτος;» τόνισε.
Σε άλλο σημείο είπε «Αναρωτιούνται τα στελέχη σαςγιατί θα προτείνουμε εκ νέου εξεταστική επιτροπή,γιατί πολύ απλά η έρευνα του δικαστηρίου αποκάλυψε ότι οι βουλευτές σας παραβίασαν τον όρκο τους και οργάνωσαν μια εξεταστική-παρωδία με στημένες ερωτήσεις, κομμένη και ραμμένη στα μέτρα του παρακράτους. Η εξεταστική επιτροπή θα γίνει για να έρθουν όσοι κρύφτηκαν από την ευθύνη τους παραβιάζοντας τον όρκο τους».
Παραδώσατε τον ενεργειακό χώρο σε λίγους και ισχυρούς, τόνισε σε σχέση με το θέμα τηςενέργειαςενώ σε άλλο σημείο είπε ότι όλες οι επιλογές σας φέρνουν ακρίβεια και ενίσχυση των καρτέλ.
Σχετικά με το ενεργειακό κόστος σημείωσε ότιοι πολίτες πληρώνουν ακριβότερο ρεύμα, σχεδόν 5 φορές πάνω από το μέσο όρο της ΕΕενώ άσκησε έντονη κριτική για την τακτική που ακολουθεί η ΔΕΗ. «Αντί να δείξει το κοινωνικό της πρόσωπο, έγινε η κότα με τα χρυσά αυγά για τα golden boys. Ένα πελατειακό εργαλείο διανομής παχυλών διαφημιστικών πακέτων και επενδύσεων», πρόσθεσε.
Ισχυρίστηκε ότι«τα λεγόμενα «πράσινα» τιμολόγια αποδείχθηκαν καλοστημένη παγίδα. Μεταφέρατε όλο το ρίσκο στον καταναλωτή. Αυτό δεν είναι απελευθέρωση αγοράς. Είναι ασυδοσία άνευ όρων και ορίων».
Κατηγόρησε την κυβέρνηση για βεβιασμένη απολιγνιτοποίηση, χωρίς επενδύσεις στα δίκτυα και την αποθήκευση, τονίζοντας ότι «η κατανομή του ενεργειακού χώρου της χώρας μας αποτελεί ένα από τα μεγαλύτερα σκάνδαλα της εποχής σας, κύριε Μητσοτάκη».
Μίλησε για βιαστικό κλείσιμο της 5η ΑΗΣ στην Πτολεμαΐδα, απόφαση, που όπως είπε, είναι ευθεία υπονόμευση του δημοσίου συμφέροντος.
Ο Νίκος Ανδρουλάκης, τέλος, ζήτησεεξηγήσεις για το καλώδιο ηλεκτρικής σύνδεσης με την Κύπροκι εάν ισχύουν όσα ακούγονται για ευθύνες της Κύπρου ή αντιρρήσεις της Τουρκίας.
«Ο κ. Ανδρουλάκης μου κατέθεσε μια ερώτηση που ενδιαφέρει τους έλληνες πολίτες για την κυβερνητική πολιτική στην ενέργεια. Αφιέρωσε μόλις 6 λεπτά, καταδεικνύοντας τις προτεραιότητές του. Θα σας απαντήσω στη δευτερολογία μου για όσα είπαμε για τη χθεσινή απόφαση», τόνισε ο πρωθυπουργός, Κυριάκος Μητσοτάκης, κατά την απάντησή του. «Είναι ευκαιρία να ενημερωθεί ο ελληνικός λαός για τις ιστορικές αλλαγές στον τομέα της ενέργειας», πρόσθεσε.
«Μιλήσατε για τις τιμές του ρεύματος. Ότι η Ελλάδα έχει ένα από τα πιο ακριβά ρεύματα στην Ευρώπη. Τα τιμολόγια το πρώτο εξάμηνο του 2025, που έχουμε διαθέσιμα στοιχεία, ήταν 21% φθηνότερα από τον ευρωπαϊκό μέσο όρο. Δεν γίνεται να θεωρείτε ελληνική μια ευρωπαϊκή ενεργειακή κρίση. Αντιλαμβάνομαι σε ένα βαθμό την υπερβολή ως αντιπολιτευτικό οίστρο», συμπλήρωσε ο πρωθυπουργός.
«Πρωταγωνίστησα στο αίτημα να τεθεί πλαφόν στις τιμές του φυσικού αερίου. Και είδαμε σημαντική αποκλιμάκωση. Το μείγμα ενεργειακής πολιτικής που επέλεξε η κυβέρνηση ήταν η διείσδυση των ΑΠΕ και εκτιμούμε ότι θα αυξηθεί ακόμη περισσότερο, που θα δώσουνε μεγαλύτερη ευελιξία στη διαχείριση του ρεύματος. Κάναμε ταυτόχρονα μια στρατηγική επιλογή. Ό,τι δεν καλύπτεται από ΑΠΕ θα καλύπτεται από φυσικό. Και δεν θα είναι ρωσικό φυσικό αέριο», υπογράμμισε και πρόσθεσε πως «με αυτό το μείγμα, που προέκυψε από ευνοϊκές συνθήκες, μας επέτρεψε να έχουμε αυτές τις χαμηλές τιμές. Πρέπει κ. Ανδρουλάκη να συμφωνήσουμε ότι αυτή η βασική επιλογή της ενεργειακής πολιτικής της χώρας είναι σωστή. Αν θέλετε να βάλουμε και λιγνίτη στο μείγμα, θα πρέπει να εξηγήσετε στους πολίτες γιατί τους ζητάτε να πληρώσουν ακριβότερο ρεύμα από αυτό που πληρώνουν σήμερα».
«Στην Ελλάδα έχουμε κάνει άλματα στις επενδύσεις στα δίκτυα ηλεκτρικής ενέργειας. Το 2019 ήταν 400 εκατ. ευρώ, το 2024 1,5 δισ. ευρώ. Αυτές οι επενδύσεις μας επιτρέπουν να διασυνδέσουμε τα νησιά μας, με σημαντικότερη αυτή της Κρήτης, ώστε να εξασφαλίσουμε ότι δεν θα είναι ένα νησί που θα επιβαρύνει το δίκτυο. Δεν είμαστε σε ενεργειακή γυάλα σε σχέση με την Ευρώπη γι αυτό και η κυβέρνηση στις συζητήσεις στην Ευρώπη έχει προτάξει τις διασυνδέσεις και τη δημιουργία μιας ενιαίας ευρωπαϊκής αγοράς ενέργειας. Αν θέλουμε να είμαστε αναταγωνιστικοί στις τιμές του ρεύματος που είναι και εθνική προτεραιότητα πρέπει να προχωρήσουμε σε αυτές τις επενδύσεις».
Απαντώντας σε σχετική αναφορά του προέδρου του ΠΑΣΟΚ, είπε ότι «ο ΑΔΜΗΕ δεν πρόκειται να ιδιωτικοποιηθεί». «Εφόσον υπάρξει ανάγκη αύξησης κεφαλαίου για τις επενδύσεις, η ελληνική πολιτεία θα καλύψει το μερίδιό της», πρόσθεσε.
«Στην αγορά. Αφήσατε υπονοούμενα για ταέγχρωμα τιμολόγια.Έχουμε 13 μικρές και μεγάλες εταιρείες που προσφέρουν διάφορα πακέτα. Θέλουμε περισσότερο ανταγωνισμό. Θέλουμε και διαφάνεια, να βάλουμε μια τάξη στο χάος. Η σύγκριση μεταξύ διαφορετικών τιμολογίων ήταν πρακτικά αδύνατη. Τώρα έχει μπει μια τάξη», τόνισε ο πρωθυπουργός.
«Εκεί που είχαμε το νυχτερινό, το πιο φθηνό σήμερα είναι το μεσημεριανό. Αυτό επιτρέπει στα νοικοκυριά και στις επιχειρήσεις να κάνουν καλύτερο προγραμματισμό», επισήμανε. «Δεν είμαστε στη μονοκρατορία των πράσινων εργατοπατέρων που κατέβαζαν όποτε ήθελαν τους διακόπτες κρατώντας σε ομηρία μια ολόκληρη κοινωνία», ανέφερε.
Ο Κυριάκος Μητσοτάκης απευθυνόμενος προσωπικά στον Νίκο Ανδρουλάκη, τον κατηγόρησε γιαπολιτική ταύτιση με την Αριστερά.«Δεν μετακομίζετε στο ΚΚΕ;Έχετε ταυτιστεί με την Αριστερά, να δω τι άλλο θα ακούσω», ανέφερε χαρακτηριστικά μεταξύ άλλων ο πρωθυπουργός.
Κλείνοντας την πρωτολογία του ο Κυριάκος Μητσοτάκης ανέφερε ότι η σημερινή πραγματικότητα είναι αποτέλεσμα της συστηματικής επιλογής της κυβέρνησης να επενδύσει στις υποδομές του φυσικού αερίου.Η κυβέρνηση κατάφερε να δώσει σάρκα και οστά στον κάθετο διάδρομο και η Ελλάδα σήμερα παίζει πρωταγωνιστικό ρόλο στις ενεργειακές εξελίξεις στην περιοχή, ενώ συνδέει την ενεργειακή πολιτική με την εξωτερική της πολιτική, θωρακίζοντας τη χώρα όχι μόνο πολιτικά αλλά και ενεργειακά, τόνισε ο πρωθυπουργός.
Στη δευτερολογία του, ο Νίκος Ανδρουλάκης είπε ανάμεσα σε άλλα ότι η πραγματικότητα είναι ότι η Ελλάδα βρίσκεται συχνά στον ευρωπαϊκό μέσο όρο αν εξετάσουμε ονομαστικά τις τιμές της αγοράς ενέργειας, ενώβάσει αγοραστικής δύναμης βρίσκεται στις πιο ακριβές αγορές της Ευρώπης. «Εσείς κρύβετε τα πραγματικά στοιχεία», είπε. «Μήπως και τα ενοίκια και τα τρόφιμα είναι φθηνά; Στην Ελλάδα ζείτε κ. Μητσοτάκη;», διερωτήθηκε.
«Ούτε κουβέντα για το καλώδιο (Ελλάδας – Κύπρου) που είναι το πιο σοβαρό ζήτημα γιατί συνδέεται με την εθνική κυριαρχία.Πέρασε ο τραμπουκισμός του Ερντογαν, ναι ή όχι;», πρόσθεσε.
«Δεν είμαστε υπέρ επιστροφής του λιγνίτη, αλλά υπέρ της λειτουργίας της μίας μονάδας που υπάρχει, όπως κάνουν οι Γερμανοί» επεσήμανε.
«Αν οι αριθμοί δεν συμφωνούν μαζί σας, τόσο χειρότερο για τους αριθμούς κ. Ανδρουλάκη… Δεν ξέρω ποιος σας ενημερώνει για τα ενεργειακά. Δεν χρειάζεται παράταση η Πτολεμαΐδα 5. Δεν λειτουργεί γιατί δεν βγάζει λεφτά. Συμφωνείτε με τον κεντρικό άξονα της πολιτικής; Να αυξήσουμε τη διείσδυση των ΑΠΕ. Δεν θέλουμε αιολικά σε ψηλά βουνά και ευαίσθητα οικολογικά συστήματα. Θέλουμε να διασπείρουμε τα φωτοβολταϊκά. Λέτε για τις ενεργειακές κοινότητες… Το 50% των ΑΠΕ της χώρας μας είναι από τον ΔΕΔΔΗΕ όχι από τον ΑΔΜΗΕ. Είναι ψέμα αυτό που λέτε», είπε ο πρωθυπουργός.
«Οι ρυθμοί της πράσινης μετάβασης τίθενται σε αμφισβήτηση. Γιατί το λέω αυτό; Η Ελλάδα πλήττεται από την κλιματική κρίση. Θέλουμε μια πράσινη μετάβαση που θα μας οδηγήσει στην κλιματική ουδετερότητα το 2050. Πολλές ευρωπαϊκές κυβερνήσεις λέτε ότι είναι θεμιτοί οι στόχοι της πράσινης μετάβασης, αλλά να είμαστε πιο προσεκτικοί εκεί που η απανθρακοποιήση θα προσθέσει οικονομική επιβάρυνση», συμπλήρωσε.
«Το κόστος ζωής είναι η πρώτη προτεραιότητα. Υπάρχουν νοικοκυριά που τα βγάζουν δύσκολα. Κάνουμε μια συνετή δημοσιονομική πολιτική ώστε να μπορούμε να τα στηρίζουμε», τόνισε ο πρωθυπουργός και αναφέρθηκε στις μειώσεις των φορολογικών συντελεστών.
«Αυτή η κυβέρνηση επέστρεψε ένα ολόκληρο ενοίκιο σε όσους νοικιάζουν και θα το ξανά κάνει και φέτος τον Νοέμβριο. Βασική μας προτεραιότητα δεν είναι να αυξήσουμε μόνο τη ζήτηση αλλά την προσφορά», τόνισε για το στεγαστικό.",2026,2,27,9
2026-02-27 07:31:00,"Η καταδίκη των τεσσάρων κατηγορούμενων για τις υποκλοπές μέσωPredatorείναι μόνο το ένα σκέλος της καθοριστικής απόφασης του Μονομελούς Πλημμελειοδικείου Αθηνών, που για την αντιπολίτευση αντήχησε όχι μόνο σε νομικό, αλλά και σε πολιτικό επίπεδο. Στο άκουσμα της είδησης δεν υπήρξε ούτε ένα κοινοβουλευτικό κόμμα που να μην «έδειξε» προς την πλευρά του Μεγάρου Μαξίμου και προσωπικά προς τον Κυριάκο Μητσοτάκη ως ηθικό αυτουργό των παρακολουθήσεων, ενώ τόσο ο ΣΥΡΙΖΑ όσο και η Νέα Αριστερά φαίνεται πως βλέπουν θετικά τηνπροαναγγελία του Νίκου Ανδρουλάκη για συζήτηση προ ημερισίας, σε επίπεδο πολιτικών αρχηγών, για την υπόθεση, αλλά και στην κατάθεση αιτήματος για την σύσταση νέας Εξεταστικής Επιτροπής -κι αυτό, με βάση τα στοιχεία που έχουν προκύψει στην ακροαματική διαδικασία, καθώς η προηγούμενη Εξεταστική Επιτροπή, όπως είπε ο πρόεδρος του ΠΑΣΟΚ, «κρίθηκε ότι χειραγωγήθηκε», καθώς ο μάρτυρας Σταμάτης Τρίμπαλης παραδέχτηκε πως υπήρχαν «προσυνεννοημένες» ερωτήσεις.
Τον τόνο έδωσε ο πρόεδρος της αξιωματικής αντιπολίτευσης, ο οποίος ήταν και εκείνος που έκανε την πρώτη αποκάλυψη της υπόθεσης, λέγοντας πως η απόφαση ήταν μια «ήττα του παρακράτους», που οργανώθηκε από το Μέγαρο Μαξίμου και πως ο ίδιος «θα συνεχίσει τον αγώνα μέχρι τέλους», ξεκαθαρίζοντας πως «θα λογοδοτήσουν όλοι, όσο ψηλά κι αν βρίσκονται. Ακόμα και ο κ. Μητσοτάκης και ο κ. Δημητριάδης». Εκλογές όσο το δυνατόν πιο γρήγορα ζήτησε οΣωκράτης Φάμελλος, ο οποίος έκανε λόγο για «οργανωμένο σχέδιο υποκλοπών και παρακολουθήσεων με πρακτικές παρακράτους», για το οποίο «προσωπική ευθύνη» έχει ο Κυριάκος Μητσοτάκης. ΟΑλέξης Χαρίτσης, από την μεριά του, έκανε λόγο για «συγκάλυψη Μητσοτάκη» και για μια απόφαση που «αφήνει έκθετη την κυβέρνηση, έκθετη την Εισαγγελία του Αρείου Πάγου, αλλά αφήνει έκθετη και τη Βουλή των Ελλήνων, που από τις 25 Νοεμβρίου έχει αφήσει αναπάντητο το διάβημά μου για τη στημένη κατάθεση μάρτυρα στην Εξεταστική Επιτροπή για τις υποκλοπές» και επιβεβαιώνει την διάθεση συντονισμού μεταξύ της προοδευτικής αντιπολίτευσης για τον συντονισμό των κινήσεων σε κοινοβουλευτικό επίπεδο.
«Ρόλο στα πολιτικά πράγματα της χώρας δεν μπορούν να έχουν ούτε αυτοί που οργάνωσαν το παρακράτος, αλλά ούτε αυτοί που κρύφτηκαν από τον αγώνα για τη δημοκρατία και τη δικαιοσύνη», ανέφερε ο Ανδρουλάκης και για τους «θεσμικούς απόντες» από την μάχη των υποκλοπών, για όσους με βάση την Αρχή Προστασίας Δεδομένων Προσωπικού Χαρακτήρα ήταν αποδέκτες των μολυσμένων sms, αλλά δεν κινήθηκαν νομικά, όπως εκείνος (μεταξύ άλλων, η τότε ηγεσία των ενόπλων δυνάμεων και μια σειρά πρωτοκλασάτων υπουργών). Και εκείνοι, πάντως, φαίνεται πως θα κληθούν να καταθέσουν σε επόμενο χρόνο, καθώς, όπως επεσήμανε ο νομικός Χρήστος Κακλαμάνης, «το δικαστήριο αποφάσισε ότι πρέπει να κληθούν να καταθέσουν όλοι, είτε στρατιωτικοί είτε υπουργοί», τώρα που η υπόθεση διευρύνεται. «Πράγματα που δεν έκανε ο αντιεισαγγελέας του Αρείου Πάγου αν και έπρεπε».
Στην Χαριλάου Τρικούπη, που διάβασαν στην απόφαση και την δικαίωση του Ανδρουλάκη για την διαχείριση της υπόθεσης, επιμένουν και στο δεύτερο σκέλος της -δηλαδή στο άνοιγμα της εκ νέου διερεύνησης της υπόθεσης, σε βαθμό κακουργήματος, και για τους κατηγορουμένους και για άλλους συνεργούς τους, «μεταξύ των οποίων», όπως είπε ο Κακλαμάνης στην συνέντευξη τύπου «και για άτομα μυστικών υπηρεσιών, όπως ακούστηκε από τον ίδιο τον Πρόεδρο μέσα στο δικαστήριο». Επί της ουσίας, η απόφαση αυτή επιστρέφει την υπόθεση των υποκλοπών στην εποχή πριν το πόρισμα του αντιεισαγγελέα Αχιλλέα Ζήση, το οποίο έκλεισε την σύνδεση μεταξύ της αποστολής μολυσμένων με Predator μηνυμάτων και των κρατικών παρακολουθήσεων -που τουλάχιστον στην περίπτωση Ανδρουλάκη συνέβησαν σχεδόν ταυτόχρονα.
Σε αυτό το επίπεδο, για την παρακολούθησή του από την ΕΥΠο Ανδρουλάκης έχει ακόμα μια μάχη μπροστά του στο Ευρωπαϊκό Δικαστήριο Ανθρωπίνων Δικαιωμάτων. Και αυτή αφορά την μη εφαρμογή της απόφασης του ΣτΕ, που επιβάλλει να τον ενημερώσουν για τους λόγους της τρίμηνης παρακολούθησής του από τις κρατικές υπηρεσίες. «Δεν περιμένω κάποια ενημέρωση, περιμένω ένα νομικό χαρτί για να συνεχίσω τον αγώνα μου. Το λόγο τον ξέρω, διότι όταν σε παρακολουθούν από τη μέρα που ξεκινάς την εκστρατεία σου να εκλεγείς Πρόεδρος και σταματάει η παρακολούθηση 2 μέρες μετά που εκλέγεσαι Πρόεδρος, νομίζω ότι κάθε άνθρωπος που διαθέτει στοιχειώδη νοημοσύνη, καταλαβαίνει ποιος ήταν ο λόγος», ανέφερε ο Ανδρουλάκης στην συνέντευξη τύπου που παραχώρησε. «Το παρακράτος αυτό ήθελε να με εμποδίσει να εκλεγώ Πρόεδρος στο ΠΑΣΟΚ».
Σε σκληρό τόνο ήταν και η δήλωση του πρώην αντιπροέδρου της κυβέρνησης,Ευάγγελου Βενιζέλου, ο οποίος δεν αφήνει μόνο αιχμές για την διαχείριση της υπόθεσης από τα υψηλά κλιμάκια της Δικαιοσύνης («Το δε ακροατήριο του ποινικού δικαστηρίου μπορεί να αναπτύξει δυναμική που υπερυψώνει το Μονομελές Πλημμελειοδικείο σε επίπεδο υποδείγματος για τα υψηλά κλιμάκια της Δικαιοσύνης»), αλλά παράλληλα προειδοποιεί για την επικείμενη συνταγματική αναθεώρηση: «Οι υποθέσεις που αφορούν ανοικτές πληγές στο σώμα του κράτους δικαίου, όπως οι υποκλοπές, δεν κλείνουν επειδή το θέλει η εκάστοτε κυβέρνηση και η κοινοβουλευτική της πλειοψηφία (…) Ελπίζω η νέα ιδέα για την αναθεώρηση του Συντάγματος να μην είναι η κατάργηση των εγγυήσεων του άρθρου 19 για το απόρρητο των επικοινωνιών. Άλλωστε ευτυχώς δικαστές δεν υπάρχουν μόνο στην Αθήνα αλλά και στο Στρασβούργο».
Παράλληλα,η δήλωση Τσίπρα για λογοδοσία «στον λαό και την Δικαιοσύνη» των «πραγματικών υπαίτιων», με ονομαστικές αναφορές, έγινε η αιτία ο πρώην γγ του σημερινού πρωθυπουργού, Γρηγόρη Δημητριάδη, να στείλει σχετικό εξώδικο: «Ουσιαστικά επιχειρεί να εκβιάσει και εμένα με αγωγές και μηνύσεις, όπως έχει πράξει και με σειρά δημοσιογράφων, προκειμένου να σωπάσουν για το διπλό έγκλημα σε βάρος της δημοκρατίας: Τις παράνομες υποκλοπές που οργανώθηκαν στο Μαξίμου από τον κύριο Μητσοτάκη και τον ίδιο, καθώς και τη συγκάλυψή τους, που ωστόσο σκόνταψε σήμερα στην απόφαση του μονομελούς πλημμελειοδικείου», ανέφερε σε ανάρτησή του ο Τσίπρας. «Ενημερώνω λοιπόν τόσο τον αποστολέα του εξωδίκου όσο και τον θείο του, ότι η διεύθυνση και τα στοιχεία μου τους είναι γνωστά. Αναμένω από αύριο τις αγωγές και τις μηνύσεις τους. Δεν πρόκειται όμως επουδενί να σιωπήσω. Γιατί δεν είναι θέμα προσωπικό, αφορά την ίδια τη δημοκρατία. Άλλωστε το καθεστώς του φόβου, της σιωπής και της χειραγώγησης της δικαιοσύνης που έχουν επιχειρήσει να επιβάλουν στον τόπο, δεν είναι πια ακλόνητο. Και ο φόβος, είναι πια εμφανές, αλλάζει στρατόπεδο».",2026,2,27,7
2026-02-27 07:23:00,"Πολιτική θύελλα ξέσπασε με την ιστορική απόφαση του Μονομελούς Πλημμελειοδικείου Αθηνών, που έκρινεένοχους – χωρίς κανένα ελαφρυντικό – τέσσερις ιδιώτες για την υπόθεση των τηλεφωνικών υποκλοπών. Η σύγκρουση, που εξελίσσεται από χθες με πυρ ομαδόν της αντιπολίτευσης στο Μέγαρο Μαξίμου και προσωπικά στον Κυριάκο Μητσοτάκη, μεταφέρεται σε λίγες ώρες στη Βουλή, όπου αναμένεται μονομαχία του πρωθυπουργού και του αρχηγού της αξιωματικής αντιπολίτευσης.
Η προγραμματισμένη για σήμερα, Παρασκευή, «Ώρα του πρωθυπουργού» στις 9:30 έχει ως θέμα τα ενεργειακά – πρόκειται για απάντηση επίκαιρης ερώτησης του ΠΑΣΟΚ. Όμως, προδιαγράφεται ότι θα μετατραπεί τελικά σε σκληρή κόντρα για τις υποκλοπές. Απέναντι στο αναμενόμενο νέο σφυροκόπημα  της κυβέρνησης από τον Ανδρουλάκη, μένει να φανούν οι εξηγήσεις (η προσπάθεια αντεπίθεσης, όπως αναμένεται) του Μητσοτάκη.
Την ώρα που το δικαστήριο διαβιβάζει τη δικογραφία στην εισαγγελία ώστε να ερευνηθεί αν έχουν τελεστεί άλλα αδικήματα – τουλάχιστον η απόπειρα κατασκοπείας – την κυβερνητική γραμμή συνοψίζει προς το παρόν η φράση «δεν αφορά εμάς» η συγκεκριμένη δικαστική απόφαση.
Απο την κυβέρνηση επιλέγουν να προσπεράσουν τα περί ανοίγματος του φακέλου, δηλαδή τη δρομολόγηση περαιτέρω έρευνας, αλλά και αποφεύγουν να σχολιάσουν όσα ακούστηκαν στην ακροαματική διαδικασία και οδήγησαν στην καταδίκη των τεσσάρων επιχειρηματιών. Επιμένουν μόνο ότι η πρωτοβάθμια απόφαση αφορά ιδιώτες και κυρίως ότι η δική ήρθε σε συνέχεια έρευνας του Αρείου Πάγου που «είχε καταλήξει ότι δεν υπάρχουν ευθύνες για τους κρατικούς λειτουργούς και φορείς».
Με τα λόγια του κυβερνητικού εκπροσώπουΠαύλου Μαρινάκη, «δεν προκύπτει σύνδεση» του Predator με την ΕΥ». Ο ίδιος, σκιαγραφώντας εν μέρει και τη σημερινή στάση του πρωθυπουργού, στάθηκε και στις κινήσεις της κυβέρνησης για αλλαγή του θεσμικού πλαισίου ως προς το πλαίσιο των νόμιμων επισυνδέσεων.
Στο πλαίσιο αυτό, ο Μητσοτάκηςαναμένεται να μιλήσει από τη Βουλή για τα μέτρα που θεσμοθετήθηκαν το 2022, όταν πρώτος ο Ανδρουλάκης αποκάλυψε την υπόθεση. Θα αναφερθεί συγκεκριμένα στον νόμο 5002 για αυστηροποίηση του πλαισίου άρσης του απορρήτου, ιδίως για τα πολιτικά πρόσωπα και για την καθολική απαγόρευση εμπορίας και χρήσης κακόβουλων λογισμικών, τύπου Predator.
«Η κυβέρνηση έφερε και δεύτερο εισαγγελικό φίλτρο για άρση απορρήτου, επαναφέροντας διάταξη που είχε καταργήσει η κυβέρνηση ΣΥΡΙΖΑ το 2018» έλεγαν κυβερνητικές πηγές, επιχειρώντας να μεταφέρουν τη συζήτηση εκεί που τους βολεύει.
Απο το ΠΑΣΟΚ μιλούν για δικαίωση του Ανδρουλάκη αλλά και για υπόθεση που αφορά όλη την κοινωνία και το κράτος δικαίου στη χώρα. Η κυβέρνηση πιεζόμενη ήδη, όπως προκύπτει από τις δημοσκοπήσεις,στο κεφάλαιο «διαφάνεια» ξορκίζει περαιτέρω αποσυσπειρωτικές τάσεις στα ακροατήρια, που ιεραρχούν  ψηλά τα ζητήματα κρατικής και θεσμικής λειτουργίας.
Εξ ου και επιχειρείται αντεπίθεση σε ό,τι αφορά την προαναγγελία του Ανδρουλάκη για αίτημα συγκρότησης νέας Εξεταστικής Επιτροπής. «Εδώ είμαστε να ακούσουμε την πρόταση του ΠΑΣΟΚ αν θεωρεί ότι υπάρχουν νέα στοιχεία» λένε από τη ΝΔ, αλλά ταυτόχρονα σπεύδουν να χρεώσουν  προκαταβολικά στην αντιπολίτευση ότι προσπαθεί «να μετατρέψει τη Βουλή και την δημόσια συζήτηση σε ένα απέραντο δικαστήριο, σε μια αέναη διαδικασία εξεταστικών και προανακριτικών επιτροπών – όχι γιατί θέλει να βρει την αλήθεια αλλά για να καλύψει τα πολιτικά της κενά».
Αυτό μαρτυρά ότι η κυβέρνηση  δεν έχει καμία διάθεση αποδοχής ενός αιτήματος για Εξεταστική και, όπως αναμένεται να διατυπωθεί και από τον Μητσοτάκη, η θέση του Μαξίμου είναι «να αφήσουμε την ανεξάρτητη δικαιοσύνη να κάνει τη δουλειά της».
Πάντως εκ μέρους του ΠΑΣΟΚ διαμηνύεται ότι θα πάνε την υπόθεση «μέχρι τέλους»με τον Ανδρουλάκη να εγείρει έτσι κι αλλιώς το ζήτημα της μη εφαρμογής της απόφασης του ΣτΕ, που επιβάλλει ενημέρωσή του για τους λόγους της τρίμηνης παρακολούθησής του από την ΕΥΠ.
Σχετικά με αυτό,ο αρχηγός του ΠΑΣΟΚ σκοπεύει να πιέσει και σήμερα τον πρωθυπουργό. Εκείνος από την πλευρά του ενδεχομένως να αποπειραθεί πιέσεις τον Ανδρουλάκη, λέγοντας του ότι θα περιμένει να καταθέσει αίτημα για προ ημερησίας συζήτηση στη Βουλή – μια αντιπαράθεση σε επίπεδο πολιτικών αρχηγών, δηλαδή.",2026,2,27,7
2026-02-26 19:44:00,"Εξώδικο στον πρώην πρωθυπουργόΑλέξη Τσίπρααπέστειλε οΓρηγόρης Δημητριάδης,λίγη ώραμετά τις δηλώσεις του για το σκάνδαλο των υποκλοπών.
Επισημαίνεται ότι στις δηλώσεις του, ο Αλέξης Τσίπρας ανέφερε τα εξής σχετικά με την καταδικαστικήαπόφαση του δικαστηρίου για τις υποκλοπές:«Δύο τη γλίτωσαν, γιατί απουσίαζαν από το κατηγορητήριο. Ο ηθικός και ο εκτελεστικός αυτουργός. Αυτός που σκέφτηκε και αυτός που οργάνωσε τον βιασμό του Κράτους Δικαίου στη χώρα μας. Ο ένας λέγεταιΚυριάκος Μητσοτάκηςκαι ο άλλος Γρηγόρης Δημητριάδης».
Την είδηση ανακοίνωσε ο ίδιος ο Αλέξης Τσίπρας μέσα από τον λογαριασμό του στο Facebook, ο οποίος χωρίς να κατονομάσει τον Γρ. Δημητριάδη (τον αναφέρει ως «πρωθυπουργικό ανιψιό») και τονίζει τα εξής:
«Πληροφορήθηκα πριν από λίγο ότι ο πρωθυπουργικός ανιψιός μου απέστειλε εξώδικο για τις δηλώσεις μου σχετικά με την απόφαση του δικαστηρίου για τις υποκλοπές.
Ουσιαστικά επιχειρεί να εκβιάσει και εμένα με αγωγές και μηνύσεις, όπως έχει πράξει και με σειρά δημοσιογράφων, προκειμένου να σωπάσουν για το διπλό έγκλημα σε βάρος της δημοκρατίας: Τις παράνομες υποκλοπές που οργανώθηκαν στο Μαξίμου από τον κύριο Μητσοτάκη και τον ίδιο, καθώς και τη συγκάλυψή τους, που ωστόσο σκόνταψε σήμερα στην απόφαση του μονομελούς πλημελειοδοκείου.
Ενημερώνω λοιπόν τόσο τον αποστολέα του εξωδίκου όσο και τον θείο του, ότι η διεύθυνση και τα στοιχεία μου τους είναι γνωστά.
Αναμένω από αύριο τις αγωγές και τις μηνύσεις τους.
Δεν πρόκειται όμως επουδενί να σιωπήσω.
Γιατί δεν είναι θέμα προσωπικό, αφορά την ίδια τη δημοκρατία.
Άλλωστε το καθεστώς του φόβου, της σιωπής και της χειραγώγησης της δικαιοσύνης που έχουν επιχειρήσει να επιβάλουν στον τόπο, δεν είναι πια ακλόνητο.
Και ο φόβος, είναι πια εμφανές, αλλάζει στρατόπεδο».",2026,2,26,19
2026-02-26 18:34:00,"«Η σημερινή απόφαση του Μονομελούς Πλημμελειοδικείου Αθηνών για την υπόθεση των υποκλοπών είναι μία νίκη για το κράτος δικαίου,την ερευνητική δημοσιογραφία, αλλά και για την ίδια τη Δημοκρατία στη χώρα μας», τονίζει ο Γιώργος Παπανδρέου, σημειώνοντας ότι «αποτελεί αχτίδα φωτός στο σκότος υποβάθμισης των δημοκρατικών θεσμών στην χώρα μας».
Ο πρώην πρωθυπουργός υπογραμμίζει ότι «η κυβέρνηση και ο ίδιος ο πρωθυπουργός φέρουν την αποκλειστική ευθύνη για την καταρράκωση των θεσμών, τη διάχυση τοξικότητας και καχυποψίας στο δημόσιο βίο και την παραβίαση θεμελιωδών δικαιωμάτων που προστατεύονται από το Σύνταγμα και την Ευρωπαϊκή Σύμβαση Δικαιωμάτων του Ανθρώπου», ενώ επισημαίνει πως «αυτή η αντίληψη διαβρώνει την κοινωνική συνοχή, κλονίζει την εμπιστοσύνη των πολιτών και τραυματίζει τη διεθνή αξιοπιστία της χώρας».
«Από την πρώτη στιγμή ο πρόεδρός μας, ο Νίκος Ανδρουλάκης, έδωσε μια μοναχική μάχη απέναντι σε ένα σύστημα εξουσίας του Μαξίμου, το οποίο επέλεξε το δρόμο της συγκάλυψης, της απαξίωσης και της σιωπής», αναφέρει ο Γιώργος Παπανδρέου.
Και προσθέτει πως «είναι αδιανόητο, σε μια ευρωπαϊκή δημοκρατία, ο αρχηγός της Αξιωματικής Αντιπολίτευσης να μην έχει ακόμη ενημερωθεί για τον λόγο της παρακολούθησής του – κατά παράβαση αποφάσεων του ΣτΕ και σε ευθεία απόκλιση από το ευρωπαϊκό κεκτημένο».
«Η σημερινή απόφαση του Μονομελούς Πλημμελειοδικείου Αθηνών είναι μόνο η αρχή. Ο αγώνας για την αποκατάσταση των δημοκρατικών θεσμών, την πλήρη διαλεύκανση των υποκλοπών και την τιμωρία όλων των υπευθύνων – όσο ψηλά κι αν βρίσκονται – συνεχίζεται με αποφασιστικότητα, μέχρι τέλους», τονίζει καταληκτικά ο Γιώργος Παπανδρέου.",2026,2,26,18
2026-02-26 15:06:00,"Ο Πρόεδρος του ΠΑΣΟΚ-Κινήματος Αλλαγής,Νίκος Ανδρουλάκης,παραχώρησε έκτακτη συνέντευξη Τύπου για την υπόθεση των υποκλοπών κάνοντας λόγο γιαδικαστική απόφαση σταθμό, και νίκη του αγώνα που ξεκίνησε όταν πέρασε το κατώφλι Αρείου Πάγου το 2022, προσθέτοντας ότι μαζί με εκείνον δικαιώνονται τα θύματα του παρακράτους που δεν κρύφτηκαν.
«Η απόφαση αυτή όμως είναι πάνω απ’ όλα μία τεράστια ήττα της Νέας Δημοκρατίας και της κυβέρνησης. Είναι μία ήττα του παρακράτους που οργανώθηκε από το σύστημα του Μεγάρου Μαξίμου που αξιοποίησε σκοτεινές πρακτικές που ανήκουν σε άλλες εποχές εκθέτοντας την πατρίδα μας και το κράτος δικαίου στην χώρα μας», συνέχισε.
«Θα συνεχίσω τον αγώνα μέχρι τέλους» υπογράμμισε και συμπλήρωσε « να είστε σίγουροι πως η Δημοκρατία θα νικήσει και θα λογοδοτήσουν όλοι, όσο ψηλά κι αν βρίσκονται. Ακόμα και ο κ. Μητσοτάκης και ο κ. Δημητριάδης».
«Θα θέσω και το ζήτημα των υποκλοπών στη Βουλή, είναι ένα θέμα που αλλάζει την ατζέντα και γι’ αυτό ζητάμε να διεξαχθεί προ ημερησίας συζήτηση στη Βουλή, ώστε να τοποθετηθούν όλα τα κόμματα» σημείωσε ο κ. Ανδρουλάκης. και έκανε γνωστό ότι θα καταθέσουναίτημα για τη σύσταση Εξεταστικής με βάση τα νέα στοιχεία που έχουν προκύψει.Όπως είπε«το ΠΑΣΟΚ μετά την καθαρογραφή της απόφασης θα καταθέσει νέο αίτημα για σύσταση Εξεταστικής Επιτροπής».
Ο πρόεδρος του ΠΑΣΟΚ ευχαρίστησε τον δημοσιογράφο Θανάση Κουκάκη για τον αγώνα που έδωσε ώστε να οδηγηθεί στη δικαιοσύνη η υπόθεση των υποκλοπών.
«Αυτοί που μου άσκησαν κριτική, για το χειρισμό της υπόθεσης, καλό θα είναι να μας πουν γιατί πανηγυρίζουν» τόνισε ο Νίκος Ανδρουλάκης σχετικά με τους χειρισμούς που έγιναν από τον ίδιο και το ΠΑΣΟΚ στην υπόθεση των υποκλοπών.
Για τα σχόλια του πρώην πρωθυπουργού Αλέξη Τσίπρα σχετικά με την υπόθεση των υποκλοπών, ο πρόεδρος του ΠΑΣΟΚ υποστήριξε ότι «ο καθένας όταν μιλάει να κάνει την αυτοκριτική του».
«Το παρακράτος αυτό ήθελε να με εμποδίσει να εκλεγώ πρόεδρος στο ΠΑΣΟΚ» υπογράμμισε ο Νίκος Ανδρουλάκης.
«Ρόλο στα πολιτικά πράγματα της χώρας δεν μπορούν να έχουν ούτε αυτοι που οργάνωσαν το παρακράτος ούτε αυτοί που κρύφτηκαν από τη δικαιοσύνη. Θα περίμενα περισσότερη γενναιότητα και αίσθηση καθήκοντος από ανθρώπους που υπηρέτησαν σε δημόσια αξιώματα» ήταν η απάντηση του Νίκου Ανδρουλάκησε ερώτηση της δημοσιογράφουτωνΝΕΩΝ, Μυρτώς Λιαλιούτη, για τους «θεσμικούς απόντες» και γιατί δεν πήγαν να καταθέσουν.
ΟΧρήστος Κακλαμάνηςσυμπλήρωσε πως «το δικαστήριο αποφάσισε ότι πρέπει να κληθούν να καταθέσουν όλοι, είτε στρατιωτικοί είτε υπουργοί», τώρα που η υπόθεση διευρύνεται. «Πράγματα που δεν έκανε ο αντιεισαγγελέας του Αρείου Πάγου αν και έπρεπε».
Ποινή 126 χρόνια και 8 μήνεςμεεκτιτέα τα 8που είναι και το «ταβάνι» με βάση τον Ποινικό Κώδικα, επέβαλε το Μονομελές Πλημμελειοδικείο της Αθήνας στουςτέσσερις κατηγορουμένους που κρίθηκανένοχοι για την υπόθεση των τηλεφωνικών υποκλοπών,χωρίς κανένα ελαφρυντικό.
Το δικαστήριοαπέρριψε τη χορήγηση ελαφρυντικών στους 4 κατηγορουμένους, στους οποίους επέβαλε κατά συγχώνευση ποινή φυλάκισης 126 ετών και 8 μηνών (έκτιτεα τα 8 έτη).
Mε μια ιστορική απόφασή του, ο πρόεδρος του Μονομελούς Πλημμελειοδικείου Νίκος Ασκιανάκης – όπως είχε ζητήσει ο εισαγγελέα της έδρας Δημήτρης Παυλίδης – διαβιβάζει στην εισαγγελία τη δικογραφία για να ερευνηθείαν έχει τελεστεί το αδίκημα τουλάχιστον της απόπειρας κατασκοπείας και της ψευδούς κατάθεσηςγια μάρτυρες που εξετάστηκαν στο δικαστήριο και την εξεταστική επιτροπή.
Υπενθυμίζεται ότι ένοχοι κρίθηκαν οι ιδιώτες επιχειρηματίεςΤαλ Ντίλιαν, Φέλιξ Μπίτζιος, Γιάννης Λαβράνος και Σάρα Αλεξάνδρα Χάμου. Ειδικότερα, ο πρόεδρος του Β’ Μονομελούς Πλημμελειοδικείου της Αθήνας Νίκος Ασκιανάκης ανακοίνωσε την ετυμηγορία του, κρίνοντά τουςς ενόχους για τις πλημμεληματικές πράξεις τηςεπέμβασης σεσύστημα αρχειοθέτησης δεδομένων προσωπικού χαρακτήρα,από κοινού, κατ’ εξακολούθηση, τετελεσμένη και σε απόπειρα, τηςπαραβίασης του απορρήτου τηλεφωνικής επικοινωνίας και προφορικής συνομιλίας, από κοινού, κατ’ εξακολούθηση, τετελεσμένη και σε απόπειρα, αλλά καιτης παράνομης πρόσβασης σε σύστημα πληροφοριών ή δεδομένα, από κοινού, κατ’ εξακολούθηση, τετελεσμένη και σε απόπειρα.
«Λαμβάνοντας υπόψη τον χαρακτήρα των πράξεων θα προτείνω ολική έκτιση της ποινής», πρότεινε ο εισαγγελέας της έδρας. Το δικαστήριο διέταξε την ολική έκτιση της ποινής, δίνοντας όμωςαναστολή μέχρι την εκδίκαση της υπόθεσηςσε δεύτερο βαθμό.
Στη συνέχεια, ο εισαγγελέας πρότεινε ναανοίξει ξανά η δικογραφία για νέα αδικήματα, τους ήδη υπάρχοντες κατηγορουμένους καινέα πρόσωπα.
«Από τα στοιχεία που παρουσιάστηκαν στη διαδικασία προτείνω τη διαβίβαση αντιγράφων της δικογραφίας για διερεύνηση ποινικών ευθυνών των παρόντων κατηγορούμενων και άλλων προσώπων», είπε ο εισαγγελέας της έδρας.
-Διαβίβαση γιαΑιμίλιο Κοσμίδηγια συνέργια στις πράξεις του κατηγορητηρίου. «Δεν έδωσε πειστικές εξηγήσεις για χρήση κάρτας και έπεσε σε αντιφάσεις. Ισως πρέπει να συσχετίσουν μηνύσεις Ανδρουλάκη και Κουκάκη».
-Να ερευνηθεί τοαδίκημα της ψευδούς κατάθεσης στο ακροατήριο για τους Κοσμίδη και Ντάλα.
-Αξιολόγηση ποινικών ευθυνών προσώπων που είχαν πλήρη εικόνα όσων συνέβαιναν για επτά πρόσωπα. Από την έκταση και την ποικιλία των παρακολουθούμενων προσώπων, αλλά και του γεγονότος ότι δεν κλήθηκαν να καταθέσουν, λόγω της οργάνωσης, της εκπαίδευσης και το ενδεχόμενο συνεργίας ξένων δυνάμεων και δη Ισραηλινών προκύπτουν επαρκείς ενδείξεις για τους κατηγορούμενους και τα παραπάνω πρόσωπα για το 148 ΠΚ και την πλημμεληματική μορφή του αδικήματος της κατασκοπείας.
-Διαβίβαση για διεύρυνση σχετικά μεόσα κατέθεσε ο Σταμάτης Τρίμπαληςγια τη διαδικασία στην εξεταστική της Βουλής για ψευδή κατάθεση και ηθική αυτουργία για τουςΛαβράνο και Ντάλα.
-Για το αδίκημα του ΠΚ 370 ΣΤ (απαγόρευση διακίνησης λογισμικών). Όπως προκύπτει από τηνκατάθεση του Π. Κούτσιουστο ακροατήριο συνεχιζόταν η λειτουργία της Ιντελλέξα στη χώρα 2023-2024. Πρέπει να ερευνηθεί εάν η λειτουργία της εμπίπτει στην αντικειμενική υπόσταση του συγκεκριμένου άρθρου.
Το δικαστήριοέκανε δεκτή την πρόταση του εισαγγελέα και αποφάσισε τη διαβίβαση των πρακτικών.",2026,2,26,15
2026-02-26 14:58:00,"«Ένας πρωτοβάθμιος δικαστής και ένας εισαγγελέας τίμησαν το λειτούργημά τους και έκαναν το καθήκον τους. Ένοχοι οι κατηγορούμενοι για τις υποκλοπές και μάλιστα χωρίς ελαφρυντικά, με τις αυστηρότερες ποινές», επισημαίνει ο πρόεδρος της Νέας Αριστεράς,Αλέξης Χαρίτσηςσε δήλωσή του από το περιστύλιο της Βουλής, κάνοντας λόγο για «νίκη της δημοκρατίας, νίκη του κράτους δικαίου, νίκη της ανεξάρτητης ερευνητικής δημοσιογραφίας».
«Είναι όμως μόνο μια πρώτη νίκη, γιατί ακόμα δεν έχουμε μάθει ολόκληρη την αλήθεια. Η σημερινή δικαστική απόφαση αφήνει έκθετη την κυβέρνηση, έκθετη την Εισαγγελία του Αρείου Πάγου, αλλά αφήνει έκθετη και τη Βουλή των Ελλήνων, που από τις 25 Νοεμβρίου έχει αφήσει αναπάντητο το διάβημά μου για τη στημένη κατάθεση μάρτυρα στην Εξεταστική Επιτροπή για τις υποκλοπές», σημειώνει και προσθέτει: «Τώρα δεν είναι η ώρα της αδράνειας όμως. Και γι’ αυτό θα προχωρήσω άμεσα σε επικοινωνία και με τους πολιτικούς αρχηγούς της προοδευτικής και αριστερής αντιπολίτευσης, έτσι ώστε να συντονίσουμε τις ενέργειές μας. Η συγκάλυψη του κ. Μητσοτάκη δεν θα περάσει».",2026,2,26,14
2026-02-26 14:54:00,"«Η σημερινήκαταδίκη των τεσσάρων ιδιωτών για το σκάνδαλο των υποκλοπώναποτελεί μια συγκλονιστική, αλλά και αποκαλυπτική είδηση. Η καταδίκη τους δε, χωρίς ελαφρυντικά, με αναβάθμιση του κατηγορητηρίου για αδικήματα που τελέστηκαν με συναυτουργία και κοινό δόλο, αλλά και η διαβίβαση του φακέλου για τη διερεύνηση των αδικημάτων της κατασκοπείας, αλλά και της ψευδορκίας στη στημένη Εξεταστική Επιτροπή της Βουλής, επιβεβαιώνουν όσα κατήγγειλε ο ΣΥΡΙΖΑ-ΠΣ από την πρώτη μέρα» τονίζει σε δήλωσή του οΣωκράτης Φάμελλοςκαι προσθέτει:
«Τα ερωτήματα πλέον που τίθενται είναι αμείλικτα.
Έδρασαν μόνοι τους ή είχαν πλάτες από το καθεστώς Μητσοτάκη;
Είναι σύμπτωση ότι παρακολουθούνταν οι ίδιοι αριθμοί τηλεφώνου από το Predator και από την ΕΥΠ, την οποία πήρε από την πρώτη μέρα στην επίβλεψη του ο κ. Μητσοτάκης;
Όχι, δεν είναι σύμπτωση.
Υπήρξε ένα οργανωμένο σχέδιο υποκλοπών και παρακολουθήσεων με πρακτικές παρακράτους.
Ο κ. Μητσοτάκης έχει προσωπική ευθύνη.
Προσβάλλει τη Δημοκρατία.
Γι’ αυτό και πρέπει να φύγουν το συντομότερο και η χώρα να οδηγηθεί σε εκλογές».",2026,2,26,14
2026-02-17 16:56:00,"Η ώρα της κρίσης για την υπόθεση τωνυποκλοπώνπλησιάζει. Το πρωί της 26ης Φεβρουαρίου ο πρόεδρος του Μονομελούς Πλημμελειοδικείου της Αθήνας Νίκος Ασκιανάκης θα ανακοινώσει την ετυμηγορία του για τουςτέσσερις επιχειρηματίεςοι οποίοι δικάζονται για αδικήματαπλημμεληματικού χαρακτήρα.
Κατά τη διάρκεια της σημερινής συνεδρίασης ολοκληρώθηκαν οι αγορεύσεις των συνηγόρων υπεράσπισης των κατηγορουμένων σηματοδοτώντας και το τέλος της διαδικασίας.
Μιας διαδικασίας που ξεκίνησε στο τέλος του περασμένου Σεπτεμβρίου και στη διάρκεια των σαράντα και πλέον συνεδριάσεων το δικαστήριο ανέδειξε παραμέτρους της υπόθεσης και φώτισε πτυχές της που είχαν μείνει εκτός του κάδρου των ερευνών στο προηγούμενο στάδιο .
Ο εισαγγελέας της έδρας Δημήτρης Παυλίδης όταν έφτασε η ώρα της αγόρευσης του εισηγήθηκε τηνενοχή και για τους τέσσερις κατηγορουμένουςστοιχειοθετώντας βήμα βήμα όλα εκείνα τα στοιχεία που τον οδήγησαν στη διατύπωση της καταδικαστικής πρότασης .
Στο τέλος μάλιστα της αγόρευσης του άφησε ανοιχτό το ενδεχόμενο να επανέλθει και για άλλα θέματα μετά και την απόφαση του δικαστηρίου.
Αυτό που έχει ιδιαίτερο ενδιαφέρον πέρα από την κρίση του δικαστή , ο οποίος από κοινού με τον εισαγγελέα ερεύνησαν σε βάθος την υπόθεση αυτή πουαγγίζει τη λειτουργία των θεσμώνκαι την ίδια τη λειτουργία της Δημοκρατίας,είναι αν η ετυμηγορία οδηγήσει στην ανάσυρση μέρους της δικογραφίας των υποκλοπών από το αρχείο όπου είχε τεθεί μετά την έρευνα από την Εισαγγελία του Αρείου Πάγου.
Σε μια τέτοια περίπτωση θα ξεκινήσει νέα έρευνα ,που εκτιμούν νομικοί μπορεί να οδηγήσει σε νέα αδικήματα και σενέους κατηγορουμένους.
Όπως κάθε απόφαση ποινικού δικαστηρίου, έτσι και αυτή αναμένεται με ιδιαίτερο ενδιαφέρον από όλες τις πλευρές. Για διαφορετικούς βέβαια λόγους Πολλω δε μάλλον όταν πρόκειται για μια απόφαση που όπως έχει επισημανθεί αφορά μια από τις σημαντικότερες δίκες των τελευταίων ετών για τη λειτουργία των θεσμών στη χώρα μας.",2026,2,17,16
2026-02-06 18:26:00,"«Η σημερινή πρόταση του Εισαγγελέα στη δίκη για τιςυποκλοπέςαποτελείμια ακόμα δικαίωση στον αγώναπου αταλάντευτα δίνει εδώ και σχεδόν τέσσερα χρόνια πλέον ο Πρόεδρος του ΠΑΣΟΚ-Κινήματος ΑλλαγήςΝ. Ανδρουλάκης», σημειώνει σε ανακοίνωσή του το κόμμα της αξιωματικής αντιπολίτευσης, προσθέτοντας ότι «για την ποινική μεταχείριση των κατηγορουμένων ασφαλώς θα κρίνει και θα αποφανθεί το Δικαστήριο».
«Όμως», σημειώνει το ΠΑΣΟΚ, «είναι σημαντικό που ένας εισαγγελικός λειτουργός, με πλήρη εποπτεία της υπόθεσης και του αποδεικτικού υλικού, διαπιστώνει αυτό που από την πρώτη στιγμή ισχυρίστηκε ο Ν. Ανδρουλάκης για την υπόθεση του Predator, πριν ακόμα γίνει γνωστή η παρακολούθησή του από την ΕΥΠ: Η υπόθεση του παράνομου λογισμικού με στόχο πολιτικά πρόσωπα και δημόσιους λειτουργούς θέτει σε κίνδυνο την λειτουργία του Πολιτεύματος και των θεσμών εν γένει». Προσθέτει ότι «για αυτό ο Ν. Ανδρουλάκης ούτε μια στιγμή δεν δίστασε να απευθυνθεί στη Δικαιοσύνη και δεν έπαυσε να επιδιώκει την κάθαρση του σκανδάλου, σε αντίθεση με άλλους που είχαν και εκείνοι υποχρέωση να κάνουν το ίδιο, επέλεξαν ωστόσο να κρύβονται».
Το ΠΑΣΟΚ σημειώνει ότι «είναι επίσης σημαντικό που ο εισαγγελικός λειτουργός συσχέτισε τη λίστα των θυμάτων του Predator με τους στόχους των επισυνδέσεων της ΕΥΠ και αναρωτήθηκε για την πραγματική σχέση των δύο κέντρων, φωτίζοντας αυτήν την πτυχή της υπόθεσης που για τον Ν. Ανδρουλάκη δεν έχει τελειώσει». «Αυτή η πτυχή», υπογραμμίζει καταληκτικά, «θα φωτιστεί εκ νέου, και εκ των πραγμάτων, όταν υποχρεωθεί, υπό την πίεση της Ευρωπαϊκής Δικαιοσύνης, η Κυβέρνηση να δώσει στον Πρόεδρο του ΠΑΣΟΚ την τεκμηρίωση της παρακολούθησής του».",2026,2,6,18
2026-02-06 13:29:00,"Τις ποινικές και θεσμικές διαστάσεις της υπόθεσης τωντηλεφωνικών υποκλοπώνπου αφορούν τον πυρήνα του δημοκρατικού πολιτεύματος ανέδειξε κατά τη διάρκεια της αγόρευσης του ο εισαγγελέας του Μονομελούς Πλημμελειοδικείου της ΑθήναςΔημήτρης Παυλίδης.
Ο εισαγγελικός λειτουργός στη διάρκεια της πολύωρης και εμπεριστατωμένης αγόρευσης τουφώτισε όλες τις πλευρές τηςσκοτεινής αυτής υπόθεσηςκαι όταν έφτασε στο δια ταύτα εισηγήθηκε την ενοχή και τωντεσσάρων κατηγορουμένων, επιχειρηματιώνοι οποίοι έχουν παραπεμφθεί στο εδώλιο για τρία πλημμελήματα που αφορούν σε παραβίαση του συνταγματικά κατοχυρωμένου απορρήτου των τηλεφωνικών επικοινωνιών,αλλά και της παραβίασης προσωπικών δεδομένων .
Στην πρόταση του ο Δημήτρης Παυλίδης εισηγήθηκε προς το δικαστήριο τηνενοχή των κατηγορουμένωνζητώντας μάλιστα να μετατραπεί η κατηγορία από κατά συρροή σε κάτι εξακολούθηση , πρόταση που αν γίνει τελικά δεκτή και από το δικαστήριο θα έχει άμεση επίπτωση στην τελική ποινική μεταχείριση και στον υπολογισμό της ποινής των κατηγορουμένων όταν φτάσει η ώρα της κρίσης .
Αξίζει να σημειωθεί ωστόσο ότι ο εισαγγελέας άφησε καιανοιχτά παράθυρα για αλλά ζητήματα και ενέργειεςπου θα τοποθετηθεί μετά την έκδοση της απόφασης,η οποία εκτιμάται θα έχει εκδοθεί μέσα στο Φεβρουάριο.Τα ζητήματα αυτά αφορούν,όπως επισημαίνεται από νομικούς,το ενδεχόμενο να διαβιβαστούν στην εισαγγελία πρακτικά για να ελεγχθούν μάρτυρες για ψευδείς καταθέσεις αλλά κυρίως το ενδεχόμενο να ανοίξει εκ νέου ο φάκελος των υποκλοπών για το σκέλος εκείνο που έχει τεθεί στο αρχείο μετά την έρευνα της Εισαγγελία του Αρείου Πάγου Γεγονός,που αν τελικά γίνει,θα σηματοδοτήσει νέο κύκλο ερευνών τόσο ως προς τα δίκη κατά όσο και ως προς τα πρόσωπα που θα τεθούν εκ νέου στο μικροσκόπιο της δικαιοσύνης.
Ο εισαγγελέας αξιολογώντας το πλήθος των αποδεικτικών στοιχείων της δικογραφίας,των εγγράφων και των καταθέσεων των μαρτύρων έκρινε ότι έχει αποδειχθεί η σύνδεση των κατηγορουμένων με τις εμπλεκόμενες εταιρείες και το λογισμικό, και για το λόγο αυτό ζήτησε κηρυχθούν άπαντες ένοχοι για όλες τις κατηγορίες». Έκρινε ότι οι κατηγορούμενοι είχαν ρόλο de facto διαχειριστών εμπλεκομένων εταιριών και θα πρέπει να καταδικασθούν για τρία πλημμελήματα, όπως κατηγορούνται. Ειδικότερα, ζήτησε να κριθούν ένοχοι για επέμβαση σε σύστημα αρχειοθέτησης προσωπικών δεδομένων από κοινού να κατ’εξακολούθηση τετελεσμένη και σε απόπειρα και για παράβαση απορρήτου τηλεφωνικής συνομιλίας από κοινού και κατ’ εξακολούθηση τετελεσμένη και σε απόπειρα. Για τις πράξεις αυτές πρότεινε τη μετατροπή των κατηγοριών μόνο σε κατά συρροή και όχι σε κατ’ εξακολούθηση η οποία αν γίνει δεκτή θα έχει αντίκτυπο ως προς τις ποινές αυξάνοντάς τες. «Το έννομο αγαθό εδώ έχει κάθε φορά διαφορετικό πρόσωπο, με κάθε αποστολή μηνύματος προσβάλλεται διαφορετικό αγαθό» εξήγησε.
Για την πράξη της παράνομης πρόσβασης σε σύστημα πληροφοριών ή δεδομένα, από κοινού, κατ’ εξακολούθηση, τετελεσμένη και σε απόπειρα ζήτησε να παύσει η ποινική δίωξη πλην των εμπρόθεσμων εγκλήσεων, καθώς απαιτείται έγκληση για το αδίκημα.
Νωρίτερα στη διάρκεια της αγορευσης του ο εισαγγελικός λειτουργός περιέγραψε βήμα βήμα πως κατά την κρίση του προκύπτει η σχέση των κατηγορουμένων με το πλέγμα των εταιρειών του οικοσυστήματος της Ιντελεξα,τη λειτουργία του κακόβουλου λογισμού Predator,τον τρόπο που επελέγησαν οι στόχοι ,αναφέρθηκε στον κομβικό ρόλο του ΚΕΤΥΑΚ στην Αγία Παρασκευή και στην αξιοπιστία των συμπερασμάτων του citizen lab ,που αποτελούν μέρος της δικογραφίας.
Ο εισαγγελέας στο πρώτο μέρος της αγόρευσης του δεν παρέλειψε να αναδείξει και τους θεσμικούς κινδύνους που εγκυμονούσε η χρήση του κακόβουλου λογισμικού Predator για την καρδιά της ίδιας της Δημοκρατίας.Αναφορά που μόνο απαρατήρητη δεν πέρασε από παράγοντες της δίκης ,οι οποίοι από την πρώτη στιγμή που αποκαλύφθηκε η υπόθεση αυτή είχαν αναφερθεί και σε αυτή τη διάσταση της δίκης των τηλεφωνικών υποκλοπών .
«Η χρήση του λογισμικού είναι παράνομη, παραβιάζει τους νόμους και εκφεύγει από το τρόπο των νομίμων παρακολουθήσεων στην Ελλάδα. Ακόμα και αν πούμε ότι ήταν νόμιμο θα χρειαζόταν μια νόμιμη διαδικασία με υπογραφές και εγκρίσεις που στη συγκεκριμένη περίπτωση δεν είχαμε τίποτα. Είναι αποκρυσταλλωμένο ότι είναι παράνομη η χρήση του λογισμικού στη χώρα. Παραβιάζει βάναυσα προσωπικά δεδομένα. Αποτελεί απειλή για τον πυρήνα του δημοκρατικού πολιτεύματος γιατί δίνει εξουσίες σε άτομα που δεν θα έπρεπε να τις έχουν…και τυχόν χρήση της από υπηρεσίες θα πρέπει να αποτελεί ….σημείο αφύπνισης!»,τόνισε ο εισαγγελικός λειτουργός στη διάρκεια της αγόρευσης του που ήταν καταπέλτης για τους κατηγορουμένους .
Ο Δημήτρης Παυλίδης σε άλλο σημείο της αγόρευσης τους παρατήρησε μεγαλόφωνα ότι υπόθεση αυτή δεν ήταν για Μονομελές Πλημμελειοδικείο ,άποψη που έχει υποστηριχθεί στο παρελθόν από νομικούς και συνταγματολόγους .Και εξήγησε γιατί κατά την άποψη του υποστηρίζει με τη σειρά του την άποψη αυτή :
«Αν οι πράξεις είχαν χρόνο τέλεσης λίγο αργότερα, δεν θα είμασταν εδώ. Αυτή η υπόθεση δεν ήταν για Μονομελές Δικαστήριο, φαίνεται από τον αριθμό των εγγράφων και των μαρτύρων, εν πάσει περιπτώσει…» ανέφερε σχεδόν από την αρχή της αγόρευσης του αναδεικνύοντας τη βαρύτητα της υπόθεσης που με υποδειγματικό τρόπο ο ίδιος και ο πρόεδρος του δικαστηρίου Νίκος Ασκιανάκης χειρίστηκαν τους μήνες που μεσολάβησαν από την έναρξη της διαδικασίας που ακουμπά ,όπως φάνηκε, σε πολλές πτυχές του Συντάγματος και της προστασίας ατομικών δικαιωμάτων .
Σχετικά με την Intellexa ΑΕ, με μετόχους δύο εκ των κατηγορουμένων, ανέφερε ότι είχε ευρύ φάσμα δραστηριότητας που μπορεί να περιλαμβάνει και δραστηριότητες τύπου predator. «Φαίνεται κανονική εταιρία με κάποιες ιδιαιτερότητες, διαθέτει Μητρώο στο ΓΕΜΗ, εργαζόμενους, έδρα, συμμετέχει σε εκθέσεις… εν πρώτοις δεν φαίνεται για μυστική οντότητα, εν μέρει λόγω ανάγκης και εν μέρει λόγω στρατηγικής. Απο την άλλη έχει κάποια στεγανά, υπάλληλοι παρουσιάζουν προϊόντα που δεν ξέρουν αν κλείστηκαν οι συμφωνίες ή πως συνδέονται τα προϊόντες κά σύμφωνα εμπιστευτικότητας» ανέφερε.
Ιδιαίτερο κεφάλαιο στην εισαγγελική αγόρευση αφιέρωσε στην αγόρευση του ο εισαγγελέας στην κατάθεση του Σταμάτη Τρίμπαλη, του φερόμενου ως νόμιμου εκπροσώπου της Krikel, ιδιότητα που ο ίδιος αρνήθηκε στο δικαστήριο λέγοντας πως ήταν «αχυράνθρωπος» του κατηγορούμενου Γιάννη Λαβράνου. «Τον Σεπτέμβριο του 2022 πριν την κατάθεση του στη Βουλή, τουβδοθηκαν από πριν τις ερωτήσεις που του τέθηκαν ,ενώ συονδιικαστηριον δήλωσε θύμα, που φέρει άδικα όλο το βάρος των χρεών της Krikel».
Η δίκη θα συνεχιστεί την Τρίτη με τις αγορεύσεις των συνηγόρων υποστήριξης της κατηγορίας .",2026,2,6,13
2026-01-29 17:18:00,"Αντίστροφα μετρά πλέον ο χρόνοςγια την έκδοση της απόφασης της δικαιοσύνης για την υπόθεση τωντηλεφωνικών υποκλοπών, μια υπόθεση που ακουμπά τη λειτουργία των  θεσμών και του κράτους δικαίου.
Τέσσερις μήνες μετά την έναρξη της δίκης, ο πρόεδρος του δικαστηρίου κήρυξε το πέρας της αποδεικτικής διαδικασίας, στη διάρκεια της οποίας προέκυψαν κρίσιμα στοιχεία, τα οποία είχαν μείνει έξω από τα προηγούμενα δικονομικά στάδια. Η διαδικασία έκλεισε χωρίς τις απολογίες των κατηγορουμένων, οι οποίοι κάνοντας χρήση δικαιώματος που τους δίνει ο νόμος, επέλεξαν να μην εμφανιστούν στο ακροατήριο να απολογηθούν και να απαντήσουν σε όσες ερωτήσεις τυχόν τους ετίθετο από την έδρα, που όλο αυτό τον καιρό διερευνά ενδελεχώς την υπόθεση, φωτίζοντας άγνωστες πτυχές της.
Ο προβολέας της δίκης στη  επόμενη συνεδρίαση που ορίστηκε για τη  Παρασκευή 6 Φεβρουαρίου θα στραφεί στον εισαγγελέα της έδρας, ο οποίος αξιολογώντας τις ενδιαφέρουσες  μαρτυρικές καταθέσεις, τα έγγραφα και το σύνολο των αποδεικτικών στοιχείων θα διατυπώσει την πρόταση του για τους τέσσερις κατηγορουμένους ιδιώτες-επιχειρηματίες, οι οποίοι έχουν παραπεμφθεί στο εδώλιο του Μονομελούς Πλημμελειοδικείου της Αθήνας για αδικήματα πλημμεληματικού χαρακτήρα που συνδέονται με την υπόθεση τωντηλεφωνικών υποκλοπώνκαι την παραβίαση του νόμου για τα προσωπικά δεδομένα.
Αμέσως μετά η «σκυτάλη» των αγορεύσεων θα περάσει στους δικηγόρους υποστήριξης κατηγορίας, που εκπροσωπούν τα θύματα του κακόβουλου λογισμικού predator , που από την πρώτη στιγμή, όπως ο πρόεδρος του ΠΑΣΟΚ Νίκος Ανδρουλάκης και ο δημοσιογράφος Θανάσης  Κουκάκης, επέλεξαν το δρόμο της δικαιοσύνης για τη διερεύνηση της τόσο σοβαρής αυτής υπόθεσης. Τελευταίοι θα αγορεύσουν οι δικηγόροι των κατηγορουμένων, οι οποίοι από τη αρχή  αρνούνται οποιαδήποτε σχέση με τις αξιόποινες πράξεις που οδήγησαν στην παραπομπή τους σε δίκη.
Αμέσως μετά ο πρόεδρος του δικαστηρίου θα ανακοινώσει την ημέρα έκδοσης της απόφασης. Μιας απόφασης που αναμένεται με ιδιαίτερο ενδιαφέρον από όλες τις πλευρές  για διαφορετικούς βεβαίως λόγους . Όπως επίσης με ενδιαφέρον αναμένεται η ενδεχόμενη κρίση του δικαστηρίου που μπορεί να οδηγήσει  στην ανάσυρση από το αρχείο των μηνύσεων του Νίκου Ανδρουλάκη και του Θανάση Κουκάκη, για το σκέλος που αφορά στην πορεία της προπληρωμένης κάρτας που χρησιμοποιήθηκε για την αποστολή μολυσμένων μηνυμάτων, με βάση όσα προέκυψαν από την πολύμηνη διαδικασία μετά την εξέταση του κατόχου της και   την κίνηση του επίμαχου λογαριασμού από την Εθνική Τράπεζα.
Κατά τη διάρκεια της σημερινής διαδικασίας εξετάστηκε ο μοναδικός μάρτυρας υπεράσπισης, Αντώνης Καραθανάσης, μηχανικός ηλεκτρονικών υπολογιστών, ο οποίος είχε το ρόλο τεχνικού συμβούλου για θέματα τεχνικής φύσεως. Ο μάρτυρας με βάση τις γνώσεις του  αμφισβήτησε τις εκθέσεις του citizen lab και τα «εργαλεία» που χρησιμοποίησε για να οδηγηθεί στο συμπέρασμα για το κακόβουλο λογισμικόpredator.
Όπως είπε, πάσχει σε πολλά σημεία που άπτονται τα πρωτόκολλα και «δεν νοείται ανάλυση χωρίς δημιουργία πιστού εγκληματολογικού αντιγράφου». Επίσης ο μάρτυρας αμφισβήτησε την αξιοπιστία των εκθέσεων της Meta και της Διεθνούς Αμνηστίας, εξηγώντας γιατί έχει οδηγηθεί σε αυτήν την άποψη με βάση και όσα έχει διαβάσει από τα έγγραφα της δικογραφίας. Ο  κ. Καραθανασης δέχθηκε βροχή ερωτήσεων τόσο από το  πρόεδρο και το  εισαγγελεα του δικαστηρίου όσο και από τον δικηγόρο υποστήριξης της κατηγορίας Ζαχαρία Κεσσέ, ο οποίος με τη σειρά του  αμφισβήτησε την αξιοπιστία της κατάθεσης του  μάρτυρα .",2026,1,29,17
2026-01-26 14:56:00,"Ηκάρτα του Κοσμίδηαπό την οποία  εστάλησαν τα“μολυσμένα” μηνύματαμε παραλήπτη τον πρόεδρο του ΠΑΣΟΚΝίκο Ανδρουλάκηκαι άλλα πρόσωπα… μίλησε.
Τα αποκαλυπτικά στοιχεία που προέκυψαν από την επεξεργασία της κίνησης του λογαριασμού που έφτασε στη δικαιοσύνη μετά την απόφαση που έλαβε το Μονομελές Πλημμελειοδικείο της Αθήνας ενώπιον του οποίου συνεχίζεται η εκδίκαση της υπόθεσης των τηλεφωνικών υποκλοπών εισφέρθηκαν σήμερα από την υποστήριξη της κατηγορίας σε μία προσπάθεια, έστω και τώρα, να χυθεί άπλετο φως στη σκοτεινή αυτή υπόθεση και το δικαστήριο να έχει διαμορφώσει πλήρη εικόνα πριν ανακοινώσει την ετυμηγορία του.
Tην ίδια ώρα μάλιστα, όπως επισήμανεη πλευρά του Νίκου Ανδρουλάκη, ο πρόεδρος του ΠΑΣΟΚο οποίος έχει δικαιωθεί από το ΣτΕ και έχει προσφύγει στο Ευρωπαϊκό Δικαστήριο δεν έχει ενημερωθεί για τους λόγους που οδήγησαν στην παρακολούθηση του από την ΕΥΠ.
Ο πληρεξούσιος δικηγόροςτου δημοσιογράφου Θανάση Κουκάκη, ο οποίος ήταν διπλός στόχος παρακολούθησης και μέσω της ΕΥΠ και με το κακόβουλο λογισμικό Predator, Ζαχαρίας Κεσσές κατέθεσε στο δικαστήριο έγγραφα αναλύοντας όσα προέκυψαν από την κίνηση του λογαριασμού της επίμαχης κάρτας που για πρώτη φορά φτάνουν στα χέρια της δικαιοσύνης.
Σύμφωνα με όσα ανέφερε οΖαχαρίας Κεσσέςμέσα από την ακτινογραφία των συναλλαγών προκύπτει επί της ουσίας ότι αυτή δεν χρησιμοποιήθηκε μόνο δύο φορές ,όπως αναφερόταν στο πρίσμα αρχειοθέτησης των μηνύσεων του προέδρου του ΠΑΣΟΚ Νίκου Ανδρουλάκη και του Θανάση Κουκάκη, καθώς με ένα απλό άθροισμα των συναλλαγών προκύπτει ότι αυτές ήταν συνολικά 165!!!
Οι αποκαλύψεις,όπως εξήγησε η πλευρά της υποστήριξης της κατηγορίας, αφορούν πληρωμές προς παρόχους τηλεπικοινωνιακών υπηρεσιών, hosting και αποστολής SMS, οι οποίες, σύμφωνα με όσα παρουσιάστηκαν, συνδέονται άμεσα με τη δημιουργία και τη συντήρηση του μηχανισμού ανώνυμης αποστολής κακόβουλων συνδέσμων μεPredator.
“Από την επεξεργασία κίνησης λογαριασμού αν αντιπαραβάλλει κανείς τα έγγραφα των δύο Αρχών( Προστασίας Προσωπικών Δεδομένων και Διασφάλισης Απορρήτου Επικοινωνιών) διαπιστώνει ότι η εταιρεία που είχαν γίνει συναλλαγές δεν ενημέρωσε για όλες τις κινήσεις.Είχαν αποκρυβεί οι δυο πρώτες κινήσεις που έλαβαν χώρα στις 10 Δεκεμβρίου 2020. Γιατί η εταιρεία αποκρύψει τις δύο πρώτες συναλλαγές;” σημείωσε χαρακτηριστικά ο νομικός παράστάτης. Και πρόσθεσε πως ο νόμιμος εκπρόσωπος της εταιρείας,τον οποίο κατονόμασε,ενώ περιλαμβάνεται στη λίστα μαρτύρων, μέχρι σήμερα δεν έχει καταθέσει ζητώντας παράλληλα από δικαστήριο να υπάρξει αναλυτική ενημέρωση για το ποια SMS πληρώθηκαν στις 10 Δεκεμβρίου 2020 και σε ποιους αποδέκτες στάλθηκαν.
Πέραν των δύο αυτών συναλλαγών, παρουσιάστηκαν πρόσθετα ευρήματα που αφορούν στη συστηματική χρήση της ίδιας κάρτας κατά την περίοδο Ιουνίου 2020 έως Δεκεμβρίου 2021. Σύμφωνα με τα στοιχεία, η κάρτα του Κοσμίδη χρησιμοποιήθηκε για πληρωμές υπηρεσιών hosting, cloud και καταχώρησης domains, οι οποίες ταυτίζονται με τις τεχνικές ανάγκες λειτουργίας υποδομών διασποράς κακόβουλων συνδέσμων.
Τέλος, κατατέθηκαν στοιχεία σύμφωνα με τα οποία όταν είχε αποκαλυφθεί η υπόθεση των υποκλοπών τα στελέχη της Intellexa,που είναι μια από τις δύο ελεγχόμενες εταιρείες, ξεκίνησαν να χρησιμοποιήσουν mail που παρέπεμπαν στην τσεχική εταιρεία για την οποία από το πόρισμα της οικονομικής αστυνομίας έχει προκύψει πως είχε μεγάλου ύψους συναλλαγές με την ερευνώμενη εταιρεία.
Η δίκη θα συνεχιστεί την Τετάρτη με έγγραφα που θα προσκομίσουν στο δικαστήριο από την πλευρά της υπεράσπισης.",2026,1,26,14
2026-01-23 15:55:00,"Σημαντικές εξελίξεις για τη διερεύνηση της υπόθεσης των τηλεφωνικώνυποκλοπώνσηματοδοτείη απάντηση της Εθνικής Τράπεζας της Ελλάδοςγια την κίνηση της προπληρωμένης κάρτας τουΑιμίλιου Κοσμίδηαπό την οποία φέρεται να εστάλη τομολυσμένο μήνυμα με παραλήπτη τον πρόεδρο του ΠΑΣΟΚΝίκο Ανδρουλάκηκαι άλλα πρόσωπα.
Τα …αποκαλυπτήρια της κίνησης τηςκάρτας – φάντασμακαθώς ο πραγματικός της κάτοχος έχει δηλώσει ότι την έχασε και στη συνέχεια χρησιμοποιήθηκε για να σταλούν τα επίμαχα μηνύματα από άγνωστα πρόσωπα, έγινε μετά την απόφαση του Μονομελούς Πλημμελειοδικείου της Αθήνας να ζητήσει την κίνηση της μέσω της Εθνικής Τράπεζας, καθώς όπως έχει φανεί σε κάθε βήμα με σεβασμό στη δικονομία και το τεκμήριο αθωότητας το δικαστήριο διερευνά ενδελεχώς κάθε πτυχή της σκοτεινής αυτής υπόθεσης.
Τη διαβίβαση του νέου αυτού αποδεικτικού στοιχείου που καθίσταται αναγνωστέο έγγραφο ανακοίνωσε από έδρας ο πρόεδρος του δικαστηρίου επισημαίνοντας με βάση τα στοιχεία της Εθνικής Τράπεζας ότι υπάρχει μεγάλος όγκος συναλλαγών σημειώνοντας ότι η πρώτη γίνεται στις 2 Ιουνίου 2020 και η τελευταία στις 16 Δεκεμβρίου 2021.
Η ημερομηνία διακοπής των συναλλαγών, όπως παρατηρούσαν παράγοντες της δίκης με πλήρη γνώση της δικογραφίας, μόνο τυχαία δεν είναι καθώςσυμπίπτει με το ” ξήλωμα” των servers της ελεγχόμενης εταιρείας από τα γραφεία στο Χαλάνδρι .
Αυτό που μένει βέβαια να διαπιστωθεί είναι πόσες και ποιες συναλλαγές έγιναν καθώς και αν ,και βέβαια πόσες εξ αυτών συνδέονται με την εκδικαζόμενη υπόθεση των τηλεφωνικών υποκλοπών .
Σε κάθε περίπτωση σύμφωνα με τις ίδιες πηγές η ροή των συναλλαγών που προκύπτουν πέραν πάσης αμφιβολίας από την επίσημη και θεσμική απάντηση της Εθνικής Τράπεζας έρχεται να ανατρέψει την παραδοχή του εισαγγελικού πορίσματος του Αρείου Πάγου ότι η κάρτα …φορτώθηκε μόνο δύο φορές με 500 ευρώ .
Και ενώ αναμένεται η επεξεργασία και η αξιολόγηση των στοιχείων από την κίνηση της κάρτας αυτής η διαδικασία συνεχίστηκε σήμερα με ανάγνωση εγγράφων .
Συγκεκριμένα ,64 φακέλους μέσα σε δύο βαλίτσες με κρίσιμα έγγραφα για την υπόθεση των των τηλεφωνικών προσκόμισε στο δικαστήριο η πλευρά της υποστήριξης κατηγορίαςστην προσπάθεια να φωτιστεί κάθε πτυχή της σκοτεινής αυτής υπόθεσης που αφορά την καρδιά της λειτουργίας των θεσμών.
Από νωρίς χθες το πρωί ο πληρεξούσιος δικηγόρος του δημοσιογράφου Θανάση Κουκάκη, ο οποίος είναι ένα από τα θύματα του κακόβουλου λογισμικού predator Ζαχαρίας Κεσσές εισεφερε στο δικαστήριο μια σειρά από αποκαλυπτικά έγγραφα που θα αξιολογηθούν ;μαζί με τα υπόλοιπα αποδεικτικά στοιχεία τόσο από τον εισαγγελέα της έδρας την ώρα της αγόρευσης του ,όσο και από το πρόεδρο του δικαστηρίου όταν φτάσει η κρίσιμο ώρα της έκδοσης της απόφασης .
Μέσα από την πληθώρα των εγγράφων προκύπτει πωςτα θύματα του λογισμικού βρέθηκαν “παγιδευμένα στο δίχτυ”.Σημαντική δεξαμενή εγγράφων αφορούσαν τα δημοσιεύματα ερευνητικής δημοσιογραφίας καιμεταξύ αυτών 18 δημοσιεύματα της εφημερίδας Τα Νέα και το Βήμα.
Ιδιαίτερο κεφάλαιο αφορούσαν οι έρευνες και τα ευρήματα του Citizen Lab, αλλά και του Εργαστηρίου Ασφαλείας της Διεθνούς Αμνηστίας .
Από την αξιολόγηση του συγκεκριμένου υλικού όπως επισημάνθηκε καταγράφεται πως ξεκίνησε η αποκάλυψη τουPredator,αναλύονται τα 8 βήματα επικύρωσης για την εγκατάσταση του λογισμικού και διαπιστώνεται πως μέσα σε μόνο δύο λεπτά από την εγκατάσταση του αρχίζει η παρακολούθηση του στόχου.
Στη συνέχεια εισφέρθηκαν έγγραφα για τις σχέσεις των ελεγχόμενων εταιρειών και τον ρόλο των τεσσάρων κατηγορουμένων. Σε αυτό το πλαίσιο έγινε επίκληση σε μηνύματα που αφορούσαν στην αφαίρεση του εξοπλισμού από τηςεταιρείας Ιντελέξαμετά τη δημοσίευση της έρευνας από την Google για το Predator.Ενεργεια που φέρεται να έγινε τόσο βιαστικά με αποτέλεσμα να έχουν πάρει μέχρι και τα πλαστικά.
Επιπλέον, έγινε αυτολεξείαναφορά στα μηνύματα μεταξύ του εκ των κατηγορουμένων Γιάννη Λαβράνου και του φερόμενου ως νόμιμου εκπροσώπου της εταιρίας Σταμάτη Τρίμπαληαπό τα οποία προκύπτει,όπως και ο ίδιος παραδέχθηκε καταθέτοντας στο δικαστήριο,ότι καθοδηγείται και ενημερώνεται τόσο για τις ερωτήσεις και την πορεία της Εξεταστικής επιτροπής της Βουλής που ερεύνησε την υπόθεση των τηλεφωνικών υποκλοπών,όσο και για την κατασκευή οίκον έρευνα από τις αστυνομικές αρχές .
Ένας ακόμα φάκελος αφορά σε 323 συναλλαγές μεταξύ των εμπλεκομένων εταιρειών καθώς και στον ρόλο του Αιμίλιου Κοσμίδη από την προπληρωμένη κατά του οποίου εστάλη το μολυσμένο μήνυμα με παραλήπτη τον πρόεδρο του ΠΑΣΟΚ Νίκος Ανδρουλάκη και άλλα πολιτικά πρόσωπα .",2026,1,23,15
2026-01-12 17:51:00,"Ευθύνες στον πρωθυπουργό για την υπόθεση των υποκλοπών, με αφορμή τα όσα αποκαλύπτονται στην δίκη, καταλογίζει με ανακοίνωσή του ο ΣΥΡΙΖΑ-ΠΣ, ενώ προειδοποιεί ότι δεν θα ξεφύγει από τις ευθύνες του.
Στην ανακοίνωση αναφέρει: «Μετά τον νόμιμο εκπρόσωπο της Krikel, Σταμάτη Τρίμπαλη, ακόμα μια μάρτυρας της δίκης για τις υποκλοπές, η γραμματέας των Φ. Μπίτζιου και Γ. Λαβράνου, Λίνα Κατσούδα, κατέθεσε σήμερα πως η Νέα Δημοκρατία παρείχε πλήρη πολιτική κάλυψη στην εταιρεία. Συγκεκριμένα, η κ. Κατσούδα κατέθεσε ενώπιον του δικαστηρίου πως αυτό που της είχε μεταφερθεί ήταν πως “όσο είναι η ΝΔ στα πράγματα, μη φοβάσαι τίποτα”».
Ακολούθως επικαλείται δημοσίευμα της ιστοσελίδας in.gr, που όπως αναφέρει «αποτελεί ένα ακόμα τεκμήριο της σχέσης της εταιρείας Krikel με την ισραηλινή εταιρεία Elbit Systems. Σημειώνεται ότι η συγκεκριμένη εταιρεία έχει την ευθύνη για τη διαχείριση του Κέντρου Εκπαίδευσης Πτήσεων στην Καλαμάτα, σύμφωνα με απόφαση της κυβέρνησης Μητσοτάκη, η οποία υπογράφτηκε τον Απρίλη του 2021».
Συμπυκνώνοντας υπογραμμίζει: «Τα παραπάνω στοιχεία αναδεικνύουν πολύ σοβαρά ερωτήματα αναφορικά με την ίδια την εθνική ασφάλεια της χώρας. Κι αυτό γιατί η Krikel, που διαχειριζόταν το κατασκοπευτικό λογισμικό Predator, παρακολουθούσε κατ’ εντολή του μεγάρου Μαξίμου υπουργούς και την ηγεσία του Στρατού. Συνεπώς, είναι πάρα πολύ πιθανό, αν όχι βέβαιο, ότι τα στοιχεία των υποκλοπών να βρίσκονται στα χέρια και της ισραηλινής εταιρείας, με ό,τι αυτό συνεπάγεται. Ο κ. Μητσοτάκης έχει την πλήρη ευθύνη για όλες αυτές τις αθλιότητες. Κι αν νομίζει ότι θα ξεφύγει από τις ευθύνες αυτές, είναι βαθιά γελασμένος».",2026,1,12,17
2026-01-12 17:30:00,"“Όσο η Νέα Δημοκρατία είναι στα πράγματα μην φοβάσαι τίποτα”. Τη φράση αυτή, που πρώτος είχε καταθέσει στηδίκηγια τιςτηλεφωνικές υποκλοπές,επιβεβαίωσε χθες ενώπιον του δικαστηρίου η Ευαγγελία (Λίνα) Κατσούδα ,η οποία εισέφερε στοιχεία τόσο για τη σχέση του κατηγορούμενου Γιάννη Λαβράνου με την εταιρεία Krikel ,όσο και για τη σχέση του με τον έτερο κατηγορούμενο Φέλιξ Μπίτζιο.
Η μάρτυρας, η οποία εμφανίστηκε χθες στο δικαστήριο είχε συνεργαστεί επί χρόνια ως γραμματέας του Φ.Μπίτζιου, ενώ στη συνέχεια εργάστηκε και στην εμπλεκόμενη εταιρεία Krikel.
Η κατάθεση της αξιολογείται από παράγοντες της διαδικασίας ωςιδιαίτερα σημαντικήκαθώς πρόκειται για μια ακόμα μαρτυρία που συνδέει τον κατηγορούμενο επιχειρηματία Γιάννη Λαβράνο με την εταιρία Krikel , η οποία ελέγχεται στο πλαίσιο της δίκης για της τηλεφωνικές υποκλοπές που συνεχίζεται με ιδιαίτερο ενδιαφέρον ενώπιον του Μονομελούς Πλημμελειοδικείου της Αθήνας .
Η Λίνα Κατσούδακατέθεσε στο δικαστήριοπως ο κ. Φ. Μπίτζιος της σύστησε να πάει στην εταιρεία Krikel και συνεννοήθηκε για την πρόσληψη της, με τον κ. Λαβράνο επαναλμβάνοντας πολλές φορές πως ο δικός της ρόλος ήταν διεκπεραιωτικός και επί της ουσίας εκτελούσε εντολές άλλων προσώπων .
Πρόεδρος:Με ποιον συνενοήθηκατε για την πρόσληψη σας, στην Krikel;
Mάρτυρας:Με τον κ. Λαβράνο. Δεν μου συστήθηκε ως ιδιοκτήτης, αλλά μου έδωσε την εντύπωση ότι την κινεί. Νόμιμος εκπρόσωπος ήταν κ. Σταμάτης Τρίμπαλης. Η μοναδική συνεργασία που είχα μαζί του, ήταν να υπογράφει κάποια έγγραφα όταν χρειαζόταν. Δεν μου έδωσε την εντύπωση ότι την κινεί. Δεν ήμουν ποτέ παρούσα σε καμία συνάντηση. Έχω την εντύπωση ότι δεν ασκούσε διοίκηση ο κ. Τρίμπαλης.
Η μάρτυρας στη συνέχεια απαντώντας και σε ερώτηση του προέδρου είπε ότι “Τη διοίκηση ( σ.σ. της Krikel) θεωρώ ότι την έκανε ο κ. Λαβράνος.”
Πρόεδρος:Τι έργα έτρεχε το 2021 η Krikel;
Μάρτυρας:Αυτό που γνωρίζω, ήταν το TETRA. Ερχόντουσαν συνέχεια αστυνομικοί για τεχνικά θέματα.
Πρόεδρος:Δε σας φάνηκε περίεργο να έρχονται αστυνομικοί αντί να πηγαίνει η εταιρεία;
Μάρτυρας:Όχι.Εγώ έμεινα μέχρι Δεκέμβρη 2022.
Για την εταιρεία Intellexa, η μάρτυρας είπε ότι άκουσε από τον Φ. Μπίτζιο, ο οποίος της είχε είπε οτι “είναι μέτοχος σε μία αλλοδαπή εταιρεία και θα βοηθούσε στο να την στήσει στην Ελλάδα.”
Πρόεδρο:Στην Krikel ερχόταν;
Μάρτυρας:Ερχόταν, συναντούσε τον κ. Λαβράνο. Είναι αίσθηση μου ότι δεν έπαιζε ρόλο ο κ. Μπίτζιος στην Krikel.
Ξεχωριστόκεφάλαιο της κατάθεσης της αποτέλεσε το ζήτημα των αδειών εξαγωγής λογισμικούπου έλαβε η Intellexa, από το υπουργείο Εξωτερικών, στο Σουδάν, την Ουκρανία και τη Μαγδασκάρη με το όνομα της να υπάρχει στα σχετικά έγγραφα ως επαφή επικοινωνίας. “Μου ζητήθηκε από τον κ. Λαβράνο να μιλήσω με το υπουργείο Εξωτερικών για να επιδοθούν οι άδειες εξαγωγής. Μου τις είχε δώσει ο κ. Λαβράνος” είπε η μάρτυρας.
Πρόεδρος:Δε σας παρεξένεψε ότι είχε τεθεί το δικό σας όνομα στις άδειες;
Μάρτυρας:Συνηθίζεται ως γραμματειακή υποστήριξη όταν αναλαμβάνεις διεκπεραίωση.
Πρόεδρος:Δε σας φάνηκε περίεργο ότι ο κ. Λαβράνος σας έδινε μία άδεια για μια άλλη εταιρεία;
Μάρτυρας: Όχι.
Πρόεδρος:Όταν είδατε Intellexa πήγε το μυαλό σας στον κ. Μπίτζιο;
Μάρτυρας:Ναι.
“Ήμουν μόνο ένα μήνα στην εταιρεία. Δεν είχα γνώση να ξέρω τι είναι, ήμουν σε μία εταιρεία, με τηλεπικοινωνίες και αφορούσε λογισμικό” είπε η μάρτυρας, προσθέτοντας “Δεν μου φάνηκε περίεργο. Τα διάβασα τα έγγραφα, δεν τα κατάλαβα” είπε, επίσης, η μάρτυρας.
Πρόεδρος:Δε σας φάνηκε περίεργο, που ζήτησε άδεια εξαγωγής σε ξένη χώρα;
Μάρτυρας:Εμένα μου φάνηκε κοντινό με το αντικείμενο της εταιρείας.
Υποστήριξη κατηγορίας:Είστε ένα μήνα στη Krikel και σας ζητάνε να κάνετε μία αίτηση για άδεια εξαγωγής για την Intellexa, δε σας φάνηκε περίεργο;
Μάρτυρας: Η Intellexa δεν μου ήταν άγνωστη και ο ρόλος μίας γραμματέως δεν είναι να ρωτάει.
Στη συνέχεια, η μάρτυρας αποκάλυψε απαντώντας σε ερωτήσεις πως για το κρίσιμο θέμα των αδειών εξαγωγής ότι συνεννοήθηκε με τον κ. Λαβράνο και τον κ. Μερόν Χαρπάς, από την εταιρεία Intellexa, προκειμένου να συνταχθούν οι αιτήσεις.
Ιδιαίτερη εντύπωση πάντως, προκάλεσε το γεγονός ότι η μάρτυρας με την κατάθεσή της επιβεβαίωσε όσα είχε πει προ μερικών εβδομάδων ο φερόμενος ως νόμιμος εκπρόσωπος της Krikel Σταμάτης Τρίμπαλης, ο οποίος για πρώτη φορά ενώπιον του δικαστηρίου αποκάλυψε πως ήταν επί της ουσίας «αχυράνθρωπος» .
Υποστήριξη κατηγορίας (Ζ.Κεσσές) : Ο κ. Τρίμπαλης έχει πει ότι του είπαν “όσο είναι η νέα δημοκρατία στα πράγματα μην φοβάσαι τίποτα”. Εσείς το έχετε ακούσει;
Μάρτυρας: Το είχα ακούσει ναι.
Υποστήριξη κατηγορίας:Μπορείτε να θυμηθείτε ποιος σας το είχε πει;
Μάρτυρας:Μπορεί και όλοι.
Την ίδια απάντηση έδωσε η μάρτυρας και σε ερώτηση με το ίδιο περιεχόμενο που της τέθηκε στη συνέχεια από την υπεράσπιση .
Η δίκη συνεχίζεται αύριο.",2026,1,12,17
2026-01-09 16:58:00,"Άγνωστες πτυχές της υπόθεσης τωντηλεφωνικών υποκλοπώναποκαλύφθηκαν στη διάρκεια της σημερινής συνεδρίασης στο Μονομελές Πλημμελειοδικείο της Αθήνας όπου βρέθηκε μετά από απόφαση για βίαια προσαγωγή ένας από τους μάρτυρες που προέκυψαν από την ενδελεχή διαδικασία και δεν είχε εξεταστεί στο προηγούμενο στάδιο της έρευνας.
Στο βήμα τουμάρτυραβρέθηκε οπρώην τεχνικός διευθυντής της εταιρείας Krikel, Σωτήρης Ντάλας, φερόμενος συνεργάτης του κατηγορούμενου επιχειρηματία, Γιάννη Λαβράνου, ο οποίος κλήθηκε να απαντήσει σε σημαντικές ερωτήσεις που του έθεσαν τόσο ο πρόεδρος και ο εισαγγελέας του δικαστηρίου, όσο και οι δικηγόροι υποστήριξης της κατηγορίας σε μια προσπάθεια να αποκαλυφθούν κρυφές διαδρομές που μέχρι τώρα είχαν μείνει έξω από το κάδρο των ερευνών της δικαιοσύνης.
Αίσθηση προκάλεσε μάλιστααμφισβήτηση της αξιοπιστίας του μάρτυρα όχι μόνο από τους συνηγόρους αλλά και από την έδρα, με τον πρόεδρο στο τέλος της κατάθεσης του μάρτυρα να αφήνει ανοικτό το ενδεχόμενο να διαβιβαστούν τα πρακτικά της δίκης προκειμένου ναερευνηθεί για το αδίκημα της ψευδούς κατάθεσης.
Ο εν λόγω μάρτυρας κρίθηκε αναγκαίο να εμφανιστεί και να καταθέσει στο δικαστήριο λόγω των στοιχείων που προέκυψαν από την ακροαματική διαδικασία, καθώς το συγκεκριμένο πρόσωπο όπως και ομιδιος παραδέχθηκε είχε συνεργαστεί στο παρελθόν με τον κατηγορούμενο επιχειρηματία Γιάννη Λαβράνο ο οποίος όπως είπε δεν είχε καμία σχέση με την υπόθεση των τηλεφωνικών υποκλοπών.
Ο Σωτήρης Ντάλλας δέχθηκε “βροχή” ερωτήσεων από την υποστήριξη της κατηγορίας με αφορμήμηνύματα που είχαν σταλεί από κινητό τηλέφωνο που αναγνώρισε ότι ήταν δικό του προς τον φερόμενο ως νόμιμο εκπρόσωπο της εταιρείας Κρικελ Σταμάτη Τρίμπαλημε ερωτήσεις ενόψει της κατάθεσης του στην Εξεταστική Επιτροπή που ερεύνησε την υπόθεση των υποκλοπών.
Υπενθυμίζεται ότι κατά την εξέταση του στο δικαστήριο οΣταμάτης Τρίμπαλης αποκάλυψε για πρώτη φορά ότι ήταν επί της ουσίας αχυρανθρωπος της Krikelκαι πως είχε λάβει γνώση των ερωτήσεων που δέχθηκε στην επιτροπή της Βουλής πριν εμφανιστεί για να πει όσα είχε καταθέσει.
Επιστρέφοντας στη σημερινή διαδικασία αξίζει να αναφέρουμε ότι ο μάρτυρας περιέγραψε αναλυτικά πως από το 2011 είχε προσληφθεί και εργαστεί σε εταιρείες ως τεχνικός υπεύθυνος από τον Γιάννη Λαβράνο.Ο ίδιος όμως αρνήθηκε ότι ο κατηγορούμενος είχε οποιαδήποτε σχέση με την εταιρεία Κρικελ που εργάστηκε εκείνος, όπως και ότι η εν λόγω εταιρεία είχε την παραμικρή σχέση με το κακόβουλο λογισμικό predator. Επίσης, αρνήθηκε επίσης ότι το δικό του εταιρικό όχημα απεικονίζεται σε φωτογραφία στο παρκινγκ των εγκαταστάσεων της ΕΥΠ στην Αγία Παρασκευή.
Ξεχωριστό κεφάλαιο της πολύωρης και εξαντλητικής εξέτασής του αποτέλεσαν οι ερωτήσεις της υποστήριξης κατηγορίας για τα μηνύματα που αναγνώστηκαν τα οποία φέρεται να είχε στείλει ο μάρτυρας στον Σταμάτη Τρίμπαλη πριν από την κρίσιμη κατάθεση του στη Βουλή αλλά και για μια σειρά δανείων που φέρεται να είχε λάβει από την εταιρεία.
Ο συνήγορος υποστήριξης της κατηγορίας Ζαχαρίας Κεσσες, ο οποίος εκπροσωπεί το δημοσιογράφο Θανάση Κουκάκη ρώτησε τον μάρτυρα επισταμένως και για μηνύματα που έχει στείλει στον Στάματη Τρίμπαλη, ο οποίος εμφανιζόταν ως νόμιμος εκπρόσωπος της εταιρείας αλλά στην κατάθεση του στο δικαστήριο είπε ότι λειτουργούσε για λογαριασμό του κατηγορούμενου επιχειρηματία. Από τα μηνύματα προκυπτει μεταξύ άλλων ότι κανόνιζαν συνάντηση στο σπίτι του κατηγορούμενου επιχειρηματία με τον κ. Τρίμπαλη πριν την κατάθεση του στην εξεταστική ενώ φαίνεται να έχουν σταλεί απο το κινητό του μάρτυρα και οι ερωτήσεις στον εμφανιζόμενο εκπρόσωπο της Krikel. Ο μάρτυρας ισχυρίστηκε πως δεν θυμάται για ποιο λόγο έγινε αυτή η συνάντηση.
Ζ. Κέσσες(συνήγορος υποστήριξης κατηγορίας) : Γιατί να πάτε στο σπίτι Λαβράνου με Τρίμπαλη, αφού δεν είχε σχέση με Krikel;
Μάρτυρας: Δεν μπορώ να θυμηθώ γιατί.
Νωρίτερα, ο μάρτυρας, ο οποίος γνωρίζει τον κατηγορούμενο επιχειρηματία από το 2013 και όπως είπε διατηρούν φιλικές σχέσεις, ισχυρίστηκε ότι ο Γιάννης Λαβράνος δεν σχετίζεται με την Krikel.
Πρόεδρος: Είχε σχέση ο Λαβράνος με Κρίκελ;
Μάρτυρας: Δεν είναι μονοσημαντη η απάντηση. Είχε σχέση με εμάς επειδή ήταν παλιότερα εργοδότης μας.
Πρόεδρος: Ήταν τα ίδια άτομα στις δύο ίδια προσωπικό;
Μάρτυρας: Κάποια άτομα.
Πρόεδρος: Πως το εξηγείτε ;
Μάρτυρας: Λόγω γνωριμιών.
Πρόεδρος: Δε λέτε ότι υπήρχε συνεχεια της μίας εταιρείας με την άλλη;
Σε άλλο σημείο της κατάθεσης του ο μάρτυρας αρνήθηκε ότι το δικό του εταιρικό όχημα αποκονίζεται σε φωτογραφία στο παρκινγκ των εγκαταστάσεων της ΕΥΠ στην Αγία Παρασκευή.
Πρόεδρος: Ξέρετε για τις εγκαταστάσεις της ΕΥΠ στην Αγία Παρασκευή;
Μάρτυρας: Είχε τύχει να πάω μία δύο φορές. Τους ενδιέφερε ένα σύστημα για ασφαλείς επικοινωνίες. Είχαμε κάνει ένα δύο παρουσιάσεις αλλά δεν προχώρησε. Ήταν ένα δανέζικο σύστημα. Επειδή στον τΤπο παρουσιάστηκε μία φωτο με το αμάξι και υποτίθεται ότι είναι δικο μου, δεν ξέρω, δεν έχω καμία σχέση με αυτό το όχημα.
Πρόεδρος: Η εταιρεία Κρίκελ είχε τέτοιο όχημα;
Μάρτυρας: Ναι.
Πρόεδρος: Ποιος το χρησιμοποιούσε το όχημα που απεικονίζεται στη φωτογραφία;
Μάρτυρας: Δεν γνωρίζω. Εγώ είμαι προιστάμενος του τεχνικού τμήματος.
Πρόεδρος: Δεν ξέρετε ποιος απο τους υπαλλήλους το χρησιμοποιούσε;
Μάρτυρας: Όχι. Εγώ τον περισσότερο καιρό εκείνη την περίοδο ήμουν στην επαρχία.
«Δεν ήσασταν απόλυτα ειλικρινής σήμερα λυπάμαι για αυτό, θα εκτιμηθεί η κατάθεση σας μαζί με τα άλλα στοιχεία και μπορεί να διαβιβαστεί η δικογραφία να ξέρετε», είπε ο πρόεδρος στο τέλος της κατάθεσης του μάρτυρα.
Η δίκη συνεχίζεται τη Δευτέρα.",2026,1,9,16
2025-12-22 18:30:00,"ΤοΕυρωπαϊκό Δικαστήριο Ανθρωπίνων Δικαιωμάτωνστο Στρασβούργο αποφάσισε να εξετάσει κατά προτεραιότητα την προσφυγή του Προέδρου του ΠΑΣΟΚ-Κινήματος Αλλαγής, Νίκου Ανδρουλάκη, για τη μη συμμόρφωση τηςΕΥΠμε την απόφαση του ΣτΕ να ενημερωθεί επισήμως για την υπόθεση τωνυποκλοπών» αναφέρει σε ανακοίνωσή του, το ΠΑΣΟΚ και προσθέτει:
«Δίνεται μάλιστα προθεσμία στην Ελληνική Κυβέρνηση να υποβάλλει την αντίκρουση της ως τις16 Φεβρουαρίου.
Παρήλθε ένας χρόνος και ουδέποτε εκτελέστηκε η απόφαση του ανωτάτου δικαστηρίου της χώρας μας.
Ο Πρωθυπουργός υπό την εποπτεία του οποίου ήταν η ΕΥΠ σιωπά ένοχα και σφυρίζει αδιάφορα για τον ορυμαγδό αποκαλύψεων στη δίκη των υποκλοπών για την χειραγώγηση της εξεταστικής επιτροπής το 2023 και την ύπαρξη κοινού κέντρου ΕΥΠ-predator.
Η απόφαση αυτή είναι πολύ σημαντική για τη δημοκρατία , για όσους αγωνίστηκαν να μην ξεχαστει η υπόθεση των υποκλοπών. Γίνεται ακόμα πιο σημαντική, τη στιγμή που το καταρρέον σύστημα Μητσοτάκη προσπαθεί με νύχια και με δόντια να κρατηθεί στην εξουσία χρησιμοποιώντας παρακρατικές μεθόδους».",2025,12,22,18
2025-12-18 22:00:00,"Γιασιωπή της κυβέρνησης, που μπροστά «σε όλες αυτές τις αποκαλύψεις εδώ και εβδομάδες» στη δίκη τουpredator, είναι «αποκαλυπτική της ενοχής της», κάνει λόγο τοΠΑΣΟΚ.
Σε ανακοίνωση του τονίζει ότι «η ακροαματική διαδικασία στη δίκη για το predator αποδεικνύεται κόλαφος για τη συγκάλυψη του σκανδάλου εκ μέρους της κυβέρνησης».
Αναφέρει ειδικότερα ότι «προ ημερών, ο αχυράνθρωπος της εταιρείας Krikel που εμπλέκεται με το παράνομο κατασκοπευτικό λογισμικό, κατέθεσε οτι είχε χειραγωγηθεί η εξεταστική επιτροπή της Βουλής το 2023, όταν και έλαβε νωρίτερα τις ερωτήσεις των Βουλευτών της Νέας Δημοκρατίας για να προετοιμάσει τις απαντήσεις του». Προσθέτει ότι «δημοσιογράφοι που ερεύνησαν την υπόθεση, κάνουν λόγο για κοινό κέντρο ΕΥΠ και predator».
Το ΠΑΣΟΚ σημειώνει ότι «ο Τάσος Τέλλογλου κατέθεσε ότι αντίγραφα από τις υποκλοπές πήγαιναν από την ΕΥΠ στα γραφεία της Krikel, με ‘κάποιους αστυνόμους να κάνουν τους ταχυδρόμους’.
Χαρακτήρισε το predator ως σύστημα ελέγχου υπουργών και της κυβερνητικής μηχανής. Και πως επιπλέον η Εθνική Υπηρεσία Πληροφοριών και η Διεύθυνση Διαχείρισης και Ανάλυσης Πληροφοριών το πρωί της επόμενης μέρας ενημερώνει την πολιτική ηγεσία για τα ‘ευρήματά τους’, ισχυρισμός που καταρρίπτει το κυβερνητικό επιχείρημα του ανίδεου Πρωθυπουργού».
«Η σιωπή της κυβέρνησης σε όλες αυτές τις αποκαλύψεις εδώ και εβδομάδες είναι αποκαλυπτική της ενοχής της», σημειώνει το ΠΑΣΟΚ.",2025,12,18,22
2025-12-16 13:32:00,"Την εκτίμηση ότι η υπόθεση των τηλεφωνικών υποκλοπών είναι υπόθεση κατασκοπείας και πωςυπήρχε κοινός βραχίονας μεταξύ ΕΥΠ και predatorεξέφρασε ο δημοσιογράφος και εκδότης της εφημερίδα DocumentoΚώστας Βαξεβάνηςκαταθέτοντας το δικαστήριο ενώπιον του οποίου συνεχίζεται η δίκη για τις τηλεφωνικές παρακολουθήσεις. Για πρώτη φορά μάλιστα αποκάλυψε πως πηγή των πληροφοριών του για όλα τα δημοσιεύματα προηγήθηκαν και αφορούσαν την παρακολούθηση συγκεκριμένων στόχων, που επιβεβαιώθηκαν στη συνέχεια από το πόρισμα της Αρχής Δεδομένων Προσωπικού Χαρακτήρα, ήταν από πηγές που είχαν πρόσβαση στην ΕΥΠ χωρίς να δίνει άλλες λεπτομέρειες.
Ο Κώστας Βαξεβάνης καταθέτοντας στο δικαστήριο για το σκάνδαλο των υποκλοπών, αναφέρθηκε στο πως ξεκίνησε να ασχολείται με την υπόθεση, επισημαίνοντας πως άρχισε από το 2019.
Ο μάρτυρας εξήγησε ότι η εταιρία ήρθε στην Ελλάδα το 2020. “Μαθαίνουμε ότι στόχος είναι ο Ανδρουλάκης και ο Κουκάκης. Αρχίζουμε να ψάχνουμε την υπόθεση. Λάβαμε γνώση των αποτελεσμάτων του Citizen lab. Αρχίσαμε να ψάχνουμε τι είναι αυτή η εταιρεία” είπε ο μάρτυρας καταθέτοντας στο δικαστήριο.
Ο δημοσιογράφος επισήμανε πως πρώτα άρχισαν την έρευνα από τις “ανοικτές πηγές” και τονίζοντας :”Εκεί αρχίζει μία σοκαριστική αποκάλυψη που οδηγεί σε ανοικτή επιχείρηση κατασκοπίας της χώρας. Εργαζόμενοι είναι έξι Ισραηλινοί δεν είναι τυχαία πρόσωπα, ανήκουν στις ομάδες κατασκοπίες του ιρσαηλινού στρατού.”
Κατά τη διάρκεια της κατάθεσης του έκανε επίσης σαφή αναφορά σε ένα “κοινό βραχίονα, πολλοί στόχοι του Predator είναι και στόχοι της ΕΥΠ.”
Αποκαλύφθηκε ότι παρακολουθούνταν υπουργοί, αρχηγοί ΓΕΣ, δικαστές, είδε κανείς να κάνει κάποιους αυτούς μία μήνυση; Αυτό αποδεικνύει μία συναλλαγή, του κράτους και των θυμάτων του Predator.”
Ο δημοσιογράφος μάλιστα αποκάλυψε ότι “πολλοί στόχοι είναι κοινοί. Όταν μετά τη δημοσίευση ονομάτων, δημοσίευσα και συνομιλίες, τα χαρτιά που πήρα εγώ είχαν προέλευση ΕΥΠ, οι πληροφορίες και όλα τα στοιχεία που μου ήρθαν από την ΕΥΠ” τόνισε ο Κώστας Βαξεβάνης.
Πρόεδρος: Δεν είναι από νόμιμες επισυνδέσεις;
Μάρτυρας: Όχι είναι από την ΕΥΠ.
Ο Κώστας Βαξεβάνης μάλιστα έδωσε μία εξήγηση για τους λόγους που συνέβη όλο αυτό. “Γιατί στήθηκε όλο αυτό; Γιατί οδήγησε σε εκβιασμούς. Όλο το σύστημα βρίσκεται κάτω από εκβιασμούς από το Preadtor.
Όταν εγώ έχω δει βίντεο με υπουργό σε στιγμές, που δεν είναι ούτε δημόσιες ούτε ιδιωτικές, γιατί αυτός μένει στην Κυβέρνηση; Ο κ. Χατζηδάκης παρακολουθείται από την ΕΥΠ, αλλά, ούτε εκείνος ζητάει να μάθει τι έχει γίνει, ούτε ο διοικητής της ΕΥΠ εξηγεί, ούτε ο Πρωθυπουργός χτυπάει το χέρι στο τραπέζι να πει θα αλλάξουν όλα”.
Πρόεδρος: Από που τα έχετε όλα αυτά;
Μάρτυρας: Από την ΕΥΠ.
Ο μάρτυρας αναφέρθηκε και στη δημιουργία του ΚΕΤΥΑΚ, το οποίο χαρακτήρισε “άβατο. Είναι ένα απομονωμένο τμήμα και υπήρχε και ένα νομικό πλαίσιο να μην δίνει αναφορά πουθενά” ενώ πρόσθεσε ότι “είμαι πεπεισμένος ότι σήμερα ότι υπάρχει σύστημα παρακρατικής υποκλοπής όπως έγινε με Predator.”
Απαντώντας σε ερώτηση του εισαγγελέα για τις ευθύνες στην υπόθεση ο μάρτυρας τόνισε “Ο κ. Δημητριάδης ήταν ο προϊστάμενος. Όπως και ο κ. Μητσοτάκης ήταν ο προϊστάμενος. Οι πολιτικοί προϊστάμενοι ήταν, δεν γνώριζαν;”
Στη συνέχεια κατέθεσε ο δημοσιογράφος στην εφημερίδα Καθημερινή Γιάννης Σουλιώτης.
“Η αφορμή να ασχοληθώ ήταν η έκθεση-πόρισμα του Citizen Lap. Είχα επαφή με στόχους στο πλαίσιο του ρεπορτάζ. Η ενασχόληση μου ήταν στο σκέλος του ρεπορτάζ που είχε να κάνει με το υπουργείο Προστασίας του Πολίτη. Έχω ασχοληθεί με Tetra” είπε ο μάρτυρας. “Αυτό ήταν ένα σύστημα που σχετιζόταν με το Λαβράνο” πρόσθεσε ο δημοσιογράφος.Και πρόσθεσε “Είμαι σε θέση να γνωρίζω τη διαχρονική σχέση της Κρίκελ με το ΠΡΟΠΟ. Είμαι σε θέση να γνωρίζω ότι όταν η ΕΥΠ προμηθεύτηκε νέο σύστημα επισυνδέσεων, συμμετείχε η Κρίκελ, αν και φαινόταν μία ιταλική εταιρία”.
Στο δικαστήριο κατέθεσε και ο Νικόλαος Παπάζογλου, πρώην συνεργάτης Ανδρουλάκη στις Βρυξέλλες ο οποίος εξήγησε πως έγινε ο έλεγχος του κινητού του Νίκου Ανδρουλάκη από την αρμόδια υπηρεσία στις Βρυξέλλες. Ο μάρτυρας τόνισε πως ο Νίκος Ανδρουλάκης είναι ο μόνος πολιτικός που προσέφυγε στις δικαστικές αρχές ενώ πρόσθεσε πως την παρακολούθηση του και από την ΕΥΠ την έμαθαν μαζί με όλη την Ελλάδα.
Η δίκη συνεχίζεται αύριο σε μια κρίσιμη συνεδρίαση καθώς έχουν κληθεί, όπως και μεθαύριο, να καταθέσουν νέοι μάρτυρες στο πλαίσιο της πλήρους διερεύνησης της υπόθεσης.",2025,12,16,13
2025-12-12 13:06:00,"Σημαντικά κομμάτια στο παζλ της υπόθεσης τωντηλεφωνικώνυποκλοπώνεισέφερε στο δικαστήριο στη διάρκεια αυτής σημερινής κατάθεσης του ο δημοσιογράφος των ΝΕΩΝ και του ΒήματοςΒασίλης Λαμπρόπουλος.
Η αξία της κατάθεσης του έγκειται στο γεγονός ότι στο πλαίσιο του ρεπορτάζ και της έρευνας του είχε απευθείας προσωπική επαφή με τον φερόμενο ως πρωταγωνιστή και εκ των κατηγορουμένων, επιχειρηματία Γιάννη Λαβράνο, ενώ ανέδειξε και τη σχέση του με τον τότε γενικό γραμματέα του πρωθυπουργικού Γραφείου Γρήγορη Δημητριάδη.
Η λίστα των παρακολουθήσεων των προσώπων δεν είχε σχέση με τον Γ. Λαβράνο, είπε ο δημοσιογράφος αφήνοντας να εννοηθεί ότι άλλοι ενδιαφέρονταν για την άντληση στοιχείων μέσα από την παρακολούθηση συγκεκριμένων στόχων επισημαίνοντας ότι κάποιες από αυτές τις συνομιλίες αφορούσαν σε θέματα προσωπικού και οικονομικού ενδιαφέροντος. Ο ίδιος κατέθεσε ότι δεν προκύπτει επίσημα η χρήση του predator, από την ΕΥΠ, αλλά εκτιμά ότι έγινε χρήση του λογισμικού.
Σημαντική ήταν η συνεισφορά του μάρτυρα, ο οποίος όταν ρωτήθηκε από τον Πρόεδρο εισφέροντας στο δικαστήριο δύο αριθμούς κινητών τηλεφώνων που είχε ο Γιάννης Λαβράνος με το ένα εξ αυτών να συμπίπτει με τον αριθμό από τον οποίο εστάλησαν τα μηνύματα στον Σταμάτη Τρίμπαλη, καθ’ ομολογία του ως “αχυρανθρώπου” της εταιρείας Κρικελ, με τα οποία τον ενημέρωσε εκ των προτέρων για έλεγχο των αρχών στο πλαίσιο των ερευνών για την κρινόμενη υπόθεση.
Ο Βασίλης Λαμπρόπουλος, είχε γνωρίσει, όπως είπε τον Γιάννη Λαβράνο την περίοδο 2018 – 2019.
“Ο κ Λαβράνος γνώριζε πολλά κυβερνητικά στελέχη και κυρίως τον κύριο Δημητριάδη που όπως έλεγαν ήταν “παιδικοί φίλοι”, κατέθεσε ο μάρτυρας.
Μάρτυρας:Όχι καμία. Είχαμε επαφή και εγώ είχα καλή επαφή μαζί του μέσω συστήματος προσώπων και αυτό συνέβη μέχρι την εποχή που προέκυψε το θέμα των υποκλοπών. Η τελευταία συνάντηση μας ήταν το 2021- 2022 και μου έλεγε ότι ο ίδιος δεν είχε καμία σχέση με την υπόθεση των παρακολουθήσεων. Παραδεχόταν όμως ότι εμπορευόταν συστήματα λογισμικού σε διάφορες χώρες στο εξωτερικό. Οι συναντήσεις μας γίνονταν μόνο στο γραφείο του στο Ψυχικό. Ο κ Λαβράνος λόγω της γνωριμίας του με τον Δημητριάδη είχε επαφές με πολλά κυβερνητικά στελέχη”.
Στη συνέχεια όμως διευκρίνισε ότι:
“Ο κύριος Λαβράνος δεν είχε κανένα λόγο ως ιδιώτης να παρακολουθούσε τα πρόσωπα που περιλαμβάνονται στη λίστα των υποκλοπών”.
Μαρτ. Θα μπορούσε να ενημερώνεται αλλά δεν γνωρίζω περισσότερα.
Μαρτ. Ναι
Μαρτ. Ο Δημητριάδης ήταν πρόσωπο εμπιστοσύνης του πρωθυπουργού και είχε λόγο .
Πολλές ερωτήσεις δέχθηκε ο Βασίλης Λαμπρόπουλος για την φρουρά ασφαλείας που είχε ο Γ. Λαβράνος, ενώ έκανε ιδιαίτερη αναφορά στην παρακολούθηση της Πηνελόπης Μηνιάτη (σε πρώην διευθύντρια των εγκληματολογικών εργαστηρίων της ΕΛ.ΑΣ. που ήταν διπλός στόχος παρακολούθησης και μέσω της ΕΥΠ και με το pradator), η οποία ήταν εξαιρετικού ενδιαφέροντος μάρτυρας και η παρακολούθηση της συμπίπτει με την δολοφονία του δημοσιογράφου Γιώργου Καραϊβάζ. Φαίνεται ότι οι επαφές που είχε ο Καραιβάζ ενδιέφερε αυτό.
“Η εικόνα που έχω ήταν ότι η επιλογή του κυρίου Κοντολέων ήταν της απόλυτου εμπιστοσύνης του κυρίου Δημητριάδη” είπε ο μάρτυρας.
Μάρτυρας: Ήταν σίγουρα εν γνώσει του.
Μάρτυρας: Όχι. Είναι φανερό Ελάχιστοι έχουν κάνει μήνυση. Δεν ήθελαν να δημιουργήσουν πολιτικό θέμα.
Ιδιαίτερο κεφάλαιο αποτέλεσε η σχέση του πρώην αρχηγού της ΕΛΑΣ Κων. Τσουβάλα με τον Γιάννη Λαβράνο, υποστηρίζοντας ότι αυτός ήταν ο λόγος που αποδιοπομπαίος για την υπόθεση στο Μάτι προωθήθηκε και βρέθηκε στη θέση του Γενικού Γραμματέα του υπουργείου. Κατά τον Βασίλη Λαμπρόπουλο ενεργοποιήθηκε αυτός ο κύκλος των γνωριμιών και θεωρώ ότι είναι πολύ μεγάλο το βάθος της γνωριμίας τους.
Αναφορικά με το πόρισμα όπου απέκλεισε το κοινό κέντρο παρακολούθησης μεταξύ ΕΥΠ και pradator,ο Βασίλης Λαμπρόπουλος εστίασε στους δύο πραγματογνώμονες επισημαίνοντας ότι συνέκριναν ανόμοια πράγματα. “Αυτό είναι φανερό ότι έγινε με υπόδειξη με από δικαστικό λειτουργό”, είπε ο Β.Λαμπρόπουλος.",2025,12,12,13
2025-12-09 14:31:00,"Νέα τροπή παίρνειη υπόθεση τωντηλεφωνικών υποκλοπώνμετά την πρόταση του εισαγγελέα και την απόφαση του προέδρου να κληθούν στις επόμενες συνεδριάσειςνα καταθέσουν δέκα νέα πρόσωπαπου προέκυψαν από την εξέταση των προηγούμενων μαρτύρων και τα οποία δεν είχαν κληθεί σε προηγούμενα δικονομικά στάδια.  Ωστόσο με βάση όσα έχουν προκύψει στη διάρκεια της διαδικασίας για τη σοβαρή αυτή υπόθεση και προκειμένου να ερευνηθεί κάθε πτυχή της το δικαστήριο αποφάσισε την κλήση δέκα νέων μαρτύρων, που στην πλειοψηφία τους είναιπρόσωπα τα οποία φέρονται να έχουν διαδραματίσει κομβικό ρόλοκαι να είχαν σχέση με τις ελεγχόμενες εταιρείεςKrikel και Ιntellexa.
Ιδιαίτερη σημασία έχει και ο μάρτυρας που συμπληρώνει τη δεκάδα,ο οποίος είναι οΑιμίλιος Κοσμίδηςμε την πιστωτική κάρτα του οποίου φέρεται να πληρώθηκε το μολυσμένο μήνυμα με παραλήπτη τον πρόεδρο του ΠΑΣΟΚ,Νίκο Ανδρουλάκη.Ο συγκεκριμένος είχε κληθεί και είχε εξεταστεί ως μάρτυρας υποστηρίζοντας ότι δεν έχει καμία σχέση με την υπόθεση και πως είχε χάσει την κάρτα του την οποία άγνωστο πρόσωπο στον ίδιο χρησιμοποίησε για την αποστολή του μηνύματος .
Νωρίτερα, ιδιαίτερα σημαντικά στοιχεία για την ουσία της έρευνας των τηλεφωνικών υποκλοπών εισεφερε στο δικαστήριο οΣτέφανος Γκρίτζαλης ,μέλος της ΑΔΑΕ και καθηγητής Ασφάλειας Πληροφοριακών και Επικοινωνιακών Συστημάτων στο Τμήμα Ψηφιακών Συστημάτων του Πανεπιστημίου Πειραιώς, ο οποίος με σαφή και περιγραφικό τρόπο περιέγραψε βήμα προς βήμα τις κινήσεις της Αρχής που έφτασε στον αριθμό από τον οποίο έφυγε το μολυσμένο μήνυμα  με παραλήπτη τον πρόεδρο του ΠΑΣΟΚ Νίκο Ανδρουλάκης και τον αριθμό της πιστωτικής κάρτας που πληρώθηκε το μήνυμα.
Όπως είπε όταν διαπίστωσαν ότι υπήρχε παραγγελία εισαγγελική για την παρακολούθηση του προέδρου του ΠΑΣΟΚ ,“αρχίσαμε να ψάχνουμε προς τα πίσω από που ήρθε το μήνυμα”.
Και έτσι έφτασαν στον αριθμό που έφυγαν τα μηνύματα και τον αριθμό της πιστωτικής κάρτας που πληρώθηκε. Αμέσως τα στοιχεία τα έστειλαν στην Εισαγγελία. Πρόσθεσε  ότι  ” είχε ενδιαφέρον ότι αυτός που έστειλε το μήνυμα στον Ν. Ανδρουλακηέστειλε και άλλα 25 μηνύματα. Υπήρχε  πεδίον δόξης λαμπρό για να έρθει το φυσικό πρόσωπο που έστειλε τα μηνύματα.Να κληθεί από τη δικαιοσύνη και να πει γιατί έστειλε αυτά τα μηνύματα ‘.
Στη συνέχεια ο μάρτυρας αναφέρθηκεστον έλεγχο που διενήργησε η Αρχή στο ΚΕΤΥΑΚμετά από τα σχετικά δημοσιεύματα τουδημοσιογράφου των ΝΕΩΝ, Βασίλη Λαμπρόπουλου. Ο κ. Γκρίτζαλης εξήγησε ότι ” Δεν πήγαμε να βρούμε τον server που θα είχε μέσα τοpredator. Αστείο να το περιμένει κανείς . Θέλαμε να δούμε τι ήταν το ΚΕΤΥΑΚ. Οι απαντήσεις ήταν αναμενόμενες. Είδαμε τριτεύοντα πράγματα εκεί. Δεν ανοίξαμε κανένα  υπολογιστή ”  είπε ο μάρτυρας επισημαίνοντας ότιτο κρίσιμο είναι αν οι 92 όπου είχαν τεθεί υπό παρακολούθηση από το predator ήταν και από την ΕΥΠώστε να βοηθηθεί η δικαιοσύνη καινα εντοπιστεί αν υπήρχε κοινό κέντρο παρακολούθησης.
Πρόεδρος: Ο δικός σας έλεγχος θα μπορούσε να αποκλείσει τη λειτουργία παράνομου λογισμικού από την ΕΥΠ;
Μάρτυρας: Όχι βέβαια .
Πρόεδρος: Αλλά μέλη βέβαια της Αρχής Με απόλυτο τρόπο μας είπαν τον δεν  υπήρχε τέτοια περίπτωση αποκλείοντας την ΕΥΠ.
Μαρτυρας: Όποιος το υπογράφει αυτό είναι για βράβευση.
Στη συνέχεια δεν έκρυψε ότι  “περισσότερο εντύπωση που έκανε το γεγονός ότι δεν ήρθαν τα θύματα στην ΑΔΑΕ να μας δώσουν την ημερομηνία παρακολούθησης”.
O εισαγγελέας της έδρας στάθηκε ιδιαίτερα στον έλεγχο και τον τρόπο κυρίως που αφορούσε το ΚΕΤΥΑΚ ,με τον μάρτυρα να επισημαίνει ότι θα ήταν ουτοπικό να περίμεναν να βρουν κάτι εκεί ακόμα και αν όπως το θέλει το σενάριο είχαμε να κάνουμε με μια εταιρεία που ενδεχομένως παράνομουσε.
Ο κ. Γκρίτζαλης αναφέρθηκε και στο γεγονός ότι η ΕΥΠ ουδέποτε έδωσε τα συνοδά έγγραφα για την παρακολούθηση των Ανδρουλάκη και Κουκάκη. Την πρώτη φορά ο νέος τότε διοικητής της ΕΥΠ ζήτησε χρόνο για να ενημερωθεί και την επόμενη επικαλέστηκε το απόρρητο .
Απαντώντας σε ερώτηση του δικηγόρου Ζαχαρία Κεσσέ είπε πως ουδέποτε απέκτησαν εικόνα της πορείας των εγγράφων .
Με βάση τις πρόσφατες διαπιστώσεις της google και της διεθνούς αμνηστίας επισήμανε οτι το κρίσιμο είναι αν τα δεδομένα είναι μόνο στη διάθεσή του θύτη ή και αλλού γιατί σε αυτή την περίπτωση αλλάζει το τοπίο.
Εντύπωση έκανε η περιγραφή για το πώς το επιτιθέμενο λογισμικό όταν αντιληφθεί ο χρήστης την παρουσία του, αυτό αυτοκαταστρέφεται.Παλαιότερα το βλέπαμε στον Τζέιμς Μποντ ,τώρα συμβαίνει και στην πραγματικότητα .",2025,12,9,14
2025-12-09 12:29:00,"Για πρώτη φορά σε δημόσια συνεδρίαση δικαστηρίου ο πρώην πρόεδρος της Αρχής Διασφάλισης Απορρήτου ΕπικοινωνιώνΧρήστος Ράμμοςπεριέγραψε τα προσκόμματα που συνάντησε από τηνΕΥΠστο πλαίσιο της έρευνας που διενήργησε η ανεξάρτητη αρχή για το σακνδαλο των τηλεφωνικών υποκλοπών.
Παράλληλα, μια ημέρα μετά τις αναφορές στην υπόθεση των υποκλοπών από τονπρώην πρωθυπουργό Κώστα Καραμανλήκαι τονπρώην πρόεδρο του ΠΑΣΟΚ Ευάγγελο Βενιζέλοστην εν εξελίξει δίκη που αφορά στη λειτουργία των θεσμών και του κράτους δικαίου ή υποστήριξη της κατηγορίας εισεφερε ένα ακόμα στοιχείο για αξιολόγηση θέλοντας να καταδείξει τον ρόλο της ελεγχόμενης εταιρείας Krikel στην κρινόμενη υπόθεση.
Συγκεκριμένα την ώρα που στο βήμα του μάρτυρα βρισκόταν ο κύριος Ράμμος, ο δικηγόρος Ζαχαρίας Κεσσες ο οποίος εκπροσωπεί τον δημοσιογράφοΘανάση Κουκάκηεπικαλέστηκε φωτογραφία την οποια και επεδειξε από το χώρο στάθμευσης του ΚΕΤΥΑΚ ( κτίριο της EYΠ) τον Ιούνιο του 2022 που αποτυπώνει αυτοκίνητο που ανήκε στην εταιρεία Krikel να είναι σταθμευμένο δίπλα σε όχημα του διευθυντή του ΚΕΤΥΑΚ. Το έγγραφο αυτό που θα εισφερθει στα αναγνωστέα αμφισβητήθηκε από την υπεράσπιση,ωστόσο το ερώτημα που προκύπτει είναι το δουλειά είχε το αυτοκίνητο της Κρίκελ στο συγκεκριμένο κτίριο σε μια χρονική περίοδο μάλιστα που το σκάνδαλο των υποκλοπών ήταν σε πλήρη εξέλιξη.
Από την πλευρά του ο τότε πρόεδρος της ΑΔΑΕ περιγερφαψε και τα προσκόμματα και τις δυσκολίες που συνάντησε στο πλαίσιο της άσκησης των καθηκόντων του. Οπως κατέθεσε ήταν κρίσιμο ότι δεν εγινε ποτέ διασταύρωση των διατάξεων για παρακολούθηση και μέσω των παροχών. Επίσης αναφέρθηκε και στον γεγονός ότι ποτέ δεν ελεγχθηκε η ουσιαστική νομιμότητα των διατάξεων της ΕΥΠ για παρακολούθηση.
Ο Χρήστος Ράμμος χαρακτήρισεπροδήλως παράνομη της λειτουργία του Predatorκαι προσθεσε ότι η εξουσία ενοχλήθηκε από αυτά που αποκαλύφθηκαν . «Δεν εμποδίστηκα στην έρευνα γιατί φοβήθηκα. Βρήκα προσκόμματα από την ΕΥΠ», κατέθεσε ο Χρ.Ραμμος ο οποίος επανέλαβε τις θέσεις του περίδολοφονίας χαρακτήραπου δέχθηκε λόγω των ενεργειών στις οποίες προχώρησε εκ τη θεσμικής του θέσης .
Στη διάρκεια της διαδικασίας έγινε αναφορά τόσο σε παλιότερο δημοσίευμα όσο και στο σημερινό των Νέων ,του Βασίλη Λαμπρόπουλου για την υπόθεση. Το πρώτο αφορούσε στην ύπαρξη του κτιρίου του ΚΕΤΥΑΚ στην Αγία Παρασκευή που προκάλεσε έλεγχο από την ΑΑΔΕ .Ωστόσο απαντώντας σε ερωτήσεις ο κύριος Ράμμος είπε ότι ο έλεγχος έγινε στο ένα μόνο κτίριο και όχι στα υπόλοιπα κτίρια στο ίδιο σημείο .
Η δίκη συνεχίζεται με την εξέταση τουΣτέφανου Γκρίντζαλημέλους της ΑΔΑΕ. ο οποίος είναι καθηγητής Ασφάλειας Πληροφοριακών και Επικοινωνιακών Συστημάτων στο Τμήμα Ψηφιακών Συστημάτων του Πανεπιστημίου Πειραιώς .",2025,12,9,12
2025-12-04 19:04:00,"Αίτημα για έκτακτη συνεδρίασητης Ειδικής Μόνιμης Επιτροπής Θεσμών και Διαφάνειας κατέθεσαν οι βουλευτές – μέλη του ΣΥΡΙΖΑ-ΠΣ, του ΠΑΣΟΚ και της Νέας Αριστεράς. Το αίτημα αφορά τη σύγκληση της Επιτροπής μετά τις σοβαρές αποκαλύψεις που έγιναν κατά την ακροαματική διαδικασία της 21ης Νοεμβρίου 2025, στο πλαίσιο της δίκης για τιςυποκλοπές.
Κατά τη διάρκεια της διαδικασίας, ο μάρτυρας Σταμάτης Τρίμπαλης, πρώην νόμιμος εκπρόσωπος της εταιρείας Krikel του κατηγορούμενου επιχειρηματία Γιάννη Λαβράνου, υποστήριξε στην ένορκη κατάθεσή του ότι πριν από την παρουσία του, στις 22 Σεπτεμβρίου 2022, στηνΕξεταστική Επιτροπήτης Βουλής, είχε λάβει εκ των προτέρων τις ερωτήσεις των μελών της Νέας Δημοκρατίας. Όπως ανέφερε, γνώριζε ήδη το περιεχόμενό τους καθώς και τις απαντήσεις που θα έδινε.
Η συγκεκριμένη αναφορά προκαλεί έντονους προβληματισμούς, καθώς θέτει υπό αμφισβήτηση τη θεσμική ακεραιότητα και τη λειτουργία της Εξεταστικής Επιτροπής. Οι βουλευτές των τριών κομμάτων ζητούν άμεση διερεύνηση και πλήρη διαλεύκανση των καταγγελλόμενων περιστατικών.
Το αίτημα αυτό, σύμφωνα με κοινοβουλευτικές πηγές, έρχεται σε συνέχεια της πρότασης που είχε καταθέσει ο Γραμματέας της Κοινοβουλευτικής Ομάδας του ΣΥΡΙΖΑ – Προοδευτική Συμμαχία, Διονύσης Καλαματιανός, στη Διάσκεψη των Προέδρων. Η πρόταση ανέδειξε το ζήτημα τωνυποκλοπώνως μείζον θέμα για τη Δημοκρατία και το Κράτος Δικαίου, επισημαίνοντας ότι παραμένουν αναπάντητα ερωτήματα σχετικά με την πιθανή εμπλοκή του Μεγάρου Μαξίμου και τους λόγους παρακολούθησης επιχειρηματιών, υπουργών και του αρχηγού των Ενόπλων Δυνάμεων.",2025,12,4,19
2025-12-04 15:23:00,"«Οι αποκαλύψεις της διεθνούς δημοσιογραφικής έρευνας «Intellexa Leaks» και οι σημερινές αποκαλυπτικές εκθέσεις του Security Lab της Διεθνούς Αμνηστίας και της Google αναδεικνύουν νέα, σοβαρά στοιχεία για τον τρόπο λειτουργίας της Intellexa και την έκταση της πρόσβασής της σε ευαίσθητα δεδομένα», αναφέρει σε ανακοίνωσή του το Γραφείο Τύπου τουΠΑΣΟΚ.
«Σύμφωνα με τις έρευνες, η Intellexa είχε σε πραγματικό χρόνο απομακρυσμένη πρόσβαση σε συστήματα κρατικών πελατών της, ακόμη και σε ενεργές επιχειρήσεις παρακολούθησης, βλέποντας δεδομένα στόχων και ζωντανές μολύνσεις. Πρόκειται για εύρημα που ανατρέπει πλήρως τον ισχυρισμό ότι οι εταιρείες spyware δεν γνωρίζουν ποιους παρακολουθούν οι πελάτες τους. Οι αποκαλύψεις αυτές διαψεύδουν κραυγαλέα τη θέση ότι εταιρείες που αναπτύσσουν εργαλεία, όπως τοPredator, «δεν έχουν κανένα ρόλο στον τρόπο με τον οποίον οι νόμιμες κυβερνήσεις χρησιμοποιούν τα συστήματα που αγοράζουν» και άρα δεν φέρουν ευθύνη για τυχόν κατάχρηση.
Οι σημερινές αποκαλύψεις δίνουν και μια άλλη διάσταση στις άδειες εξαγωγής του κατασκοπευτικού λογισμικού σε τρίτες χώρες. Η εξαγωγή τέτοιου λογισμικού, με δυνατότητα και της εταιρείας να παρακολουθεί τον στόχο, μαζί με τον κρατικό φορέα-πελάτη της, σημαίνει ότι η σχετική άδεια διευκόλυνε και την παράνομη δραστηριότητα των κατόχων του Predator.
Πώς σχολιάζει η κυβέρνηση, -που είχε πάρει την εποπτεία της ΕΥΠ στο γραφείο του Πρωθυπουργού και εξέδωσε άδειες εξαγωγής του κατασκοπευτικού λογισμικού σε τρίτες χώρες-, τις αποκαλύψεις ότι ο μηχανισμός παρακολούθησης διαπλεκόταν με οργανωμένη κρατική δραστηριότητα;
Τοσκάνδαλο των υποκλοπών δεν θα κλείσει με πολιτικές μεθοδεύσεις και συγκάλυψη. Η Δημοκρατία απαιτεί πλήρη διαφάνεια, λογοδοσία και απονομή ευθυνών – όπου κι αν αυτές φτάνουν», τονίζει στο τέλος της ανακοίνωσής του το ΠΑΣΟΚ.",2025,12,4,15
2025-12-02 18:16:00,"Στην παραδοχή ότι επέστρεψε στην εταιρείαΙντελεξα,ένα χρόνο αφότου είχε αποχωρήσει και ενώ το σκάνδαλο των τηλεφωνικών υποκλοπών βρισκόταν στο μικροσκόπιο πολλών αρχών στην Ελλάδα, προχώρησε σήμερα ο Παναγιώτης Κούτσιος, ο οποίος εργάστηκε στην επιχείρηση στην παρουσίαση λογισμικών.
Η κατάθεση του συγκεκριμένου μάρτυρα, δημιούργησε υπόνοιες ότι δεν λέει την αλήθεια για τη σοβαρή αυτή υπόθεση.
Η παρατήρηση του εισαγγελέα της έδρας“είμαστε νοήμονες” ,την ώρα που ο μάρτυρας παρά τις επίμονες ερωτήσεις του δικηγόρου υποστήριξης κατηγορίας Ζαχαρία Κεσσέ έλεγε ότι δεν θυμόταν το όνομα της εταιρίας όταν επέστρεψε ,αποτυπώνει το κλίμα της σημερινης συνεδρίασης.
Τη δεύτερη μέρα της κατάθεσης του ο μάρτυρας απαντώντας σε  πολλές και πιεστικές ερωτήσεις του δικηγόρου Ζαχαρία Κεσσέ ,ο οποίος εκπροσωπεί το δημοσιογράφο Θανάση Κουκάκη, παραδέχθηκε κάτι που δεν είχε πει την πρώτη μέρα ότι ξαναγύρισε στην εταιρεία Ιντελεξα δηλώνοντας όμως άγνοια για το αν είχε το ίδιο όνομα.
Πρ:  Η εταιρεία έχει κλείσει από το 2023 εσείς μας λέτε ότι κάνατε την ίδια δουλειά μέχρι το 24. Εδώ δεν βλέπετε τίποτα ύποπτο!
Εισ: Εκεινο το διάστημα έχουν βγει όλα έχουν βγει υποκλοπές, Ανδρουλάκης είναι σαν να ξέρετε ότι γινόταν κάτι παράνομο.
Μαρτ: Ειχα εμπιστοσύνη στους ανθρώπους αυτούς γιατί με πληρωναν καλά και στην ώρα τους και μπορούσα να συντηρήσω την οικογένειά μου.
Εισ: Θα μπορούσατε να συντηρείτε την οικογένειά σας και αν είσαστε μισθοφόρος και να σκοτώνετε παιδάκια στην Αφρική!
Μαρτ: Μα γιατί είναι παράνομο ένα λογισμικό;
Πρ: Ποιος ήταν ο κατασκευαστής;
Μαρτ: Δεν το γνωρίζω εγώ ήμουν μόνο στις συζητήσεις .
Πρ: Ποιός πουλούσε το προϊόν?
Μ: Μα εγώ μόνο το παρουσίαζα.
Προ: Το επόμενο διάστημα ήταν κάποιοι ίδιοι εργαζόμενοι?
Μ: Επειδή  ήμουν στο σπίτι μου και δούλευα εξ αποστάσεως δεν γνωρίζω .
Προ: Ηταν άλλοι εργαζόμενοι;
Μ: Ήταν και κάποιοι άλλοι.
Πρ: Χειαστηκε να σας το ρωτήσω .
Υποστήριξη Κατηγορίας ( Ζαχαρίας Κεσσες): Για κάποιο λόγο φαίνεται πως δεν λέτε την αλήθεια.
Προ.Κυριε σας το λέω δεν θα φύγετε .Θα διαβίβασω τα  πρακτικά .
Υποστήριξη Κατηγορίας: Προκύπτει οτι δουλέψατε για ένα χρόνο ενώ προκύπτει ότι φύγατε και ξαναγυρίσετε μέσω άλλης εταιρείας για ακόμα έναν  χρόνο.
Μήπως η πρόσληψη σας έγινε για να εξασφαλιστεί ότι δεν θα μιλήσετε?
Μαρττρας :Δεν γνωρίζω για ποιους λόγους έγινε η πρόσληψη μου.
Υποστήριξη Κατηγορίας: Ποιος σας προσέλαβε ξανά;
Μ.Μου είπαν ότι υπήρχε ανάγκη και να επιστρέψω να δουλέψω .
Υποστήριξη Κατηγορίας: Το ίδιο προσωπικό που ήταν στην Ιντελεξα εξαφανίζεται μαζί με εσάς,πηγαίνουν σε άλλη εταιρεία  και μετά όλοι επιστρέφετε.Πως το εξηγείτε  αυτό;
Μ: Καταλαβαίνω αυτό που λέτε .
Πρ: Εισαστε εξειδικευμένο προσωπικό που έχετε ικανότητα να συναλλασσεστε με μυστικές υπηρεσίες δεν σας προβλημάτισε  το 23 ότι σας προσλαμβάνουν ξανά όταν η Ιντελεξα βρίσκεται στο μικροσκόπιο τόσων αρχών;
Μ: Διάβασα τα δημοσιεύματα και ρώτησα.
Προ: Τελικα ξαναπήγατε στην Ιντελεξα;
Μ: Η εταιρεία σαν όνομα δεν ήταν ίδια. Ειχε άλλο όνομα. Αλλα το λογισμικό που παρουσίασα ήταν το ίδιο .Φαντάζομαι ότι ήταν συνέχεια της ίδιας εταιρείας .
Εισ: Ειμαστε λίγο νοήμονες.
Κεσσες: Έρχεστε και λετε δεν θυμάστε την εταιρεία το προϊόν της οποίας παρουσιάζετε;
Μην υποτιμάτε τη νοημοσύνη μας …
Εσείς δηλώνετε ενόρκως ότι δεν ξέρατε την εταιρεία που δουλεύετε.
Μ: Δεν θυμάμαι το όνομα της .
Υποστήριξη Κατηγορίας: Δουλευετε για ένα χρόνο παίρνετε πέντε χιλιάδες ευρώ και δεν θυμάστε το όνομα της εταιρείας. Αυτα που λέτε δεν μπορούν να μην έχουν συνεπεια. Σας ζήτω να έχετε το θάρρος και να μη φοβάστε .
Απαντώντας  στη συνέχεια ο μάρτυρας σε ερωτήσεις της υπεράσπισης είπε ότι δεν γνωρίζει κανεμαν από τους κατηγορουμένους που δικάζονται για την υπόθεση .
Η δίκη συνεχίστηκε, μετά την ολοκλήρωση της με την εξέταση  του λογιστή και φοροτεχνικού Ηλία Κυριακίδη.
Ο μάρτυρας κατέθεσε ότι είχε αναλάβει τη σύσταση τηςIntellexaκαι ακόμη δύο εταιρειών στην Ελλάδα. Ο Κυριακίδης κατέθεσε ότι οι εταιρείες είχαν αντικείμενο στατιστικά δεδομένα και αναλύσεις σε συνδυασμό με hardware που συναρμολογούνταν στην Ελλάδα και εξάγονταν στο εξωτερικό. Ανέφερε επίσης ότι οι εταιρείες πωλούσαν η μία στην άλλη και είχαν μεταξύ τους συναλλαγές, χωρίς να γνωρίζει τον λόγο, θεωρεί ότι ο λόγος ήταν φορολογικός. Στην συνέχεια ανέφερε ότι είχε αναλάβει και τη μισθοδοσία, με περίπου 12 εργαζόμενους και υψηλούς μισθούς που έφταναν και τα 5.000–8.000 ευρώ.
Ο Κυριακίδης δήλωσε ότι σταμάτησε τη συνεργασία τον Μάιο του 2022, μετά από δημοσιεύματα που τον εμφάνιζαν ως «λογιστή της Krikel». Ανέφερε ότι δεν υπήρξε καμία συνεργασία Intellexa – Krikel, και ότι τα δημοσιεύματα τον ανάγκασαν να απομακρυνθεί για να προστατεύσει το όνομά του. «Το να σε κατηγορούν για κάτι ενώ είσαι καθαρός είναι φοβερό» τόνισε.
Η δίκη συνεχίζεται τη Δευτερα.",2025,12,2,18
2025-12-01 19:33:00,"Τόσο ο πρόεδρος του δικαστηρίου, όσο και ο εισαγγελέας που όπως έχει καταστεί σαφές γνωρίζουν μέχρι και την τελευταία λέξη από τις χιλιάδες σελίδες της δικογραφίαςμε τις ερωτήσεις τουςερευνούν κάθε πτυχή της σοβαρής αυτής υπόθεσης, με αποτέλεσμα οι καταθέσεις των μαρτύρων που γίνονται δημόσια στο ακροατήριο να αποκτούν μεγάλο ενδιαφέρον.
Οπως εύστοχα παρατήρησε παράγοντας της δίκης μετά το πέρας της σημερινής διαδικασίας πολλές φορές όσα λένε ότι δεν γνωρίζουνκάποιοι μάρτυρες έχουν μεγαλύτερο ενδιαφέρον από όσα ενόρκως καταθέτουν στη δικαιοσύνη.
Και στην υπόθεση των τηλεφωνικών υποκλοπών,συνέχισε ο ίδιος παράγοντας,έχουν περάσει από το βήμα τέτοιοι μάρτυρες. Αξίζει δε να σημειωθεί ότι οι δεκάδες ερωτήσεις που διατυπώνονται από την έδρα με στόχο την αναζήτηση της ουσιαστικής αλήθειας της υπόθεσης γίνονται με απόλυτο σεβασμό στη δικονομική τάξη και το τεκμήριο αθωότητας των κατηγορουμένων.
Εξαλλου, ο εισαγγελέας όταν φτάσει η ώρα πρώτος  θα δείξει το δρόμο για την ενοχή η την αθωότητα των κατηγορουμένων με την αγόρευση του  και θα ακολουθήσει η ετυμηγορία του δικαστηρίου. Μέχρι τότε όλα  όσα εισφεροντςι από όλες ανεξαιρέτως τις πλευρές αξιολογούνται και μπαίνουν στο ζυγό της Θέμιδας.
Συγκεκριμένα σήμερα, πρώτος βρέθηκε στο βήμα του μάρτυρα  ο πρώην αντιπρόεδρος της ΑΔΑΕ, Μιχάλης Σακκάς,ο οποίος ανέφερε ότι διετέλεσε στη θέση από το 2016 έως το 2023. Ο μάρτυρας ανέφερε ότι για το Predator «δεν γνωρίζαμε τίποτα» και ότι η ΑΔΑΕ κινήθηκε μετά την καταγγελία του προέδρου του ΠΑΣΟΚ  Νίκου Ανδρουλάκη, οπότε διαπιστώθηκε ότι είχε εκδοθεί για δύο μήνες διάταξη άρσης απορρήτου.
Ο μάρτυρας πάντως, επί της ουσίας έδειξε ότι οι έλεγχοι στην ΕΥΠ και στις εγκαταστάσεις της  Αγίας Παρασκευής δεν ήταν εις βάθος, καθώς οι επιθεωρητές περιορίστηκαν σε έναν χώρο αμφιθεάτρου, δεν ζητήθηκε κατάλογος προσωπικού, δεν έγινε έρευνα για πιθανά άλλα δωμάτια ή εξοπλισμό και δεν ελέγχθηκαν υπολογιστές.
Ο τρόπος διενέργειας της έρευνας έφερε βροχή ερωτήσεων από τον Πρόεδρο και τον εισαγγελέα της έδρας  αναφορικά με το πώς εξήχθη αυτό το συμπέρασμα.
Πρόεδρος : Στην Αγία Παρασκευή είχατε πάει;
Μάρτυρας : Ναι.
Πρόεδρος : Πόσες φορες είχατε πάει;
Μάρτυρας : Μία φορά. Δεν βγήκε κάτι.
Είχε ένα αμφιθέατρο. Ήρθε ο διοικητής της ΕΥΠ και μας εξηγούσε.
Προέδρος : Που αλλού πήγατε;
Μάρτυρας : Εκεί.
Πρόεδρος : Έχει βγει ένα πόρισμα που απαλάσσει την ΕΥΠ…  Τι κάνατε πηγατε για αναψυχή εκεί; Που ξέρατε εαν σε παρακείμενο χώρο δεν υπήρχε κάτι; Τους ελέγξατε όλους τους χώρους; Πως βγάλατε πόρισμα;
Μάρτυρας : Μας είπανε…
Πρόεδρος : Εάν ήταν εμπλεκόμενοι αυτοί οι ανθρωποι θα σας το έλεγαν;
Εισαγγελέας : Όταν πήγατε επί τόπου γιατί δεν ανοίχθηκαν οι υπολογιστές;
Μάρτυρας : Δεν ξέρω.
Εισαγγελέας : Πάτε κατόπιν ειδοποιήσης, σας δείχνουν τις διατάξεις και φεύγετε, τι νόημα εκεί;…
Στους χώρους της ΕΥΠ διαπιστώσατε την παρουσία υπαλλήλων ξένης υπηκοότητας; Ισραηλ;
Μάρτυρας : Όχι.
Εισαγγελέας : Θεωρείτε ότι ο έλεγχος έχει γίνει σωστά;  Το πόρισμα σας είναι επαρκές;
Μάρτυρας : (…)
Στη συνέχεια η σκυτάλη πέρασε στον Δημήτρη Βέργαδο μέλος της ΑΔΑΕ και πανεπιστημιακός, ο οποίος υπογράμμισε ότι η ΑΑΔΕ ελέγχει μόνο την τυπική ορθότητα της διαδικασίας άρσης απορρήτου και όχι τους λόγους ή το περιεχόμενο των επισυνδέσεων.
Εντοπίστηκε ο αποστολέας
Ανέφερε ότι στη διάταξη παρακολούθησης του δημοσιογράφου Θανάση Κουκάκη «δεν διαπιστώθηκε κάτι παράτυπο», ενώ στις καταγγελίες που σχετίζονται με παραπλανητικά SMS είχε εντοπιστεί ότι ο αποστολέας προερχόταν από εταιρείες σε Θεσσαλονίκη και στο εξωτερικό. Για τις τελευταίες είχαν ζητηθεί πληροφορίες με δικαστική συνδρομή, όμως —όπως κατέθεσε— απάντηση δεν έχει ληφθεί.
Πρόεδρος : Ήσασταν παρών στην Αγία Παρασκευή;
Προέδρος : Μπήκατε σε όλους τους χώρους;
Μάρτυρας : Λέγαμε άνοιξε την πόρτα και άνοιγαν την πόρτα. Δεν βρήκαμε προσωπικό μέσα, υπολογιστές.
Πρόεδρος : Εσείς ζητήσατε κατάλογο προσωπικού;
Μάρτυρας : Μας ανέφεραν ονόματα, τα περισσότερα καθηγητές, μία ομάδα εργασίας.
Πρόεδρος : Ο προηγούμενος μάρτυρας  μας είπε ότι δεν έγινε ενδελεχής έλεγχος.
Μάρτυρας : Μία ομάδα ήμασταν και ο καθένας έχει τη  ευθύνη αυτού που λέει.
Πρόεδρος : Ειδοποίησαμε τον διοικητή να δώσει τις αρμόδιες άδειες.
Πρόεδρος: Για τον έλεγχο στην Αγία Παρασκευή, είχατε ειδοποιήσει;
Μάρτυρας : Δε θυμάμαι. Υπήρχε απόφαση Ολομέλειας.
Η χθεσινή διαδικασία ολοκληρώθηκε με την κατάθεση του Παναγιώτη Κούτσιου ο οποίος ήταν  πρώην υπάλληλος της Intellexa στην Αθήνα. Ο μάρτυρας εργάστηκε στην εταιρία από τον Απρίλιο του 2021 έως τον Μάιο του 2022, σε περίοδο πανδημίας, ως μηχανικός προπωλήσεων (pre-sales) και σήμερα εργάζεται σε τράπεζα.
Ο μάρτυρας ανέφερε ότι στην Αθήνα εργάζονταν περίπου 12 άτομα ενωπ πρόσθσε ότι «δεν γνώριζα σχέση με άλλες εταιρίες ή εγκαταστάσεις στην Ελλάδα» και ότι δεν είχε επαφή με κατηγορούμενους.
Πρόεδρος : Εσάς υπέπεσε στην αντίληψη σας εάν η εταιρία εμπορευόταν και λογισμικό παρακολούθησης;
Μάρτυρας : Όχι.
Πρόεδρος : Υπέπεσε στην αντίληψη σας εάν κάποιος από εταιρεία είχε συνεργασία με ευπ;
Μάρτυρας : Όχι.
Εκτός από την Ιντελέξα γνωρίζατε την ύπαρξη Κρίκελ;
Μάρτυρας : Όχι.
Ο μάρτυρας δήλωσε ότι «ότι «η εταιρία είχε πολλά στεγανά – ούτε εμείς ρωτούσαμε παραπάνω πράγματα, ούτε βλέπαμε».
Επίσης, πρόσθεσε ότι υπάρχουν ρήτρες και δεν μπορεί να αποκαλύψει με ποια κυβερνητικά στελέχη άλλων χωρών συναντιόταν στο εξωτερικό για την παρουσίαση του λογισμικού.
Πρ.Θελω να πιστεύω ότι δεν έχετε κάποιο βάρος στη συνείδηση σας για να μας πείτε ψέματα .
Μ.Εγω από τα δημοσιεύματα διάβασα  για το λογισμικό Δεν μπορώ να το επηληθεύσεω.
Πρ.Μπορειτε να το αποκλείσετε;
Μ Σας είπα  υπήρχαν στεγανά .Δεν μπορώ να ξέρω .
Η εξέταση του μάρτυρα συνεχίζεται αύριο .",2025,12,1,19
2025-11-25 17:02:00,"Σεδύο σημαντικές αποκαλύψειςπροχώρησε σήμερα στη διάρκεια τηςδίκης των τηλεφωνικών υποκλοπών,ηάλλοτε διευθύντρια των Εγκληματολογικών Εργαστηρίων της Ασφάλειας Πηνελόπη Μηνιάτη, η οποία, αν και ανέμενε από τη δικαιοσύνη να κληθεί καθώς ήταν«διπλός» στόχος – από την ΕΥΠ και το λογισμικό Predator– εν τούτοις, για πρώτη φοράκατέθεσε στο ακροατήριο, ενώπιον του οποίου εκδικάζεται η σοβαρή αυτή υπόθεση.
Η μάρτυρας, η οποία έχει πλούσιο επιστημονικό βιογραφικό και τεράστια εμπειρία, ζυγίζοντας την κάθε της λέξη απευθυνόμενη στον πρόεδρο του δικαστηρίου,είπε δύο φορές στη διάρκεια της εξέτασής της πως ενόρκως καταθέτει ότι πάτησε και τα δύο «ύποπτα» μηνύματα που της είχαν σταλεί, καταρρίπτοντας έτσι τα αναφερόμενα στο κατηγορητήριο, πωςμόνο δύο «στόχοι» είχαν πατήσει τα link που έλαβαν. Η ίδια πάντως παραδέχθηκε απαντώντας στις πολλαπλές ερωτήσεις – απορίες του προέδρου και του εισαγγελέα της έδρας – ότιδεν έκανε καμία ενέργεια και νομική κίνηση για να ερευνήσει αν το κινητό της είχε μολυνθεί περιμένοντας τη δικαιοσύνη να την καλέσει να καταθέσει.
Επιπλέον, η κυρία Μηνιάτη εισέφερε στο δικαστήριο ένα ακόμα ενδιαφέρον στοιχείο προς αξιολόγηση από τα μέλη της σύνθεσης , λέγοντας ότι μία ημέρα πριν λάβει στο κινητό της τηλέφωνο το πρώτο μήνυμα είχε δεχθεί εάνανώνυμο απειλητικό e – mail που την προειδοποιούσε για συμβόλαιο θανάτου με 19 σφαίρεςκαι πως θα είχε την τύχη των δημοσιογράφων Σ. Γκιόλια και Γ. Καραϊβάζ.
“Η πρώτη μου επαφή με το predator ήταν τον Νοέμβριο του 2023 όταν ένας δημοσιογράφος με πήρε τηλέφωνο και με ενημέρωσε ότι ήμουν στη λίστα των παρακολουθήσεων Είχα εκπλαγεί”, είπε η μάρτυρας.Πρόεδρος: Πως αντιδράσετε ,γιατί είσαστε και σε μια καίρια θέση;Μάρτυρας: Εγώ είχα αποστρατευθεί τότε. Το 2023 έλαβα επιστολή από την Αρχή Προστασίας Δεδομένων Προσωπικού Χαρακτήρα. Δεν υπέβαλα καμία έγκληση περίμενα να με καλέσουν.Προέδρος: Κατείχατε μια ευαίσθητη θέση για την ασφάλεια του κράτους, δεν κάνατε κάτι μετά την ενημέρωση;Μάρτυρας: Περίμενα τη δικαιοσύνη. Εμένα μου εστάλησαν δύο μηνύματα.Ένα από την Ένωση Αστυνομικών Υπαλλήλων που παρέπεμπε σε ευχαριστήρια επιστολή και το δεύτερο για το εμβόλιο που ήταν όλα μου τα στοιχεία.
“Όταν διάβασα το πόρισμα του εισαγγελέα που διενήργησε την έρευνα διαπίστωσα ότι 18 μέρες πριν πάρω το πρώτο μήνυμα είχε ξεκινήσει η νόμιμη ή νομότυπη παρακολούθηση από τη ΕΥΠ. Μια ημέρα πριν πάρω το μήνυμα από το εμβόλιο έλαβα ένα απειλητικό μέηλ στην υπηρεσία. Ενημέρωσα την υπηρεσία. Έλεγε ότι υπήρχε συμβόλαιο θανάτου και ότι θα με σκοτώσουν με 19 σφαίρες. Εγώ θύμωσα. Η οικογένεια μου φοβήθηκε.
Πρόεδρος: Μου κάνει εντύπωση και λόγω της θέσης σας ότι δεν κάνατε κάτι για να ερευνήσετε το θέμα της μόλυνσης του κινητού σας και περιμένατε τη δικαιοσύνη . Μάρτυρας: Έχω μάθει να μην αντιδρώ με δημοσιεύματα. Στα χέρια μου είχα την επιστολή της Αρχής το 2023. Άλλαξα κινητό 1/9/25. Με τόσες αναβαθμίσεις χωρίς να είμαι ειδικός θεωρώ ότι ήταν πολύ δύσκολο να ήταν υπό παρακολούθηση .
Προέδρος: Υπήρχε περίπτωση να έρευνα η υπηρεσία σας κάποια υπόθεση των κατηγορουμένων;Μάρτυρας: Δεν είχε πέσει κάτι τέτοιο στην αντίληψη μου.Προέδρος: Αναζητήσετε για ποιο λόγο είσαστε στόχος από την ΕΥΠ;Μάρτυρας: Το έμαθα από το πόρισμα το ’24.Η μόνιμη αιτιολογία για αυτές τις υποθέσεις είναι λόγοι Εθνικής ασφάλειας. Διάβασα ότι η ΕΥΠ δεν δίνει περαιτέρω πληροφορίες.Ολη αυτή η διαδικασία θέλει χρόνο, δικηγόρο και ψυχική φθορά.Πρόεδρος:Εσείς λόγω της θέσης σας είχατε γνωριμίες.Μάρτυρας: Δεν με ξέρετε… Δεν χρησιμοποιώ γνωριμίες και γι αυτό δεν δέχομαι πιέσεις.
Εισαγγελέας: Μου κάνει εντύπωση ότι ενώ είστε αστυνομικός δεν κυνηγήσατε να μάθετε για την επιμόλυνση και περιμένατε τη δικαιοσύνη να σας καλέσει .Και μετά την αποστρατεία σας θα μπορούσατε να καλέσετε τον αρχηγό, ένα τηλέφωνο δρόμος ήταν…Μάρτυρας: Να ζητήσω να κάνουν τι;Εισαγγελέας: Να το ερευνήσουν…Μάρτυρας: Εγώ το 23 έμαθα ότι είχα δεχθεί κακόβουλο λογισμικό. Εγώ για να σας πω την αλήθεια περίμενα να με καλέσει κάποιος. Όταν είδα ότι βγήκε το πόρισμα εξεπλάγην. Περίμενα τη δικαιοσύνη.Εισαγγελέας: Ο κύριος Κουκάκης που είναι δημοσιογράφος πήγε στο Τορόντο.Μάρτυρας: Εγώ δεν είχα τα μέσα.Εισαγγελέας: Αν δεν έχετε εσείς τα μέσα τότε ποιος; Είστε προϊσταμένη μιας νευραλγικής υπηρεσίας…Μάρτυρας: Το ότι σήμερα είμαι εδώ εγώ το ζήτησα.
Ζαχαρίας Κεσσές– (Υποστήριξη Κατηγορίας): Είπατε όπως όταν πήρατε το μήνυμα το απειλητικό αισθανθήκατε θυμό και μετά ότι περιμένατε να κληθείτε να καταθέσετε. Σήμερα είναι η στιγμή να τα πείτε…Μάρτυρας: Εγώ πάτησα και επέλεξα τους συνδέσμους. Το λεω αυτό γιατί τον πόρισμα του κυρίου Ζήση θεωρεί δεδομένο ότι μόνο δύο έχουν μολυνθεί και όλοι οι άλλοι είναι απόπειρες χωρίς να έχω κληθεί. Για τον εαυτό μου ενόρκως καταθέτω ότι δεν ήταν απόπειρα.
Υποστήριξη Κατηγορίας:Εσείς σήμερα κοιτώντας προς τα πίσω έχετε καταλήξει γιατί αποστρατευθήκατε;Μάρτυρας: Όχι. Μπορώ να εικάζω χωρίς να είμαι σίγουρη. Η υπηρεσία ερευνούσε διάφορες υποθέσεις που κάποιοι ενοχλήθηκαν.
Στη συνέχεια, στο βήμα του μάρτυρα ανέβηκε οΑλέξανδρος Διακόπουλος, ο οποίος είχε υπηρετήσει για ένα μικρό χρονικό διάστημα σύμβουλος Εθνικής ασφάλειας του Πρωθυπουργού.
Ο μάρτυρας εξεταζόμενος στο πλαίσιο της προκαταρκτικής εξέτασης είχε εκτιμήσει με βεβαιότητα ότι ο Πρωθυπουργός δεν γνώριζε τίποτα για την υπόθεση των παρακολουθήσεων.Πρόεδρος: Γνωρίζατε ότι το διάστημα αυτό είχε μεταφερθεί η ΕΥΠ υπό την εποπτεία του Πρωθυπουργού.Μάρτυρας: Από δημοσιεύματα. Δημοσιογραφικά .Πρόεδρος:Στην κατάθεσή σας λέτε ότι είσαστε πεπεισμένος ότι ο πρωθυπουργός δεν είχε καμία ιδέα για την υπόθεση.Μάρτυρας: Αυτή ήταν η εντύπωση που μου είχε μεταφέρει ο ίδιος. Η εκτίμησή μου είναι πως αν υπήρχε κάτι εγώ θα το διαισθανόμουν.
Εισαγγελέας: Δεν είναι περίεργο που δεν μάθατε για την μεταφορά της ΕΥΠ;Μάρτυρας: Όχι. Εγώ είχα αλλά καθήκοντα.Εισαγγελέας: Παρά το γεγονός ότι είχατε συνάντηση μια φορά την εβδομάδα με τον πρωθυπουργό μάθατε από τις εφημερίδες για τη μεταφορά της ΕΥΠ.Μάρτυρας: Υπήρχε στεγανό.Εισαγγελέας: Και τότε πως ξέρατε ότι ο Πρωθυπουργός δεν ήξερε τίποτα; Εδώ δεν σας είπε για τη μεταφορά αρμοδιότητας της ΕΥΠ θα σας έλεγε κάτι για την υπόθεση;Μάρτυρας: Αυτή ήταν η εκτίμησή μου. Διαισθανόμουν ότι δεν γνωρίζει κάτι.Εισαγγελέας: Αυτό είναι οξύμωρο. Δεν σας έλεγε τίποτα, αλλά από την επαφή σας όταν πίνετε τσάι με κουλουράκια σχηματίζετε αυτή την εντύπωση… H διευθύντρια της ΔΕΕ δεν έκανε κάτι, ο σύμβουλος του πρωθυπουργού δεν έκανε κάτι…
Πρόεδρος: Ως προς την ΕΥΠ έχριζε περαιτέρω διερεύνησης;
Μάρτυρας: Πιθανότατα.
Η δίκη συνεχίζεται αύριο οπότε αναμένεται ναολοκληρώσει την κατάθεσή του ο δημοσιογράφος Θανάσης Κουκάκηςαπαντώντας σε ερωτήσεις των συνηγόρων υπεράσπισης των κατηγορουμένων.",2025,11,25,17
2025-11-21 17:20:00,"Για πρώτη φορά ο εμφανιζόμενος ως νόμιμος εκπρόσωπος της εταιρείας Κρίκελ, μιας εκ των δύο ελεγχόμενων εταιρειώνγια την υπόθεση των τηλεφωνικών υποκλοπων,παραδέχθηκε στο δικαστήριο όπου εκδικάζεται η υπόθεση ότι επί της ουσίας ήταν αχυράνθρωποςπου λειτουργούσε για λογαριασμό του κατηγορούμενου Γιάννη Λαβράνου
Ο μάρτυρας, Σταμάτης Τρίμπαλης ο οποίος ήταν παρών και στην υπογραφή των συμβάσεων της εταιρείας Κρίκελ με τη Ελληνική Αστυνομία  υποστήριξε πως όταν δέχθηκε να αναλάβει τον ρόλο του νόμιμου εκπροσώπου της εταιρείας αγνοούσε τις συνέπειες που θα είχε.
Σε μια αποστροφή της κατάθεσης του μάλιστα είπε πως όταν πήγε ως μάρτυρας στην εξεταστική επιτροπή της Βουλής δεν αποκάλυψε τίποτα από όσα είπε σήμερα στο δικαστήριο γιατί του είχαν δοθεί έτοιμες οι περισσότερες ερωτήσεις και οι απαντήσεις από τον κατηγορούμενο και έναν ακόμα στενό του συνεργάτη
Αξίζει να σημειωθεί ότι σε όλα ταπροηγούμενα στάδια της διερεύνησηςτης υπόθεσης ο κύριος Τρίμπαλης παρά το γεγονός ότι εμφανιζόταν ως νόμιμος εκπρόσωπος της ελεγχόμενης εταιρείας παρέμεινε στο δικονομικό στάτους του μάρτυρα και ουδέποτε εξετάστηκε ως ύποπτος ούτε κατηγορήθηκε από τη δικαιοσύνη.
Ο Σταμάτης Τρίμπαλης, πολιτικός μηχανικός στο επάγγελμα μετά από σύσταση προσώπου που κατονόμασε, γνώρισε τους κατηγορουμένους Λαβράνο και Μπίτζιο το έτος 2019. Τότε μπήκε όπως είπε στη εταιρεία Κρίκελ ως μάνατζερ όπου και παρέμεινε με το τον Απρίλιο του 2024.
Σε άλλο σημείο της κατάθεσης του είπε πως όταν άρχισαν να βγαίνουν τα δημοσιεύματα εκείνος παρέλυσε από το φόβο του.
«Μου έλεγαν να μην τα ακούω αυτά και ότι όσο είναι η Ν.Δ στα πράγματα δεν έχουμε τίποτα να φοβηθούμε», πρόσθεσε ο Σταμάτης Τρίμπαλης. .
Εισ.Το  Λαβράνο τον ρωτήσατε ποτέ για την Ιντελέξα και τις υποκλοπές..
Μάρτυρας: Τον ρώτησα κάποια στιγμή και απέφυγε να απαντήσει .
Στη συνέχεια ερωτώμενος από την υποστήριξη της κατηγορίας είπε πως όταν κατέθεσε στην εξεταστική επιτροπή δεν είχε πει τίποτα από όλα αυτά, επικαλούμενος και πάλι το φόβο του.
Σε άλλο σημείο είπε ότι τον πρώην υπουργό Προστασίας του Πολίτη Νίκο Τόσκα δεν τον  έχει συναντηθεί ποτέ και πως το είπε αυτό μετά από παρότρυνση του κατηγορούμενου .
Η  αξιοπιστία  του μάρτυρα αμφισβητήθηκε από την υπεράσπιση του Γιάννη Λαβράνου που επικαλέστηκε την κατάθεση του στον αντεισαγγελέα του Αρείου Πάγου Αχιλλέα Ζήση στην οποία ανέφερε ότι ήταν νόμιμος εκπρόσωπος της εταιρείας και πως δεν ξέρει τι σχέση είχε ο Λαβράνος με τη  εταιρεία.
Ο μάρτυρας επισήμανε ότι ακόμα και σήμερα φοβάται γιατί οι άνθρωποι αυτοί είναι αδίστακτοι . ” Φοβάμαι ακόμα.Τα έχω όλα στο μυαλό μου.Και ποιος ξέρει τι άλλο θα  βγει ακόμα…”.
Υπεράσπιση:Αλλάξατε την κατάθεση σας μετά τις βεβαιώσεις των προστίμων?
Μάρτυρας : Όχι δεν είναι μόνο αυτό.Πιστευα ότι θα είχα τελειώσει αλλά ακόμα δεν έχω τελειώσει .Αν είχα πάρει τόσα εκατομμύρια εδώ θα ήμουν;
Και κλείνοντας την κατάθεση τουείπε πως όταν έγιναν οι έλεγχοι της αστυνομίας στα σπίτια μας το γνωρίζαμε γιατί μας ενημέρωσε ο κύριος Λαβράνος.
Η δίκη συνεχίζεται την Τρίτη.",2025,11,21,17
2025-11-18 13:28:00,"Το πολιτικό σύστημα αποδείχθηκε κατώτερο των περιστάσεων στηνυποθέση των τηλεφωνικών υποκλοπών, όπως κατέθεσε οδημοσιογράφος Θανάσης Κουκάκης, θύμα και ο ίδιος των παρακολουθήσεων, ο οποίοςσυνέχισε σήμερα για δεύτερη μέρα την κατάθεση του στο Μονομελές Πλημμελειοδικείο της Αθήνας.
Απαντώντας σε ερώτηση του δικηγόρου του, Ζαχαρία Κεσσέ, εάν όλα τα θύματα της παγίδευσης τα οποία είχαν λάβει σχετική επιστολή ενημέρωσης από την Αρχή Προστασίας Δεδομένων Προσωπικού Χαρακτήρα που διενήργησε αυτοτελή έρευνα, κλήθηκαν να καταθέσουν, στο πλαίσιο της προκαταρκτικής εξέτασης ομάρτυρας είπε πως εάν το πολιτικό σύστημα είχε σταθεί στο ύψος του τότε όλοι οι υπεύθυνοι θα δικάζονταν για τις «καταίσχυντες πράξεις τους».
«Από το καλοκαιρι του 2023, η Αρχή απέστειλε σε 93 παραλήπτες, εκ των οποίων 87 είναι φυσικά πρόσώπα, ενημερωτικά, οτι είχαν παρακολουθηθεί, δυστυχώς πάρα πολυ λίγοι κατέφυγαν στη δικαιοσυνη. Μία μεγάλη κατηγορία που ειναι πολιτικά πρόσωπα δεν εκμεταλεύτηκαν την ευκαιρια για να ρίχθει φως στην υπόθεση, κάποιοι το έκαναν απο συμφέρον, κάποιοι απο φόβο», είπε ο Θανάσης Κουκάκης. Και πρόσθεσε πως «ο κ. Βορίδης επικαλέστηκε ότι γινόταν προανάκριση και κρύφτηκε πίσω απο αυτό, υπήρχε και ο Άδωνις Γεωργιαδης που είπε δεν με νοιάζει.Αν το πολιτικό σύστημα είχε σταθεί στο υψος των περιστάσεων, ήδη οι υπεύθυνοι θα αντιμετώπιζαν τις ευθύνες τους για αυτές τις καταίσχυντες πράξεις».
Νωρίτερα, ο δημοσιογράφος επανέλαβε ότι έχει καταθέσει από τον Φεβρουάριο του 2024, τα ονόματα χειριστών του συστήματος του κακόβουλου λογισμικού, τόσο στη δικαιοσύνη όσο και στις ανεξάρτητες αρχές και ουδέποτε δέχθηκε όχληση ή μηνυση για όσα έχει συγκεντρώσει και εισφέρει στο πλαίσιο δημοσιογραφικής έρευνας. Τέλος, επισήμανε ότι ουδέποτε αμφισβητήθηκε η αξιοπιστία των ελέγχων και των αποτελεσμάτων του citizen lab, που είχε ελέγξει μεταξύ άλλων και το δικό του κινητό που είχε προσβληθεί από τοκακόβουλο λογισμικό Predator.
Η κατάθεση του Θανάση Κουκάκη θα συνεχιστεί στις 26 Νοεμβρίου, οπότε και θα απαντήσει σε ερωτήσεις της υπεράσπισης.",2025,11,18,13
2025-11-17 17:50:00,"Με την αποκαλυπτική κατάθεση του δημοσιογράφου Θανάση Κουκάκη ο οποίος είχε τεθεί υπό παρακολούθηση τόσο από την ΕΥΠ, όσο και από το κακόβουλο λογισμικό Predator,στη δίκη για την υπόθεση των τηλεφωνικών υποκλοπών .
Ο Θανάσης Κουκάκης  εισφέροντας συγκεκριμένα στοιχεία και τοποθέτησε σε ένα πολύπλοκο παζλ εταιρειών και φυσικών προσώπων  όχι μόνο τους παρόντες κατηγορούμενους, ιδιώτες που δικάζονται αλλά και για άλλα πρόσωπα, που όπως χαρακτηριστικά είπε θα έπρεπε να βρίσκονται επίσης στο εδώλιο του κατηγορουμένου ενώ χαρακτήρισε ως το «‘Άγιο Δισκοπότηρο» της υπόθεσης συγκεκριμένα αμυντικά συμβόλαια.
Ο μάρτυρας, ο οποίος προσέφυγε από την πρώτη στιγμή  τόσο στην Ανεξάρτητη Αρχή Διασφάλισης Απορρήτου Επικοινωνιών, όσο και στην ελληνική δικαιοσύνη επικαλούμενος τα στοιχεία που έχει στη διάθεσή του από την πολύμηνη δημοσιογραφική έρευνα  «έδειξε «τον ρόλο ενός εκάστου στην υπόθεση των υποκλοπών που αγγίζει τη λειτουργία του κράτους δικαίου.
Στη διάρκεια της εξάωρης κατάθεσής του απάντησεσε πολλές ερωτήσεις του προέδρου του δικαστηρίουκαι με τις απαντήσεις του  ουσιαστικά αναφέρθηκε  στη σχέση των κατηγορουμένων με τις εταιρείες που φέρονται να  έχουν σχέση με την εμπορία του λογισμικού Predator, μίλησε για πρόσωπα που περιλαμβάνονται στη δικογραφία, τα οποία αν και χρησιμοποιήθηκαν ως  αχυράνθρωποι  ουδέποτε κλήθηκαν να εξεταστούν στο πλαίσιο της ποινικής προκαταρκτικής εξέτασης που διενεργήθηκε από την Εισαγγελία του Αρείου Πάγου ενώ δεν παρέλειψε να αναφερθεί στον ρόλο που φέρονται να είχαν στην υπόθεση ο τότε διοικητής της ΕΥΠ Π.Κοντολέων και ο τότε Γενικός Διευθυντής  του Πρωθυπουργικού Γραφείου Γρηγόρης Δημητριάδης.
Επιπλέον αναφέρθηκε στον ρόλο που είχαν υψηλόβαθμα στελέχη της Ελληνικής Αστυνομίας, και της ΕΥΠ χωρίς να παραλείψει να αναφερθεί και στη σημαντικότητα της παρουσίας ενός άλλου προσώπου, του γνωστού ως “κρεοπώλη”από την υπόθεση της παρακολούθησης του προέδρου του ΠΑΣΟΚ Νίκου Ανδρουλάκη.
Ο Θανάσης Κουκάκης με λεπτομέρειες κατέγραψε τον βαθμό συμμετοχής πολλών προσώπων τα οποία για την πλήρη διερεύνηση της υπόθεσης έστω και τώρα που διεξάγεται η δίκη θα πρέπει να κληθούν να εξεταστούν και να δώσουν απαντήσεις που θα φωτίσουν πλευρές που δεν έμειναν εκτός του κέδρου της έρευνας.
Ο μάρτυρας ξετυλίγοντας το «κουβάρι» της υπόθεσης εμφανίστηκε βέβαιος ότι υπήρχε ενιαίο κέντρο παρακολούθησης μεταξύ της ΕΥΠ και των εταιρειών που  ενεπλάκησαν στη διαδρομή της υπόθεσης των τηλεφωνικών υποκλοπών εισφέροντας στο δικαστήριο όσα στοιχεία έχει στη διάθεσή του για τον τρόπο που ξεκίνησε η υπόθεση των υποκλοπών .
Ο ίδιος είχε τεθεί αρχικά υπό παρακολούθηση από την ΕΥΠ και στη συνέχεια δέχθηκε στο κινητό του τρία επιβεβαιωμένα μολυσμένα μηνύματα με το λογισμικό Pretador.
«Το καλοκαίρι του 2020 αντιλαμβάνομαι ότι το κινητό μου δεν λειτουργούσε  σωστά. Η μπαταρία τελείωνε νωρίς και όταν καλούσα κάποιον εκείνος απαντούσε αμέσως. Απευθύνθηκα σε ειδικούς μου συνέστησαν να κάνω σέρβις αλλά και πάλι εμφανίστηκε το ίδιο πρόβλημα. Ετσι, απευθύνθηκα σε μια «πηγή» μου περί τα μέσα Ιουλίου του 2020 και μου είπε ότι με παρακολουθούσε η ΕΥΠ. Δεν τον πίστεψα και του ζήτησα να μου φέρει κάποιο στοιχείο.
Τον Αύγουστο μου έφερε δύο φωτογραφίες με κείμενο από απομαγνητοφώνηση συνομιλιών μου», κατέθεσε ο Θανάσης Κουκάκης χωρίς να κρύβει ότι η πληροφορία αυτή τον σόκαρε καθώς αυτές οι συνομιλίες είχαν λάβει χώρα την ώρα που περίμενε να πάρει την κόρη του από το σχολείο και στην απομαγνητοφώνηση έγραφε ακατάληπτο ακούγονται παιδικές φωνές!!!
Στη διάρκεια της εξάωρης και λεπτομερούς κατάθεσής του χαρτογράφησε άγνωστες διαδρομές και σχέσεις μεταξύ προσώπων που φέρονται να είχαν πρωταγωνιστικό ρόλο στην υπόθεση των υποκλοπών και για πρώτη φορά ακούγονταν σε μία δημόσια διαδικασία.  Θέλησε με την απαρίθμηση των στοιχείων που έχει στη διάθεσή του να αποτυπώσει την αλληλουχία των συνεννοήσεων που  τις περισσότερες φορές γινόταν στο παρασκήνιο.
Μετά το τέλος του πρώτου μέρους της κατάθεσής του, που θα συνεχιστεί αύριο, ο Θανάσης Κουκάκης δήλωσε « Κατέθεσα όσα γνωρίζω Ενημέρωσα το δικαστήριο για πραγματικά γεγονότα. Δυστυχώς άνθρωποι που θα έπρεπε να είναι στο εδώλιο δεν βρίσκονται στο ακροατήριο. Εκτιμούμε ότι η απόφαση του δικαστηρίου θα οδηγήσει σε αυτά τα πρόσωπα Υπάρχουν πολλοί που λόγω χειρισμών Εισαγγελίας Αρείου Πάγου δυστυχώς δεν βρίσκονται στο εδώλιο» .
Από την πλευρά του ο πληρεξούσιος δικηγόρος του Ζαχαρίας Κεσές , ο οποίος το εκπροσωπεί και στο ποινικό δικαστήριο από τα έδρανα υποστήριξης της κατηγορίας δήλωσε  χαρακτήρισε συγκλονιστικά τα στοιχεία που εισέφερε ο εντολέας του που δείχνουν στη σύνδεση ΕΥΠ και Predator εξηγώντας , όπως είπε με τον πλέον ξεκάθαρο τρόπο « γιατί το ελληνικό δημόσιο  αντί να παρίσταται ως πολιτική αγωγή  στη δίκη για τις υποκλοπές απουσιάζει  λάμποντας  με την απουσία του».",2025,11,17,17
2025-11-03 13:22:00,"Τη βεβαιότητα ότι το μολυσμένο μήνυμα με το κακόβουλο λογισμικόpredatorπου έλαβε στο κινητό της εστάλη από τηΕΥΠεξέφρασε στη διάρκεια της κατάθεσης της πρώην υπάλληλος της ΕΥΠ , η οποία σήμερα υπηρετεί στην Ελληνική Αστυνομία, και εξετάστηκε στο Μονομελές Πλημμελειοδικείο της Αθήνας ενώπιον του οποίου συνεχίζεται η δίκη για υπόθεση των τηλεφωνικών υποκλοπών.
” Είμαι εκατό τοις εκατό σίγουρη ότι μου έστειλε το μήνυμα η ΕΥΠ . Η Υπηρεσία δεν έκανε κανέναν έλεγχο ενώ παγιδεύτηκαν στελέχη της . Αυτό δεν έχει γίνει πουθενά αλλού” είπε η Μαρία Ζώη Σακαλή απαντώντας σε ερωτήσεις του δικηγόρου υποστήριξης κατηγορίας Ζαχαρία Κεσσέ,ο οποίος εκπροσωπεί το δημοσιογράφο Θανάση Κουκάκη που επίσης στη λίστα των παρακολουθούμενων. Για το λόγο αυτό η μάρτυρας, όπως είπε, κατέθεσε προσωποποιημένη μήνυση στη δικαιοσύνη καθώς ο μοναδικός που είχε λόγο να την παρακολουθήσει ήταν η ΕΥΠ .
Από την αρχή της εξέτασης της η μάρτυρας περίγραψε πως παγιδεύτηκε το τηλέφωνο της όταν έλαβε ένα μήνυμα που λεγε “Κοριτσάκι μου θυμάσαι”και είχε ένα link. Το μήνυμα έφτασε στο κινητό της ,όπως είπε την ώρα που βρισκόταν στο γραφείο του δικηγόρου της για να ετοιμάσει το υπόμνημα αναφορικά με μηνυτήρια αναφορά που είχε κατατεθεί από την ίδια και άλλους συναδέλφους της ,οι οποιοι επειδή είχαν θεωρηθεί ” ανεπιθύμητοι” είχαν μεταχθεί σε υπηρεσία άνευ αντικειμένου. Τότε η μάρτυρας,ειπε πως δεν αντιλήφθηκε ότι είχε επιμολυνθεί το τηλέφωνο της ,μέχρι το καλοκαίρι του 2023 που ενημερώθηκε επισήμως από την Αρχή Προστασίας Δεδομένων Προσωπικού Χαρακτήρα η οποία διενήργησε αυτοτελή έρευνα .
Η μάρτυρας επίσης διατύπωσε την άποψη ότι“η ΕΥΠ θα έπρεπε να κινήσει γη και ουρανό γιατί μιλάμε για λειτουργία κακόβουλου λογισμικού που παρακολουθούσε στόχους εθνικού ενδιαφέροντος”,ενώ σε άλλο σημείο της κατάθεσης της εξέφρασε την άποψη ότι η προμήθεια του predator έγινε μέσα σε άλλη νόμιμη προμηθεια .
“Εργάζομαι τώρα στο υπουργείο Προστασίας του Πολίτη.Απο το 2007 έως έως το 2021 ήμουν στην ΕΥΠ. Τον Δεκέμβριο του 2021 με τροπολογία μεταταχθήκαμε σε άλλη υπηρεσία στην ΕΛ.ΑΣ. Στα μέσα Ιουλίου 2021 δημιουργήθηκε μια υποδιεύθυνση,η οποία συστάθηκε με υπογραφή του κυρίου Δημητριάδη.Το λέω αυτό γιατί την αρμοδιότητα σύστασης της της είχε ο κ Δημητριάδης.Το τονίζω γιατί συνδέεται με την υπόθεση.Η υποδιεύθυνση αυτή δεν είχε αντικείμενο ,αφού ήταν εικονική”.
Η μάρτυρας κατέθεσε ότι ” μας μετακίνησαν γιατί δεν είμαστε αρεστοί στη διοίκηση”.
Πρόεδρος:Εσείς γιατί δεν είσαστε αρεστή,τι είχατε αντιληφθεί;
Μάρτυρας:Υπήρχαν διάφορα προβλήματα στις συνθέσεις των συμβουλίων ,δεν είχαμε κατευθύνσεις για να μπορέσουμε να εργαστούμε .Δεν θέλω να πω περισσότερα.Ειχαμε αντιδράσει γιατί είμαστε τόσο καιρό εκεί στην υπηρεσία και δεν κάναμε τίποτα .Στις 16/9/21 αποστείλαμε εξώδικο στον διοικητή .Δεν είχαμε καμία απάντηση.Εμεις συνεχίζαμε να πηγαίνουμε εκεί και να κοιταζομαστε.Στη συνέχεια καταθέσαμε μηνυτήρια αναφορά στην Εισαγγελία για παράβαση καθήκοντος.
Και αμέσως μετά αναφέρθηκε στην παγίδευση του τηλεφώνου της.” Ήταν 23/11/21 οταν έλαβα ένα μήνυμα που έλεγε Κοριτσάκι μου θυμάσαι;Και είχε ένα link .Εγώ εκείνη την ώρα ήμουν στο γραφείο του δικηγόρου μου για να φτιάξουμε το υπόμνημα για την αναφορά που είχαμε καταθέσει και επρόκειτο να κατνομασουμε σε αυτό τον ίδιο τον Πρωθυπουργό ..Μου φαινόταν περίεργο το μήνυμα αλλά τότε δεν μπορούσε να πιστέψω ότι έλαβα μήνυμα με κακόβουλο λογισμικό μέχρι που ενημερώθηκαν από την Αρχή Προστασίας Προσωπικών Δεδομένων.”
Η ίδια και οι συνάδελφοι της όπως πρόσθεσε μετά την μετάταξη τους στην ΕΛΑΣ προσέφυγαν στη δικαιοσύνη και κέρδισαν το δικαστήριο,αλλά δεν έχει εφαρμοστεί η απόφαση.
Πρόεδρος:Είχατε ενημέρωση από την ΕΥΠ για την παρακολούθηση του κινητού σας;
Μάρτυρας:Έχω υποβάλει αίτημα ,αλλά δεν έχω λάβει απάντηση.Θςωεω ότι στη δική μου περίπτωση θα είχε επιλεγεί άλλος τρόπος παρακολούθησης μου.
Πρόεδρος:Τι θα μπορούσε και ποιος να μάθει;
Μάρτυρας:Παγιδεύτηκα.Εγω δεν είχα καμία εμπλοκή ούτε με πολιτικούς ,ούτε με κομματ.Οταν παγιδεύτηκα ήμουν στο γραφείο του δικηγόρου μου εν γνώσει της υπηρεσίας.Επειδη ξέρω τη λειτουργία του Pradator πιστεύω ότι ήθελε να να ακούσουν κάτι ή να έχουν πρόσβαση σε κάποιο αρχείο.
Πρόεδρος:Τους κατηγορουμενους του γνωρίζατε;
Μάρτυρας:Όχι.Ενημερώθηκα για τη σύνδεση τους με την εταιρεία και με τον λογισμικό με βάση όσα προέκυψαν από την έρευνα.Οι συνδέσεις των εταιρειών έχουν προκύψει σε απόλυτο βαθμό από τη δικογραφία .Η Ελλάδα χρησιμοποιήθηκε αντί της Κύπρου για την εξαγωγή του λογισμικού.Κατα τη γνώμη μου πιθανότητα να κρύφτηκε η δαπάνη μέσα σε νόμιμη δαπάνη για άλλη νόμιμη σύμβαση .
Πρόεδρος :Μπήκατε στον πειρασμό να ελέγξετε το κινητό σας ;
Μάρτυρας:Δεν υπάρχει κάποια εταιρεία στην Ελλάδα αν και θα έπρεπε να υπάρχει.
Εισαγγελέας:Σε αυτή τη διεύθυνση της ΕΥΠ πενήντα άνθρωποι τι κάνατε;
Μάρτυρας:Για πέντε μήνες δεν κάναμε τίποτα.Πηγαιναμε πίναμε καφέ και φεύγαμε.
Εισαγγελέας:Ποιοι πήγαιναν εκεί ,οι ανεπιθύμητοι!
Μάρτυρας:Ναι. Η βούληση της διοίκησης ήταν να αδειάσουν κάποιες θέσεις για να προσληφθούν κάποια άλλα άτομα .Δεν δικαιολογείται αλλιώς να μένουν οι θέσεις μας και να φεύγουμε εμείς.
Εισαγγελέας:Άλλοι συνάδελφοι σας έλαβαν τέτοια μήνυμα,;
Μάρτυρας:Ξέρω ότι σίγουρα μια ακόμα συνάδελφος.
“Εγώ παρολουθήθηκα γιατί καταθέσαμε τη μήνυση η οποία στρεφόταν ουσιαστικά σε βάρος κατά του πρωθυπουργού ” επανέλαβε η μάρτυρας ενώ αναφέρθηκε και στον τρόπο που έγιναν οι έρευνες που είχαν διεκπαιρεωτικό χαρακτήρα .
Η δίκη συνεχίζεται με την κατάθεση του πρώην υπουργού Χρήστου Σπίρτζη ο οποίος έχει δηλώσει παράσταση προς υποστήριξη της κατηγορίας και ς ήταν ένας από τα θύματα παρακολούθησης .",2025,11,3,13
2025-10-22 17:47:00,"Μετά την ολοκλήρωση της κατάθεσης του στη δίκη για το Predator ο Νίκος Ανδρουλάκης δήλωσε ότι ήταν εκεί για να υπερασπιστεί την ποιότητα της Δημοκρατίας στη χώρα.
«Κάποιοι, όμως, λείπουν. Κάποιοι που ήταν επίσης θύματα του Predator, αλλά επέλεξαν σήμερα να κάτσουν στα σπίτια τους. Έχουν χρέος να απολογηθούν στον ελληνικό λαό», προσέθεσε ο πρόεδρος του ΠΑΣΟΚ-ΚΙΝΑΛ.
Όπως σημείωσε «η Ελληνική Δημοκρατία πρέπει να λειτουργεί -όπως κάθε άλλο ευρωπαϊκό κράτος-, εύρυθμα. Δεν πρέπει να επιτρέψουμε ποτέ ξανά να λειτουργήσουν παρακρατικοί μηχανισμοί, οι οποίοι θα πλήξουν το κύρος των θεσμών και τα ανθρώπινα δικαιώματα».
Τόνισε ότι «το ΠΑΣΟΚ στέλνει ένα μήνυμα: θα πάμε αυτήν την υπόθεση μέχρι το τέλος. Μέχρι να πληρώσουν εκείνοι που έπαιξαν αυτό το παρασκηνιακό, βρώμικο και επικίνδυνο παιχνίδι εις βάρος της χώρας και της ποιότητας της Δημοκρατίας της».",2025,10,22,17
2025-08-24 18:27:00,"Μια νέα τεχνολογία υποκλοπής φέρνει στο προσκήνιο ανησυχίες για την ασφάλεια των τηλεφωνικών συνομιλιών. Ερευνητές του Πανεπιστημίου της Πενσυλβάνιας στις ΗΠΑ παρουσίασαν το σύστημα WirelessTap, το οποίο μπορεί να «ακούσει» συνομιλίες, χωρίς να χρησιμοποιήσει μικρόφωνο και χωρίς ο δράστης να χρειάζεται να πλησιάσει το κινητό τηλέφωνο του στόχου.
Η μέθοδος στηρίζεται στην παρατήρηση, ότι τα ακουστικά τωνκινητών τηλεφώνωνπαράγουν μικροσκοπικές δονήσεις όταν μεταδίδουν ήχο. Οι δονήσεις αυτές, που δεν γίνονται αντιληπτές από τον χρήστη, μπορούν να εντοπιστούν από αισθητήρες ραντάρ mmWave (77-81 GHz) ακόμη και από απόσταση μερικών μέτρων. Στη συνέχεια, τα δεδομένα αυτά αναλύονται με τεχνητή νοημοσύνη και μετατρέπονται σε αναγνωρίσιμη ομιλία.
Σύμφωνα με τη μελέτη, που δημοσιεύθηκε στην επιστημονική επιθεώρηση Proceedings of WiSec 2025, το WirelessTap πέτυχε ποσοστό αναγνώρισης λέξεων περίπου 60% σε απόσταση 50 εκατοστών, ενώ σε απόσταση τριών μέτρων η ακρίβεια μειώνεται αισθητά. Παρ’ όλα αυτά, η τεχνολογία δείχνει τι μπορεί να επιτευχθεί στο άμεσο μέλλον, θέτοντας σοβαρά ερωτήματα για την προστασία της ιδιωτικότητας.
Οι ερευνητές χρησιμοποίησαν μια προσαρμοσμένη έκδοση του μοντέλου αναγνώρισης φωνής Whisper της OpenAI, το οποίο μετέτρεψε τα θορυβώδη δεδομένα σε κείμενο. Όπως εξήγησε ο Σουριοντάι Μπασάκ, επικεφαλής της έρευνας, «αν καταγράψουμε αυτές τις δονήσεις με ραντάρ και χρησιμοποιήσουμε μηχανική μάθηση, μπορούμε να ανασυνθέσουμε συνομιλίες με βάση τα συμφραζόμενα».
Το ενδιαφέρον είναι ότι η συσκευή ραντάρ μπορεί να είναι τόσο μικρή ώστε να ενσωματωθεί σε καθημερινά αντικείμενα, όπως ένα στυλό, καθιστώντας την τεχνολογία ιδιαίτερα διακριτική. Σε αντίθεση με προηγούμενες προσπάθειες, που βασίζονταν σε ανοιχτή ακρόαση ή περιορισμένο λεξιλόγιο, το WirelessTap μπορεί να λειτουργήσει σε πιο ρεαλιστικές συνθήκες και να αποδώσει ευρύτερη γκάμα συνομιλιών.
Οι ερευνητές επισημαίνουν ότι προς το παρόν η τεχνολογία είναι σε πειραματικό στάδιο και δεν αποτελεί ολοκληρωμένο σύστημαυποκλοπής. Ωστόσο, το γεγονός ότι είναι τεχνικά εφικτή, έστω και με περιορισμούς, σημαίνει πως θα μπορούσε να αξιοποιηθεί από κακόβουλους φορείς ή σε πρακτικές κατασκοπείας. «Κατανοώντας τι είναι δυνατό, μπορούμε να ενημερώσουμε το κοινό για τους κινδύνους και να το προτρέψουμε να είναι πιο προσεκτικό σε ευαίσθητες συνομιλίες», τονίζει ο Μπασάκ.
Η έρευνα φέρνει στο φως τον αυξανόμενο ρόλο της τεχνητής νοημοσύνης στην παρακολούθηση και στην υποκλοπή πληροφοριών, αναδεικνύοντας για ακόμη μία φορά το πόσο ρευστά είναι τα όρια ανάμεσα στην τεχνολογική πρόοδο και στην απειλή για την ιδιωτικότητα. Φαίνεται πως δεν υπάρχουν όρια…",2025,8,24,18
2025-07-22 12:04:00,"Στο δικαστικό προσκήνιο επανέρχεται η υπόθεση τωντηλεφωνικώνυποκλοπώνκαθώς μετά την επ’ αόριστον αναβολή, για να μεταφραστούν μια σειρά από έγγραφα από την αγγλική στην ελληνική,η εκδίκαση της υπόθεσης προσδιορίστηκε για τις 24 Σεπτεμβρίουστο Β. Μονομελές Πλημμελειοδικείο της Αθήνας.
Όπως είναι γνωστό στο εδώλιο κάθονται μόνο για πλημμεληματικές πράξεις τέσσερις ιδιώτες, επιχειρηματίες καθώς για όλα τα υπόλοιπα σκέλη η δικογραφία έχει αρχειοθετηθεί προκαλώντας μάλιστα πολλαπλές αντιδράσεις.
Η εκδίκαση της υπόθεσης σε κάθε περίπτωση αναμένεται με ιδιαίτερο ενδιαφέρον καθώς θα είναι η πρώτη φορά που σε δημόσια διαδικασία μέσα από τις καταθέσεις δεκάδων μαρτύρων θα τεθούν στην κρίση της δικαιοσύνης όλες οι παράμετροι της σοβαρής αυτής υπόθεσης που πέρα από τις ποινικές της διαστάσεις, όπως εύστοχα έχουν παρατηρήσει νομικοί ακουμπά τον πυρήνα της λειτουργίας του κράτους δικαίου και συνδέεται άμεσα με τη λειτουργία της δημοκρατίας και την προστασία συνταγματικών δικαιωμάτων όπως αυτό της προστασίας του απορρήτου των επικοινωνιών.
Η δίκη αρχικά είχε προσδιοριστεί στις 5 Μαρτίου 2025αλλά μετά από διακοπή είχε τελικά αναβληθεί προκειμένου, όπως είχε ζητήσει η υπεράσπιση των κατηγορουμένων που δεν μιλούν την ελληνική γλώσσα, να μεταφραστούν μια σειρά από έγγραφα από τα αγγλικά ώστε να μην αποστερηθούν οι εντολείς του το δικαίωμα να γνωρίζουν ακριβώς γιατί δικάζονται. Αίτημα που αξίζει να σημειωθεί ότι τέθηκε για πρώτη φορά στο ακροατήριο. Τότε, το δικαστήριο είχε αναθέσει το μεταφραστικό έργο σε τέσσερις μεταφραστές και αρχικά η εκδίκαση της υπόθεσης είχε διακοπεί, αλλά τελικά αναβλήθηκε καθώς όπως έγινε γνωστό απαιτείτο περισσότερος χρόνος για να ολοκληρωθεί η μετάφραση των κρίσιμων εγγράφων.
Παρόντες στη δίκη αυτή θα είναι και αυτή τη φορά από τα έδρανα της υποστήριξης της κατηγορίας ο πρόεδρος τουΠΑΣΟΚ Νίκος Ανδρουλάκης,ο πρώην υπουργός Χρήστος Σπίρτζης και ο δημοσιογράφος Θανάσης Κουκάκης, οι οποίοι ήτανθύματα των τηλεφωνικών υποκλοπών,ενώ ο κατάλογος περιλαμβάνει περισσότερους από πενήντα μάρτυρες όπως πολιτικά πρόσωπα, ιδιώτες, δημοσιογράφους που με την έρευνα τους ανέδειξαν κρίσιμες πτυχές της υπόθεσης αλλά και τον πρώην πρόεδρο της Ανεξάρτητης Αρχής Διασφάλισης Απορρήτου Επικοινωνιών Χρήστο Ράμμο, ο οποίος στο πλαίσιο της εκπλήρωσης του θεσμικού του ρόλου είχε ερευνήσει σε βάθος την υπόθεση προκαλώντας μάλιστα αντιδράσεις σε πολιτικό επίπεδο.",2025,7,22,12
2025-02-11 14:28:00,"Με το σκεπτικό ότι η υπόθεση των τηλεφωνικών υποκλοπών διερευνήθηκε πλήρως από τη δικαιοσύνη, η Εισαγγελία του Αρείου Πάγου είπε όχι στο αίτημα του προέδρου του ΠΑΣΟΚ Νίκου Ανδρουλάκη και του δημοσιογράφου Θανάση Κουκάκη για ανάσυρση από το αρχείο των μηνύσεων τους με τις οποίες είχαν στραφεί σε βάρος του κρεοπώλη από την προπληρωμένη κάρτα του οποίου φέρεται να πληρώθηκαν τα μολυσμένα μηνύματα.
Σύμφωνα με πληροφορίες απορρίφθηκε από τον Αντιεισαγγελέα του Αρείου Πάγου, κ. Αχιλλέα Ζήση  το αίτημα των Νίκου Ανδρουλάκη και Θανάση Κουκάκη για ανάσυρση από το αρχείο και επανεξέταση των καταγγελιών τους κατά του υπαλλήλου σούπερ μάρκετ στην κατοχή του οποίου βρέθηκε η προπληρωμένη κάρτα, από την οποία εστάλησαν τα μολυσμένα μηνύματα.
Εισαγγελικές πηγές επισημαίνουν ότι οδηγήθηκαν σε αυτή την απόφαση γιατί  κρίθηκε  ότι η υπόθεση διερευνήθηκε πλήρως, όπως προκύπτει από το σύνολο των αποδεικτικών μέσων που συγκέντρωθηκαν και κυρίως από τις μαρτυρικές καταθέσεις των τεσσάρων τραπεζικών υπαλλήλων που εξετάστηκαν από τον κ. Ζήση.",2025,2,11,14
2025-01-29 11:12:00,"Στο αρχείο έθεσε ο αντεισαγγελέας του Αρείου Πάγου, Αχιλλέας Ζήσης, τις νέες μηνύσεις που είχαν καταθέσειγια τις τηλεφωνικές υποκλοπέςο πρόεδρος του ΠΑΣΟΚ -Κινήματος Αλλαγής Νίκος Ανδρουλάκης και ο δημοσιογράφος Θανάσης Κουκάκης.
Και οι δύο, οι οποίοι συμπεριλαμβάνονται στη λίστα των παρακολουθήσεων και από την πρώτη στιγμή είχαν στραφεί στη δικαιοσύνη ζητώντας την πλήρη διερεύνηση της υπόθεσης που αφορά πέρα από τις ποινικές της διαστάσεις τη λειτουργία του κράτους δικαίου και της δημοκρατίας, μετά την αρχειοθέτηση της κύριας δικογραφίας επανήλθαν στρεφόμενοι σε βάρος του προσώπου εκείνου – κρεοπώλη στο επάγγελμα – του οποίου η προπληρωμένη κάρτα φέρεται να χρησιμοποιήθηκε για την αποστολή των «μολυσμένων» μηνυμάτων.
Ο ανώτατος εισαγγελικός λειτουργός, ο οποίος εξέτασε ως μάρτυρα το μηνυόμενο πρόσωπο, στο συμπέρασμα του πολυσέλιδου πορίσματός του, με το οποίο αρχειοθετεί τις μηνύσεις , επισημαίνει – μεταξύ άλλων – ότι το συγκεκριμένο πρόσωπο είναι ένας υπάλληλος σούπερ μάρκετ, δηλαδή ένας βιοπαλαιστής που κατά την κρίση του «δεν έχει ουδεμία σχέση με τα καταγγελλόμενα, αφού τρίτος έκανε χρήση της κάρτας».
Περαιτέρω, ο ανώτατος εισαγγελέας καταλήγει στο συμπέρασμα ότι το μηνυόμενο πρόσωπο δεν προέκυψε να έχει καμία σχέση με τις εταιρείες Ιntelexa, Κrikel για τους εκπροσώπους των οποίων εκκρεμούν κατηγορίες για παραβίαση απορρήτου τηλεφωνιών, αλλά ούτε προκύπτει και κάποια σχέση του προσώπου αυτού με οποιοδήποτε πρόσωπο στην ΕΥΠ.
Στο πλαίσιο της προκαταρκτικής εξέτασης που διενήργησε ο εισαγγελέας μετά από τις μηνύσεις του Νίκου Ανδρουλάκη και του Θανάση Κουκάκη εξετάστηκαν μάρτυρες τραπεζικοί υπάλληλοι αλλά και ο ίδιος ο μηνυόμενος.
Σύμφωνα με όσα προέκυψαν από την έρευνα που διενήργησε αρμόδιος υπάλληλος της τράπεζας στο σύστημα καρτών, η φόρτιση της συγκεκριμένης κάρτας με το ποσό των 500€ έγινε σε ΑΤΜ στην περιοχή της Αγίας Παρασκευής.
Από το ηλεκτρονικό σύστημα της τράπεζας προέκυψε ότι έγινε με χρήση pin και όχι μεταφορά χρημάτων από καταθετικό λογαριασμό του κατόχου.
Σύμφωνα με την μάρτυρα ο καταθέτης είναι άγνωστο πρόσωπο, εκτός εάν υπήρχε βιντεοληπτικό υλικό που θα απεικόνιζε τον ίδιο την ημερομηνία και την ώρα κατάθεσης το οποίο όμως μετά από δύο μήνες καταστρέφεται.
Επικαλούμενη την εμπειρία της από άλλες περιπτώσεις δεν είναι εφικτή η αναγνώριση αυτών των προσώπων ενόψει του ότι καλύπτουν το πρόσωπό τους με αντικείμενα.
Ο μηνυόμενος , όπως προέκυψε παρέλαβε την κάρτα που είχε χάσει μέσα σε κλειστό φάκελο και αυτή ήταν ανενεργή δηλαδή χωρίς τον κωδικό pin.
Δεν έδωσε ιδιαίτερη σημασία όπως ανέφερε γιατί δεν τον ενδιέφερε ενώ δεν είχε καμία αμφιβολία ότι η δικιά του προπληρωμένη κάρτα που χάθηκε από αυτόν χωρίς να είναι ενεργοποιημένη με κωδικό pin χρησιμοποιήθηκε από τρίτο πρόσωπο προφανώς όταν ενεργοποίησε με δικό του pin το οποίο δέχτηκε η κάρτα ενώ στη συνέχεια έβαλε και το δικό του επώνυμο για να τον εμπλέξει.
Ισχυρίζεται ότι δεν έχει καμία σχέση και δεν γνωρίζει ούτε ποιος κατέθεσε το παραπάνω ποσό ούτε ποιος απέστειλε τα σχετικά μηνύματα .
Τέλος αξίζει να σημειωθεί ότι ο ανώτατος εισαγγελέας σε άλλο σημείο του πορίσματος του επισημαίνει ότι όλα τα θύματα των υποκλοπών ειδοποιήθηκαν με συστημένη επιστολή από την Αρχή Προστασίας Δεδομένων Προσωπικού Χαρακτήρα και πως εναπόκειται στη δική τους διακριτική ευχέρεια να υποβάλουν ή όχι εγκλήσεις αφού επρόκειτο κυρίως για προσβολές του ατομικού απορρήτου και της επικοινωνίας τους και παράνομη πρόσβαση σε συστήματα πληροφοριών ή σε δεδομένα τους.
Επιπλέον, κατά τον εισαγγελέα δεν συντρέχει εφαρμογή των διατάξεων του ποινικού κώδικα που επικαλούνται οι μηνυτές για τα αδικήματα της κατασκοπίας αλλά και της παραβίασης απορρήτου τηλεφωνικών επικοινωνιών σε βαθμό κακουργήματος.
Σημειώνει δε χαρακτηριστικά ότι αναγκαία προϋπόθεση είναι να προκληθεί πράγματι κίνδυνος για την ελεύθερη λειτουργία του δημοκρατικού πολιτεύματος ή για την εθνική ασφάλεια κάτι που αναντίρρητα δεν προέκυψε από το πλούσιο αποδεικτικό υλικό της προκαταρκτικής εξέτασης παρά τα αντιθέτως υποστηριζόμενα από τους μηνυτές",2025,1,29,11
